SET NAMES utf8;

INSERT INTO `ad_advertisments` (`id`, `category_id`, `created_date`, `title`, `description`, `price`, `name`, `phone`, `email`) VALUES ('1', '34', '13.09.2013', 'Авто1', 'Сборка ФРГ,без пневмы и без турбины.Состояние отличное как внешнее,так и техническое.По двигателю,ходовке,коробке,кузову все в отличном состоянии.Ошибок в электрике нет.Авто немецкой сборки без манитора и наваротов.Расход по трассе 10л.100км,город 16л.100км.Был проверен в порше центре на Риге недочетов нет.Без торга.Продаю в связи с лишением прав.АВТО С ИСТОРИЕЙ ЭКСПЛУАТАЦИИ ПО ГОДАМ,ПРОБЕГ НЕ КРУТИЛИ.ЦЕНА', '430000', 'Елизавета Григорьевна', '8 (197) 552 52 63', 'test@test.com');
INSERT INTO `ad_advertisments` (`id`, `category_id`, `created_date`, `title`, `description`, `price`, `name`, `phone`, `email`) VALUES ('2', '34', '13.09.2013', 'Авто2', 'Сборка ФРГ,без пневмы и без турбины.Состояние отличное как внешнее,так и техническое.По двигателю,ходовке,коробке,кузову все в отличном состоянии.Ошибок в электрике нет.Авто немецкой сборки без манитора и наваротов.Расход по трассе 10л.100км,город 16л.100км.Был проверен в порше центре на Риге недочетов нет.Без торга.Продаю в связи с лишением прав.АВТО С ИСТОРИЕЙ ЭКСПЛУАТАЦИИ ПО ГОДАМ,ПРОБЕГ НЕ КРУТИЛИ.ЦЕНА', '380000', 'Елизавета Григорьевна', '8 (197) 552 52 63', 'test@test.com');
INSERT INTO `ad_advertisments` (`id`, `category_id`, `created_date`, `title`, `description`, `price`, `name`, `phone`, `email`) VALUES ('3', '34', '13.09.2013', 'Авто3', 'Сборка ФРГ,без пневмы и без турбины.Состояние отличное как внешнее,так и техническое.По двигателю,ходовке,коробке,кузову все в отличном состоянии.Ошибок в электрике нет.Авто немецкой сборки без манитора и наваротов.Расход по трассе 10л.100км,город 16л.100км.Был проверен в порше центре на Риге недочетов нет.Без торга.Продаю в связи с лишением прав.АВТО С ИСТОРИЕЙ ЭКСПЛУАТАЦИИ ПО ГОДАМ,ПРОБЕГ НЕ КРУТИЛИ.ЦЕНА', '260000', 'Елизавета Григорьевна', '8 (197) 552 52 63', 'test@test.com');
INSERT INTO `ad_advertisments` (`id`, `category_id`, `created_date`, `title`, `description`, `price`, `name`, `phone`, `email`) VALUES ('4', '34', '13.09.2013', 'Авто4', 'Сборка ФРГ,без пневмы и без турбины.Состояние отличное как внешнее,так и техническое.По двигателю,ходовке,коробке,кузову все в отличном состоянии.Ошибок в электрике нет.Авто немецкой сборки без манитора и наваротов.Расход по трассе 10л.100км,город 16л.100км.Был проверен в порше центре на Риге недочетов нет.Без торга.Продаю в связи с лишением прав.АВТО С ИСТОРИЕЙ ЭКСПЛУАТАЦИИ ПО ГОДАМ,ПРОБЕГ НЕ КРУТИЛИ.ЦЕНА', '315000', 'Елизавета Григорьевна', '8 (197) 552 52 63', 'test@test.com');
INSERT INTO `ad_advertisments` (`id`, `category_id`, `created_date`, `title`, `description`, `price`, `name`, `phone`, `email`) VALUES ('5', '34', '13.09.2013', 'Авто5', 'Сборка ФРГ,без пневмы и без турбины.Состояние отличное как внешнее,так и техническое.По двигателю,ходовке,коробке,кузову все в отличном состоянии.Ошибок в электрике нет.Авто немецкой сборки без манитора и наваротов.Расход по трассе 10л.100км,город 16л.100км.Был проверен в порше центре на Риге недочетов нет.Без торга.Продаю в связи с лишением прав.АВТО С ИСТОРИЕЙ ЭКСПЛУАТАЦИИ ПО ГОДАМ,ПРОБЕГ НЕ КРУТИЛИ.ЦЕНА', '275000', 'Елизавета Григорьевна', '8 (197) 552 52 63', 'test@test.com');
INSERT INTO `ad_advertisments` (`id`, `category_id`, `created_date`, `title`, `description`, `price`, `name`, `phone`, `email`) VALUES ('6', '34', '13.09.2013', 'Авто6', 'Сборка ФРГ,без пневмы и без турбины.Состояние отличное как внешнее,так и техническое.По двигателю,ходовке,коробке,кузову все в отличном состоянии.Ошибок в электрике нет.Авто немецкой сборки без манитора и наваротов.Расход по трассе 10л.100км,город 16л.100км.Был проверен в порше центре на Риге недочетов нет.Без торга.Продаю в связи с лишением прав.АВТО С ИСТОРИЕЙ ЭКСПЛУАТАЦИИ ПО ГОДАМ,ПРОБЕГ НЕ КРУТИЛИ.ЦЕНА', '1100000', 'Елизавета Григорьевна', '8 (197) 552 52 63', 'test@test.com');

INSERT INTO `ad_advertisments` (`id`, `category_id`, `created_date`, `title`, `description`, `price`, `name`, `phone`, `email`) VALUES ('7', '14', '10.09.2013', 'Квартира1', 'Уютная квартира-студия в центре города', '1780000', 'Алексей Петрович', '8 (191) 111 22 63', 'test@test.com');
INSERT INTO `ad_advertisments` (`id`, `category_id`, `created_date`, `title`, `description`, `price`, `name`, `phone`, `email`) VALUES ('8', '14', '10.09.2013', 'Квартира2', '2-х комнатная квартира в спальном районе города', '3700000', 'Алексей Петрович', '8 (191) 111 22 63', 'test@test.com');

INSERT INTO `ad_field_descriptions` (`id`, `title`, `ad_category_id`) VALUES ('1', 'Тип предложения', '4');
INSERT INTO `ad_field_descriptions` (`id`, `title`, `ad_category_id`) VALUES ('2', 'Марка', '4');
INSERT INTO `ad_field_descriptions` (`id`, `title`, `ad_category_id`) VALUES ('3', 'Модель', '4');
INSERT INTO `ad_field_descriptions` (`id`, `title`, `ad_category_id`) VALUES ('4', 'Год выпуска', '4');
INSERT INTO `ad_field_descriptions` (`id`, `title`, `ad_category_id`) VALUES ('5', 'Состояние', '4');
INSERT INTO `ad_field_descriptions` (`id`, `title`, `ad_category_id`) VALUES ('6', 'Пробег (тыс. км.)', '34');
INSERT INTO `ad_field_descriptions` (`id`, `title`, `ad_category_id`) VALUES ('7', 'Мощность (л.с.)', '34');
INSERT INTO `ad_field_descriptions` (`id`, `title`, `ad_category_id`) VALUES ('8', 'КПП', '34');

INSERT INTO `ad_field_descriptions` (`id`, `title`, `ad_category_id`) VALUES ('9', 'Тип предложения', '1');
INSERT INTO `ad_field_descriptions` (`id`, `title`, `ad_category_id`) VALUES ('10', 'Расположение', '1');
INSERT INTO `ad_field_descriptions` (`id`, `title`, `ad_category_id`) VALUES ('11', 'Площадь (кв. м.)', '1');
INSERT INTO `ad_field_descriptions` (`id`, `title`, `ad_category_id`) VALUES ('12', 'Тип', '14');
INSERT INTO `ad_field_descriptions` (`id`, `title`, `ad_category_id`) VALUES ('13', 'Тип дома', '14');
INSERT INTO `ad_field_descriptions` (`id`, `title`, `ad_category_id`) VALUES ('14', 'Комнаты', '14');

INSERT INTO `ad_lookup_values` (`id`, `description_id`, `value`) VALUES ('1', '1', 'Куплю');
INSERT INTO `ad_lookup_values` (`id`, `description_id`, `value`) VALUES ('2', '1', 'Продам');
INSERT INTO `ad_lookup_values` (`id`, `description_id`, `value`) VALUES ('3', '1', 'Обменяю');
INSERT INTO `ad_lookup_values` (`id`, `description_id`, `value`) VALUES ('4', '1', 'Даром');
INSERT INTO `ad_lookup_values` (`id`, `description_id`, `value`) VALUES ('5', '1', 'Аренда');
INSERT INTO `ad_lookup_values` (`id`, `description_id`, `value`) VALUES ('6', '5', 'Среднее');
INSERT INTO `ad_lookup_values` (`id`, `description_id`, `value`) VALUES ('7', '5', 'Требует ремонта');
INSERT INTO `ad_lookup_values` (`id`, `description_id`, `value`) VALUES ('8', '5', 'Хорошее');
INSERT INTO `ad_lookup_values` (`id`, `description_id`, `value`) VALUES ('9', '5', 'Отличное');
INSERT INTO `ad_lookup_values` (`id`, `description_id`, `value`) VALUES ('10', '8', 'Автоматическая');
INSERT INTO `ad_lookup_values` (`id`, `description_id`, `value`) VALUES ('11', '8', 'Вариатор');
INSERT INTO `ad_lookup_values` (`id`, `description_id`, `value`) VALUES ('12', '8', 'Механическая');
INSERT INTO `ad_lookup_values` (`id`, `description_id`, `value`) VALUES ('13', '8', 'Роботизированная');
INSERT INTO `ad_lookup_values` (`id`, `description_id`, `value`) VALUES ('14', '9', 'Аренда (длительный срок)');
INSERT INTO `ad_lookup_values` (`id`, `description_id`, `value`) VALUES ('15', '9', 'Аренда (посуточно)');
INSERT INTO `ad_lookup_values` (`id`, `description_id`, `value`) VALUES ('16', '9', 'Покупка');
INSERT INTO `ad_lookup_values` (`id`, `description_id`, `value`) VALUES ('17', '9', 'Продажа');
INSERT INTO `ad_lookup_values` (`id`, `description_id`, `value`) VALUES ('18', '12', 'Новостройка');
INSERT INTO `ad_lookup_values` (`id`, `description_id`, `value`) VALUES ('19', '12', 'Вторичное жилье');
INSERT INTO `ad_lookup_values` (`id`, `description_id`, `value`) VALUES ('20', '13', 'Монолит');
INSERT INTO `ad_lookup_values` (`id`, `description_id`, `value`) VALUES ('21', '13', 'Панельный');
INSERT INTO `ad_lookup_values` (`id`, `description_id`, `value`) VALUES ('22', '13', 'Ульяновка');
INSERT INTO `ad_lookup_values` (`id`, `description_id`, `value`) VALUES ('23', '13', '95 серия');
INSERT INTO `ad_lookup_values` (`id`, `description_id`, `value`) VALUES ('24', '14', 'Студия');
INSERT INTO `ad_lookup_values` (`id`, `description_id`, `value`) VALUES ('25', '14', '1 комнатная');
INSERT INTO `ad_lookup_values` (`id`, `description_id`, `value`) VALUES ('26', '14', '2-х комнатная');
INSERT INTO `ad_lookup_values` (`id`, `description_id`, `value`) VALUES ('27', '14', '3-х комнатная');
INSERT INTO `ad_lookup_values` (`id`, `description_id`, `value`) VALUES ('28', '14', '4-х комнатная');

INSERT INTO `ad_fields` (`ad_id`, `description_id`, `value_id`) VALUES ('1', '1', '2');
INSERT INTO `ad_fields` (`ad_id`, `description_id`, `value`) VALUES ('1', '2', 'Авто1');
INSERT INTO `ad_fields` (`ad_id`, `description_id`, `value`) VALUES ('1', '3', 'C5');
INSERT INTO `ad_fields` (`ad_id`, `description_id`, `value`) VALUES ('1', '4', '2008');
INSERT INTO `ad_fields` (`ad_id`, `description_id`, `value_id`) VALUES ('1', '5', '8');
INSERT INTO `ad_fields` (`ad_id`, `description_id`, `value`) VALUES ('1', '6', '101000');
INSERT INTO `ad_fields` (`ad_id`, `description_id`, `value`) VALUES ('1', '7', '107');
INSERT INTO `ad_fields` (`ad_id`, `description_id`, `value_id`) VALUES ('1', '8', '10');

INSERT INTO `ad_fields` (`ad_id`, `description_id`, `value_id`) VALUES ('2', '1', '1');
INSERT INTO `ad_fields` (`ad_id`, `description_id`, `value`) VALUES ('2', '2', 'Авто2');
INSERT INTO `ad_fields` (`ad_id`, `description_id`, `value`) VALUES ('2', '3', 'FX3');
INSERT INTO `ad_fields` (`ad_id`, `description_id`, `value`) VALUES ('2', '4', '2010');
INSERT INTO `ad_fields` (`ad_id`, `description_id`, `value_id`) VALUES ('2', '5', '8');
INSERT INTO `ad_fields` (`ad_id`, `description_id`, `value`) VALUES ('2', '6', '60000');
INSERT INTO `ad_fields` (`ad_id`, `description_id`, `value`) VALUES ('2', '7', '112');
INSERT INTO `ad_fields` (`ad_id`, `description_id`, `value_id`) VALUES ('2', '8', '10');

INSERT INTO `ad_fields` (`ad_id`, `description_id`, `value_id`) VALUES ('3', '1', '2');
INSERT INTO `ad_fields` (`ad_id`, `description_id`, `value`) VALUES ('3', '2', 'Авто3');
INSERT INTO `ad_fields` (`ad_id`, `description_id`, `value`) VALUES ('3', '3', 'A4');
INSERT INTO `ad_fields` (`ad_id`, `description_id`, `value`) VALUES ('3', '4', '2009');
INSERT INTO `ad_fields` (`ad_id`, `description_id`, `value_id`) VALUES ('3', '5', '8');
INSERT INTO `ad_fields` (`ad_id`, `description_id`, `value`) VALUES ('3', '6', '95000');
INSERT INTO `ad_fields` (`ad_id`, `description_id`, `value`) VALUES ('3', '7', '90');
INSERT INTO `ad_fields` (`ad_id`, `description_id`, `value_id`) VALUES ('3', '8', '12');

INSERT INTO `ad_fields` (`ad_id`, `description_id`, `value_id`) VALUES ('4', '1', '2');
INSERT INTO `ad_fields` (`ad_id`, `description_id`, `value`) VALUES ('4', '2', 'Авто4');
INSERT INTO `ad_fields` (`ad_id`, `description_id`, `value`) VALUES ('4', '3', 'BC7');
INSERT INTO `ad_fields` (`ad_id`, `description_id`, `value`) VALUES ('4', '4', '2004');
INSERT INTO `ad_fields` (`ad_id`, `description_id`, `value_id`) VALUES ('4', '5', '9');
INSERT INTO `ad_fields` (`ad_id`, `description_id`, `value`) VALUES ('4', '6', '120000');
INSERT INTO `ad_fields` (`ad_id`, `description_id`, `value`) VALUES ('4', '7', '130');
INSERT INTO `ad_fields` (`ad_id`, `description_id`, `value_id`) VALUES ('4', '8', '12');

INSERT INTO `ad_fields` (`ad_id`, `description_id`, `value_id`) VALUES ('5', '1', '2');
INSERT INTO `ad_fields` (`ad_id`, `description_id`, `value`) VALUES ('5', '2', 'Авто5');
INSERT INTO `ad_fields` (`ad_id`, `description_id`, `value`) VALUES ('5', '3', 'X3');
INSERT INTO `ad_fields` (`ad_id`, `description_id`, `value`) VALUES ('5', '4', '2012');
INSERT INTO `ad_fields` (`ad_id`, `description_id`, `value_id`) VALUES ('5', '5', '9');
INSERT INTO `ad_fields` (`ad_id`, `description_id`, `value`) VALUES ('5', '6', '45000');
INSERT INTO `ad_fields` (`ad_id`, `description_id`, `value`) VALUES ('5', '7', '115');
INSERT INTO `ad_fields` (`ad_id`, `description_id`, `value_id`) VALUES ('5', '8', '10');

INSERT INTO `ad_fields` (`ad_id`, `description_id`, `value_id`) VALUES ('6', '1', '2');
INSERT INTO `ad_fields` (`ad_id`, `description_id`, `value`) VALUES ('6', '2', 'Авто6');
INSERT INTO `ad_fields` (`ad_id`, `description_id`, `value`) VALUES ('6', '3', 'F1');
INSERT INTO `ad_fields` (`ad_id`, `description_id`, `value`) VALUES ('6', '4', '2012');
INSERT INTO `ad_fields` (`ad_id`, `description_id`, `value_id`) VALUES ('6', '5', '9');
INSERT INTO `ad_fields` (`ad_id`, `description_id`, `value`) VALUES ('6', '6', '20000');
INSERT INTO `ad_fields` (`ad_id`, `description_id`, `value`) VALUES ('6', '7', '320');
INSERT INTO `ad_fields` (`ad_id`, `description_id`, `value_id`) VALUES ('6', '8', '10');

INSERT INTO `ad_fields` (`ad_id`, `description_id`, `value_id`) VALUES ('7', '9', '17');
INSERT INTO `ad_fields` (`ad_id`, `description_id`, `value`) VALUES ('7', '10', 'ул. Воскресенская, д. 100');
INSERT INTO `ad_fields` (`ad_id`, `description_id`, `value`) VALUES ('7', '11', '30.20');
INSERT INTO `ad_fields` (`ad_id`, `description_id`, `value_id`) VALUES ('7', '12', '18');
INSERT INTO `ad_fields` (`ad_id`, `description_id`, `value_id`) VALUES ('7', '13', '20');
INSERT INTO `ad_fields` (`ad_id`, `description_id`, `value_id`) VALUES ('7', '14', '24');

INSERT INTO `ad_fields` (`ad_id`, `description_id`, `value_id`) VALUES ('8', '9', '17');
INSERT INTO `ad_fields` (`ad_id`, `description_id`, `value`) VALUES ('8', '10', 'ул. Дачная, д. 49');
INSERT INTO `ad_fields` (`ad_id`, `description_id`, `value`) VALUES ('8', '11', '49');
INSERT INTO `ad_fields` (`ad_id`, `description_id`, `value_id`) VALUES ('8', '12', '19');
INSERT INTO `ad_fields` (`ad_id`, `description_id`, `value_id`) VALUES ('8', '13', '23');
INSERT INTO `ad_fields` (`ad_id`, `description_id`, `value_id`) VALUES ('8', '14', '26');

INSERT INTO `ad_photos` (`ad_id`, `preview`, `photo`, `create_date`) VALUES ('1', 'advert1_small.jpg', 'advert1.jpg', '2013-09-13 09:00:00');
INSERT INTO `ad_photos` (`ad_id`, `preview`, `photo`, `create_date`) VALUES ('2', 'advert2_small.jpg', 'advert2.jpg', '2013-09-13 09:00:00');
INSERT INTO `ad_photos` (`ad_id`, `preview`, `photo`, `create_date`) VALUES ('3', 'advert3_small.jpg', 'advert3.jpg', '2013-09-13 09:00:00');
INSERT INTO `ad_photos` (`ad_id`, `preview`, `photo`, `create_date`) VALUES ('4', 'advert4_small.jpg', 'advert4.jpg', '2013-09-13 09:00:00');
INSERT INTO `ad_photos` (`ad_id`, `preview`, `photo`, `create_date`) VALUES ('5', 'advert5_small.jpg', 'advert5.jpg', '2013-09-13 09:00:00');
INSERT INTO `ad_photos` (`ad_id`, `preview`, `photo`, `create_date`) VALUES ('6', 'advert6_small.jpg', 'advert6.jpg', '2013-09-13 09:00:00');
INSERT INTO `ad_photos` (`ad_id`, `preview`, `photo`, `create_date`) VALUES ('7', 'advert7_small.jpg', 'advert7.jpg', '2013-09-13 09:00:00');
INSERT INTO `ad_photos` (`ad_id`, `preview`, `photo`, `create_date`) VALUES ('8', 'advert8_small.jpg', 'advert8.jpg', '2013-09-13 09:00:00');




