-- MySQL dump 10.13  Distrib 5.5.29, for Win64 (x86)
--
-- Host: localhost    Database: smolensk
-- ------------------------------------------------------
-- Server version	5.5.29

/*!40101 SET @OLD_CHARACTER_SET_CLIENT=@@CHARACTER_SET_CLIENT */;
/*!40101 SET @OLD_CHARACTER_SET_RESULTS=@@CHARACTER_SET_RESULTS */;
/*!40101 SET @OLD_COLLATION_CONNECTION=@@COLLATION_CONNECTION */;
/*!40101 SET NAMES utf8 */;
/*!40103 SET @OLD_TIME_ZONE=@@TIME_ZONE */;
/*!40103 SET TIME_ZONE='+00:00' */;
/*!40014 SET @OLD_UNIQUE_CHECKS=@@UNIQUE_CHECKS, UNIQUE_CHECKS=0 */;
/*!40014 SET @OLD_FOREIGN_KEY_CHECKS=@@FOREIGN_KEY_CHECKS, FOREIGN_KEY_CHECKS=0 */;
/*!40101 SET @OLD_SQL_MODE=@@SQL_MODE, SQL_MODE='NO_AUTO_VALUE_ON_ZERO' */;
/*!40111 SET @OLD_SQL_NOTES=@@SQL_NOTES, SQL_NOTES=0 */;

--
-- Table structure for table `account_roles`
--

DROP TABLE IF EXISTS `account_roles`;
/*!40101 SET @saved_cs_client     = @@character_set_client */;
/*!40101 SET character_set_client = utf8 */;
CREATE TABLE `account_roles` (
  `id` bigint(20) NOT NULL AUTO_INCREMENT,
  `name` varchar(60) DEFAULT NULL,
  PRIMARY KEY (`id`)
) ENGINE=InnoDB AUTO_INCREMENT=6 DEFAULT CHARSET=utf8 COMMENT='Available roles for user accounts';
/*!40101 SET character_set_client = @saved_cs_client */;

--
-- Dumping data for table `account_roles`
--

LOCK TABLES `account_roles` WRITE;
/*!40000 ALTER TABLE `account_roles` DISABLE KEYS */;
INSERT INTO `account_roles` VALUES (1,'Зарегистрированный пользователь'),(2,'Корректор'),(3,'Редактор'),(4,'Модератор'),(5,'Администратор');
/*!40000 ALTER TABLE `account_roles` ENABLE KEYS */;
UNLOCK TABLES;

--
-- Table structure for table `accounts`
--

DROP TABLE IF EXISTS `accounts`;
/*!40101 SET @saved_cs_client     = @@character_set_client */;
/*!40101 SET character_set_client = utf8 */;
CREATE TABLE `accounts` (
  `id` bigint(20) NOT NULL AUTO_INCREMENT,
  `email` varchar(60) NOT NULL,
  `firstname` varchar(48) DEFAULT NULL,
  `lastname` varchar(80) DEFAULT NULL,
  `avatar` varchar(50) DEFAULT NULL,
  `role_id` bigint(20) DEFAULT NULL,
  `created` datetime DEFAULT NULL,
  `password` varchar(32) NOT NULL DEFAULT '',
  `salt` varchar(36) NOT NULL DEFAULT '',
  `activation_guid` varchar(36) DEFAULT NULL,
  `lastlogin` datetime DEFAULT NULL,
  `rememberpass_guid` varchar(36) DEFAULT NULL,
  `website` varchar(255) DEFAULT NULL,
  `company` varchar(255) DEFAULT NULL,
  `company_account_id` bigint(20) DEFAULT NULL,
  `address` text,
  `description` text,
  `facebook_id` varchar(40) DEFAULT NULL,
  `vk_id` varchar(40) DEFAULT NULL,
  `google_id` varchar(40) DEFAULT NULL,
  `is_male` bit(1) DEFAULT b'0',
  `birthdate` datetime DEFAULT NULL,
  `secondname` varchar(80) DEFAULT NULL,
  `career` varchar(80) DEFAULT NULL,
  `comments_count` int(11) DEFAULT '0',
  `has_photoprofile` bit(1) DEFAULT b'0',
  `hide_birthdate` bit(1) DEFAULT b'0',
  PRIMARY KEY (`id`)
) ENGINE=InnoDB AUTO_INCREMENT=28 DEFAULT CHARSET=utf8 COMMENT='Table for portal user accounts';
/*!40101 SET character_set_client = @saved_cs_client */;

--
-- Dumping data for table `accounts`
--

LOCK TABLES `accounts` WRITE;
/*!40000 ALTER TABLE `accounts` DISABLE KEYS */;
INSERT INTO `accounts` VALUES (1,'seavan@etcetera.ws','Самвел','Аванесов',NULL,0,'2013-06-27 09:00:00','7d586415281c5e0e20e6d58ceccf6395','',NULL,NULL,NULL,NULL,NULL,NULL,NULL,NULL,NULL,NULL,NULL,'\0',NULL,NULL,NULL,0,'\0','\0'),(2,'khlas@yandex.ru','Александр','Прохоров',NULL,2,'2013-06-26 14:00:00','b49f033ad6234c2d79d1afbc4dd99c62','944df959-22c1-407b-b018-49efba911b42',NULL,NULL,'00000000-0000-0000-0000-000000000000',NULL,NULL,NULL,NULL,NULL,NULL,NULL,NULL,'','2013-07-11 00:00:00',NULL,'Технолог',4,'\0','\0'),(3,'annberuk@yandex.ru','Анна','Бирюкова',NULL,4,'2013-06-28 10:41:00','7d586415281c5e0e20e6d58ceccf6395','',NULL,NULL,NULL,NULL,NULL,NULL,NULL,NULL,NULL,NULL,NULL,'\0',NULL,NULL,NULL,0,'\0','\0'),(4,'photoman@yandex.ru','Иван','Иванов',NULL,1,'2013-08-01 09:00:00','7d586415281c5e0e20e6d58ceccf6395','',NULL,NULL,NULL,'smolportal.ru','ИвановФото',NULL,'Россия, Краснодарский край','Родился в Краснодарском крае. Работал на такие популярные журналы, как burda, мой дом, дизайны для дома. Основной жанр: пезажи и общие фото.',NULL,NULL,NULL,'\0',NULL,NULL,NULL,0,'\0','\0'),(5,'seavan@gmail.com','Samvel','Avanesov','52652ea7-1c96-4921-b0cc-bb704f842937',1,'2013-08-09 06:19:47','302940507415b24df6bd1101a78bfa9b','6ce17462-5637-4775-b0ef-a9e5ff437f44','00000000-0000-0000-0000-000000000000','1800-01-01 00:00:00','903dc38e-7215-4e95-9e9e-4e8b65641199','','',0,'','','100000297320164','','','\0',NULL,NULL,NULL,1,'\0','\0'),(6,'sea.van@gmail.com','Самвел','Аванесов','',1,'2013-08-09 07:02:38','5d1ec8e4b2cbe420056b2373c3286ece','529db7c8-769d-4507-92f6-6021a9d257ac','00000000-0000-0000-0000-000000000000','1800-01-01 00:00:00','00000000-0000-0000-0000-000000000000','','',0,'','','','','','\0',NULL,NULL,NULL,0,'\0','\0'),(7,'darkendimion@nm.ru','Евгений','Колосов','9a877790-0e71-4584-9955-e2139a08b5df',1,'2013-08-13 15:26:40','138b6da37d086c95520f227673fd2e3d','3731535d-7eaa-409f-a1f9-d982f9aa8671','00000000-0000-0000-0000-000000000000','1800-01-01 00:00:00','00000000-0000-0000-0000-000000000000','spb.ru','Ленин',0,'www','Разработчик портала','','','','','1986-01-25 00:00:00','Сергеевич','Программист',1,'','\0'),(8,'khlas@yandex.ru','Александр','Торбинский','',1,'2013-08-13 15:42:58','3498ae31e31cbe569eacc32972f881f7','aceb51e1-cd24-4b73-98a3-fd72cbdcd848','e320df8c-b125-430d-b4ae-5aa8bbc79e35','1800-01-01 00:00:00','00000000-0000-0000-0000-000000000000','','',0,'','','','','','\0',NULL,NULL,NULL,0,'\0','\0'),(9,'shelest777@yandex.ru','Александр','Торбинский','',1,'2013-08-14 12:25:22','f23c0db02b7456854e9e6689858779bd','9a3cbce4-8797-4e9d-8135-2a3180c6ded8','00000000-0000-0000-0000-000000000000','1800-01-01 00:00:00','00000000-0000-0000-0000-000000000000','','',0,'','','','','','\0',NULL,NULL,NULL,0,'\0','\0'),(10,'ann@etcetera.ws','Анна','Бирюкова','',1,'2013-08-15 20:21:12','3ae677546ea63e03d2d8d45caa2995d0','20236c0d-a06f-4f31-a766-8ec2099a73eb','00000000-0000-0000-0000-000000000000','1800-01-01 00:00:00','782952d9-712c-4a8a-b842-cfc5a617e4da','','',0,'','','','','','\0',NULL,NULL,NULL,0,'\0','\0'),(11,'lara83sh@mail.ru','Екатерина','Русинова','',1,'2013-08-26 12:55:34','9b0817ec5971f44899a871df6acbd5b9','7c2b4812-e24c-4a71-8c67-c056f9864a1a','00000000-0000-0000-0000-000000000000','1800-01-01 00:00:00','00000000-0000-0000-0000-000000000000','','',0,'','','','','','\0',NULL,NULL,NULL,0,'\0','\0'),(12,'shelest777@gmail.com','Егор','Летов','',1,'2013-09-10 13:39:29','9922debfb81e0f2195e27e8db6c56c75','9d3ade51-58d2-4265-9193-af36a0ac0d81','00000000-0000-0000-0000-000000000000','1800-01-01 00:00:00','00000000-0000-0000-0000-000000000000','','',0,'','','','','','',NULL,NULL,NULL,1,'\0','\0'),(13,'bankhitsite@gmail.com','Егор','Летов','',1,'2013-09-10 13:42:29','64adfc67cd77c143af1b2aa5e0c07006','d8e41fd9-0002-4353-9118-09c2ae8933ec','00000000-0000-0000-0000-000000000000','1800-01-01 00:00:00','00000000-0000-0000-0000-000000000000','','',0,'','','','','','\0',NULL,NULL,NULL,0,'\0','\0'),(14,'ann@etcetera.ws','Анна','Бирюкова','',1,'2013-09-15 22:25:44','6badadeecfc9dee876687839e06555ca','98241ded-0965-4727-9423-a885a64f71d8','40a9bee5-8dbb-49d7-bf22-408ee1941946','1800-01-01 00:00:00','00000000-0000-0000-0000-000000000000','','',0,'','','','','','\0',NULL,NULL,NULL,0,'\0','\0'),(17,'baragozz@mail.com','Тест','тестовый','',1,'2013-09-16 03:53:53','3229870262f6dddaaab23f1ae4f202dd','30a4d3da-aba1-4c5c-9f75-41bceb060e62','6307d889-da9a-4b3b-b63b-c5f022ff1931','1800-01-01 00:00:00','00000000-0000-0000-0000-000000000000','','',0,'','','','','','\0',NULL,NULL,NULL,0,'\0','\0'),(18,'countquid@hotmail.com','Johnny','Quid','da49acc5-9e82-4d1d-a109-74085ea510c2',1,'2013-09-18 11:07:32','2d0b93266ce7fdb4202ad15ecb7ef95d','31b55241-5925-4543-a647-221e3f1c5288','00000000-0000-0000-0000-000000000000','1800-01-01 00:00:00','00000000-0000-0000-0000-000000000000','','',0,'','','100004896640784','','','\0',NULL,NULL,'война',4,'\0','\0'),(19,'romadanilenkov@mail.ru','Роман','Даниленков','',5,'2013-09-18 14:00:00','281292','00000000-0000-0000-0000-000000000000','00000000-0000-0000-0000-000000000000','1800-01-01 00:00:00','00000000-0000-0000-0000-000000000000','','',0,'','','','','','\0',NULL,NULL,NULL,1,'\0','\0'),(20,'vzlomwik@yandex.ru','Надежда','Бегичева','',1,'2013-09-18 18:27:19','57821a9a56ef832c07834cf9b9eec840','ffb3ec4b-67f5-458a-80b6-2b0400c8acc1','00000000-0000-0000-0000-000000000000','1800-01-01 00:00:00','00000000-0000-0000-0000-000000000000','','',0,'','','','2758390','','\0',NULL,NULL,NULL,0,'\0','\0'),(21,'kaetana_b@mail.ru','Екатерина','Богуто','f449fbb3-6f0e-41ad-b21a-e7039851ad03',1,'2013-09-30 12:01:36','34a9121e9cfd02aa2b8c337140dd2f85','24a99f2d-6c56-4a63-b255-0a8c78b8f91d','00000000-0000-0000-0000-000000000000','1800-01-01 00:00:00','00000000-0000-0000-0000-000000000000','www.ленинград','прямые руки',0,'москва','я','','','','\0','2013-09-20 00:00:00','','менеджер',9,'','\0'),(22,'countquid@yahoo.com','ray','vincenzo','',1,'2013-10-04 15:25:39','ea3e8b6056b4e419e784b031df591304','97dac0a4-2713-4f41-95e8-fe8d59a7bd5e','7c70953b-2d31-42a8-9777-abbc6f7f0c49','1800-01-01 00:00:00','00000000-0000-0000-0000-000000000000','','',0,'','','','','','\0','1800-01-01 00:00:00','','',0,'\0','\0'),(23,'ra.biznesklass@yandex.ru','Ray','Vincenzo','',1,'2013-10-04 15:34:07','bbdde9d6cf26035f91a5376592501c48','316a2714-9a2f-4ee7-a61f-c417d45fd36a','00000000-0000-0000-0000-000000000000','1800-01-01 00:00:00','00000000-0000-0000-0000-000000000000','','',0,'','','','','','\0','1800-01-01 00:00:00','','',0,'\0','\0'),(24,'shelest777@gmail.com','Сергей','Семенов','',1,'2013-10-05 17:14:58','68f56eee00ce4719133da49ca02e4c8f','954fb2ea-2b90-4370-8c8e-9c95b9c46e56','523fcc68-aecd-4336-bdd4-c8b675beb206','1800-01-01 00:00:00','00000000-0000-0000-0000-000000000000','','',0,'','','','','','\0','1800-01-01 00:00:00','','',0,'\0','\0'),(25,'ivan@mail.ru','Иван','Иванов','',1,'2013-10-09 16:37:04','c0a55cea430569c2b132c00d4740a90c','a0e8137c-1922-43e8-92c0-5ee0f625a18f','202bac8a-9316-4d18-bd92-aff51bd3a13e','1800-01-01 00:00:00','00000000-0000-0000-0000-000000000000','','',0,'','','','','','\0','1800-01-01 00:00:00','','',0,'\0','\0'),(26,'imperium-metal@yandex.ru','Ольга','Левина','',1,'2013-10-22 23:29:44','192dbff663ca1b7622bd26b478d00626','c1548f43-0b3f-46c1-b298-360fef1649a7','00000000-0000-0000-0000-000000000000','1800-01-01 00:00:00','00000000-0000-0000-0000-000000000000','','',0,'','','','','','\0','1800-01-01 00:00:00','','',0,'\0','\0'),(27,'vorontsova88@yandex.ru','Ольга','Воронцова','',1,'2013-10-28 16:08:21','01d638f7d0ca11eed3a530a653da33f7','b0835e2f-c18b-4094-93d0-8341d2e48824','00000000-0000-0000-0000-000000000000','1800-01-01 00:00:00','00000000-0000-0000-0000-000000000000','','',0,'','','','','','\0','1800-01-01 00:00:00','','',0,'\0','\0');
/*!40000 ALTER TABLE `accounts` ENABLE KEYS */;
UNLOCK TABLES;

--
-- Table structure for table `accounts_favorites`
--

DROP TABLE IF EXISTS `accounts_favorites`;
/*!40101 SET @saved_cs_client     = @@character_set_client */;
/*!40101 SET character_set_client = utf8 */;
CREATE TABLE `accounts_favorites` (
  `id` bigint(20) NOT NULL AUTO_INCREMENT,
  `account_id` bigint(20) NOT NULL,
  `sale_id` bigint(20) DEFAULT NULL,
  `restaurant_id` bigint(20) DEFAULT NULL,
  `ad_id` bigint(20) DEFAULT NULL,
  `company_id` bigint(20) DEFAULT NULL,
  `vacancy_id` bigint(20) DEFAULT NULL,
  `resume_id` bigint(20) DEFAULT NULL,
  PRIMARY KEY (`id`)
) ENGINE=InnoDB AUTO_INCREMENT=29 DEFAULT CHARSET=utf8;
/*!40101 SET character_set_client = @saved_cs_client */;

--
-- Dumping data for table `accounts_favorites`
--

LOCK TABLES `accounts_favorites` WRITE;
/*!40000 ALTER TABLE `accounts_favorites` DISABLE KEYS */;
INSERT INTO `accounts_favorites` VALUES (1,21,0,NULL,NULL,6,0,NULL),(2,21,0,NULL,NULL,1,0,NULL),(4,21,0,NULL,NULL,2,0,NULL),(5,21,6,NULL,NULL,0,0,NULL),(6,21,0,NULL,7,0,0,NULL),(7,21,0,NULL,8,0,0,NULL),(12,21,0,NULL,12,0,0,0),(15,21,0,NULL,0,0,0,1),(18,21,0,NULL,14,0,0,0),(19,21,0,NULL,0,0,0,7),(20,21,0,NULL,0,0,0,8),(21,21,0,NULL,0,0,1,0),(22,21,0,NULL,0,0,0,10),(23,2,244,0,0,0,0,0),(24,2,0,0,0,0,0,9),(25,2,322,0,0,0,0,0),(27,21,0,2,0,0,0,0),(28,21,0,0,0,285,0,0);
/*!40000 ALTER TABLE `accounts_favorites` ENABLE KEYS */;
UNLOCK TABLES;

--
-- Table structure for table `action_categories`
--

DROP TABLE IF EXISTS `action_categories`;
/*!40101 SET @saved_cs_client     = @@character_set_client */;
/*!40101 SET character_set_client = utf8 */;
CREATE TABLE `action_categories` (
  `id` bigint(20) NOT NULL AUTO_INCREMENT,
  `title` varchar(100) NOT NULL,
  `order_id` int(11) DEFAULT '0',
  PRIMARY KEY (`id`)
) ENGINE=InnoDB AUTO_INCREMENT=13 DEFAULT CHARSET=utf8;
/*!40101 SET character_set_client = @saved_cs_client */;

--
-- Dumping data for table `action_categories`
--

LOCK TABLES `action_categories` WRITE;
/*!40000 ALTER TABLE `action_categories` DISABLE KEYS */;
INSERT INTO `action_categories` VALUES (1,'Кино',1),(2,'Театр',2),(3,'Концерты',3),(4,'Шоу',4),(5,'Рок',5),(6,'Выставки',6),(7,'Клубы',7),(8,'Встречи',8),(9,'Спорт',9),(10,'Детям',10),(11,'Прочее',11),(12,'Наука',12);
/*!40000 ALTER TABLE `action_categories` ENABLE KEYS */;
UNLOCK TABLES;

--
-- Table structure for table `actions`
--

DROP TABLE IF EXISTS `actions`;
/*!40101 SET @saved_cs_client     = @@character_set_client */;
/*!40101 SET character_set_client = utf8 */;
CREATE TABLE `actions` (
  `id` bigint(20) NOT NULL AUTO_INCREMENT,
  `title` varchar(245) DEFAULT NULL,
  `text` text,
  `publish_date` datetime DEFAULT NULL,
  `is_main` bit(1) DEFAULT b'0',
  `is_main_category` bit(1) DEFAULT b'0',
  `is_top` bit(1) DEFAULT b'0',
  `rating` int(11) DEFAULT '0',
  `age_limit` int(10) DEFAULT '0',
  `comment_count` int(11) DEFAULT '0',
  `participiants_count` int(11) DEFAULT '0',
  `category_id` bigint(20) NOT NULL,
  `account_id` bigint(20) DEFAULT NULL,
  `status` int(11) NOT NULL DEFAULT '0',
  `approve` bit(1) DEFAULT b'0',
  `delete` bit(1) DEFAULT b'0',
  `author` varchar(100) DEFAULT NULL,
  `producer` varchar(100) DEFAULT NULL,
  `statement` varchar(100) DEFAULT NULL,
  `lecturer` varchar(100) DEFAULT NULL,
  `performers` varchar(100) DEFAULT NULL,
  `country` varchar(100) DEFAULT NULL,
  `duration` int(10) DEFAULT NULL,
  `start_date` datetime DEFAULT NULL,
  `price_min` int(10) DEFAULT NULL,
  `price_max` int(10) DEFAULT NULL,
  `site` varchar(100) DEFAULT NULL,
  `google_link` varchar(100) DEFAULT NULL,
  `facebook_link` varchar(100) DEFAULT NULL,
  `twitter_link` varchar(100) DEFAULT NULL,
  `vk_link` varchar(100) DEFAULT NULL,
  `mail_link` varchar(100) DEFAULT NULL,
  `odnoklassniki_link` varchar(100) DEFAULT NULL,
  `coordinates` varchar(30) DEFAULT NULL,
  `map_title` varchar(60) DEFAULT NULL,
  `map_description` varchar(200) DEFAULT NULL,
  `image_for_main` varchar(100) DEFAULT NULL,
  PRIMARY KEY (`id`)
) ENGINE=InnoDB AUTO_INCREMENT=109 DEFAULT CHARSET=utf8;
/*!40101 SET character_set_client = @saved_cs_client */;

--
-- Dumping data for table `actions`
--

LOCK TABLES `actions` WRITE;
/*!40000 ALTER TABLE `actions` DISABLE KEYS */;
INSERT INTO `actions` VALUES (1,'ЙЦУКЕНГШ','ФЫВАПРОЛ','2013-10-29 10:00:00','','','',3,0,0,0,0,NULL,0,'\0','\0','','','','','','',0,'2013-10-29 10:00:00',13,14,'','','','','','','','','','',''),(2,'Малавита','<p>Что вы знаете о своих соседях? Особенно о тех, которые заявляются среди ночи… Так, однажды на тихой улочке провинциального французского городка поселился писатель по фамилии Блейк, со своим семейством и собакой Малавитой. На этом многовековое спокойствие города закончилось.</p><p>Почему сгорел местный супермаркет? Чем рискует медлительный водопроводчик? Что лежит в рюкзаке у милого парня в бежевых бриджах? Кто бы мог представить, что на самом деле мистер Блейк – бывший глава мафии, которого власти прячут здесь от преследования. И вот в городок приезжают люди «Коза Ностры»... Экранизация популярной одноименной комедии выдающегося современного писателя Тонино Бенаквисты. Тестовый текст</p>','2013-09-23 22:45:00','\0','\0','\0',5,18,0,0,1,NULL,1,'','\0','','Люк Бессон','','','Роберт Де Ниро, Мишель Пфайффер, Томми Ли Джонс, Дианна Агрон, Доменик Ломбардоззи','США, Франция',116,'2013-09-19 00:00:00',150,400,'','','','','','','','','','','s21.jpg'),(3,'Кавалер розы','<p>На исторической сцене Большого театра — опера эпохи венского сецессиона: </p><p>Композитор-модернист Рихард Штраус и драматург Гуго фон Гофмансталь привели в движение все слои венского общества, от авантюристов до графов, со вкусом высмеяли высший свет, заставили юношу переодеваться девушкой, а «кавалера розы» (проще говоря, свата) — самого стать женихом.</p><p>Инсценировал эту историю английский режиссер Стивен Лоулесс, бывший директор Глайндборнского фестиваля, а в главных партиях выступает приглашенная команда, одна из главных звезд которой — английский баритон Томас Аллен.</p>','2013-10-09 00:00:00','','\0','\0',5,16,0,0,3,NULL,1,'','\0','','Стивен Лоулесс','Большой театр','','Иванов И.И., Петрова А.Ф., Куров А.И., Васин А.П.','Россия',120,'2012-10-12 00:00:00',100,1500,'www.site.ru','www.google_link.com','','www.twitter_link.com','','','','32.042354,54.822873','Кавалер розы','Стивен Лоулесс<br/>Большой театр',''),(4,'Tablao Flamenсo','<p>Одна из лучших московских вечеринок для поклонников фламенко.</p>','2013-09-23 22:45:00','','','',4,10,0,0,4,NULL,1,'','\0','Бессон','Бессон','Бессон','Бессон','Бессон','Испания, Россия',1,'2013-10-01 10:30:00',400,600,'http://www.ucclub.ru/event/23-09-2013/20-30/','','','','','','','','','','s41.jpg'),(6,'Фильмтест','фильмтекст','2013-10-09 00:00:00','','','',3,14,0,0,1,3,0,'\0','\0','автор','продюссер','стэйтмент','лектурер','перформс','',0,'2013-10-10 00:00:00',300,4000,'','','','','','','','','','',''),(7,'Сталинград','1942-й год.\r\n  Сталинград. Советские войска планируют контрнаступление на немецкие части,\r\n  оккупировавшие левобережье Волги. Наступление сорвано. Лишь разведчикам под\r\n  командованием капитана Громова удается перебраться на другой берег и\r\n  закрепиться в одном из домов. Им дан приказ удержать его любой ценой.','2013-10-16 02:24:02','','','',0,12,0,0,1,0,1,'','\0','','&nbsp;Фёдор Бондарчук','','','&nbsp;Пётр Фёдоров, Мария Смольникова, Томас Кречман, Яна  Студилина, Дмитрий Лысенков','Россия, 2013',135,'1800-01-01 00:00:00',0,0,'','','','','','','','','','','a74accc2-d718-4dba-a75c-8a481e04e4f7.mid.jpg'),(8,'Гравитация','Доктор Райан Стоун, специалист в области медицинского\r\n  инжиниринга, отправляется в первую космическую миссию под командованием\r\n  ветерана астронавтики Мэтта Ковальски, для которого\r\n  этот полет – последний перед отставкой. Во время работы за бортом случается\r\n  катастрофа. Стоун и Ковальски остаются совершенно\r\n  одни в открытом космосе.','2013-10-16 02:24:03','','','',0,12,0,0,1,0,1,'','\0','','&nbsp;Альфонсо Куарон','','','&nbsp;Сандра Буллок, Джордж Клуни, Эрик Мишелс,  Башер Саваж, Пол Шарма','США – Великобритания, 2013',91,'1800-01-01 00:00:00',0,0,'','','','','','','','','','','aadafd3b-0140-4e24-bb80-b7d0061b96cd.mid.jpg'),(9,'Горько!','Прогрессивные и\r\n  талантливые Наташа и Рома мечтают о европейской свадьбе на берегу моря, но у\r\n  Наташиного отчима заготовлен другой сценарий. Грубый чиновник городской\r\n  администрации рассматривает торжество как трамплин для собственной карьеры и\r\n  стремится устроить все &quot;как надо&quot;...','2013-10-16 02:24:01','','','',3,12,0,1,1,0,1,'','\0','','&nbsp;Жора Крыжовников','','','&nbsp;Сергей Светлаков, Ян Цапник, Юлия  Александрова, Егор Корешков','Россия, 2013',100,'1800-01-01 00:00:00',0,0,'','','','','','','','','','',''),(10,'Всё включено – 2','Когда приятель\r\n  похож на тебя как две капли воды, тут уж грех не поучаствовать в конкурсе\r\n  двойников и не срубить легкие деньги. И разве может помешать то, что ради\r\n  этого надо лететь в Стамбул накануне собственной свадьбы?! Чтобы доказать\r\n  будущему тестю-олигарху, что он способен позаботиться о его дочери, Андрей\r\n  улетает в Турцию.','2013-10-16 02:24:03','','','',0,12,0,0,1,0,1,'','\0','','&nbsp;Эдуард Радзюкевич','','','&nbsp;Михаил Беспалов,  Федор Добронравов, Роман Мадянов, Сергей Бурунов,  Эдуард Радзюкевич','Россия, 2013',95,'1800-01-01 00:00:00',0,0,'','','','','','','','','','','4dceb8c5-deb3-4470-b512-10160f968524.mid.jpg'),(11,'Metallica: сквозь невозможное','Участник\r\n  технической команды группы Metallica получает\r\n  задание – привезти сумку, содержимое которой необходимо группе для\r\n  выступления. По дороге он попадает в невероятные передряги.','2013-10-16 02:24:03','','','',0,12,0,0,1,0,1,'','\0','','&nbsp;Нимрод Антал','','','&nbsp;Дэйн ДеХаан, Джеймс Хетфилд, Ларс  Ульрих, Кирк Хеммет, Маккензи Грэй','США, 2013',92,'1800-01-01 00:00:00',0,0,'','','','','','','','','','','c7efb833-1e8a-414c-a287-98c8dbeaaa27.mid.jpg'),(12,'Бойфренд из будущего','В возрасте 21\r\n  года Тим Лейк обнаруживает, что он может\r\n  путешествовать во времени. В ночь после очередного неприятного Нового года\r\n  отец Тима рассказывает ему, что мужчины в его семье всегда имели такую\r\n  способность. Тим не может изменить историю, но он может изменить то, что\r\n  происходит или происходило в его собственной жизни.','2013-10-16 02:24:02','','','',0,12,0,0,1,0,1,'','\0','','&nbsp;Ричард Кёртис','','','&nbsp;Донал Глисон, Рэйчел Макадамс, Билл Найи, Том Холландер, Марго Робби','Великобритания, 2013',123,'1800-01-01 00:00:00',0,0,'','','','','','','','','','','8f2e21aa-ea23-4bf6-8a1c-9e992ae89f13.mid.jpg'),(13,'План побега','История Рэя Бреслина, суперспеца по системам безопасности. Его подставляют и\r\n  сажают в супертюрьму, откуда еще никто не сбегал.\r\n  Оттуда невозможно сбежать, потому что в свое время именно Бреслин\r\n  настраивал местную систему безопасности. Герою нужно всего лишь перехитрить\r\n  самого себя, чтобы покинуть стены негостеприимного пристанища.','2013-10-16 02:24:02','','','',0,12,0,0,1,0,1,'','\0','','&nbsp;Микаэль Хофстрём','','','&nbsp;Сильвестр Сталлоне, Арнольд Шварценеггер, Джеймс Кэвизел, Фифти Сент, Винни Джонс','США, 2013',100,'1800-01-01 00:00:00',0,0,'','','','','','','','','','','1b6b6a47-0bbe-4aa4-a83d-379f77d5af73.mid.jpg'),(14,'Астрал. Глава 2','Семья Ламберт\r\n  стремится раскрыть тайну, из-за которой они оказались в опасной связи с миром\r\n  духов.','2013-10-16 02:24:03','','','',0,16,0,0,1,0,1,'','\0','','&nbsp;Джеймс Ван','','','&nbsp;Патрик Уилсон, Роуз Бирн, Лин  Шэй, Тай Симпкинс,  Барбара Херши','США, 2013',105,'1800-01-01 00:00:00',0,0,'','','','','','','','','','','d3cc07bf-c26a-4db4-b53d-c9f03b45065f.mid.jpg'),(15,'Гонка','1970-е годы. Золотое\r\n  время &quot;Формулы-1&quot;. Два непримиримых соперника – обаятельный\r\n  плейбой-англичанин Джеймс Хант и дисциплинированный перфекционист-австриец\r\n  Ники Лауда – доводят себя до предела физической и\r\n  психологической выносливости ради триумфа на трассе. Для них нет легких путей\r\n  к победе и права на ошибку.','2013-10-16 02:24:02','','','',0,16,0,0,1,0,1,'','\0','','&nbsp;Рон Ховард','','','&nbsp;Крис Хемсворт, Даниэль Брюль, Оливия Уайлд, Александра Мария Лара, Натали Дормер','США – Германия – Великобритания, 2013',123,'1800-01-01 00:00:00',0,0,'','','','','','','','','','',''),(16,'Философы: урок\r\n  выживания','В международной\r\n  школе в Джакарте учитель философии в качестве выпускного экзамена предлагает\r\n  20 студентам пройти испытание, в результате которого будут отобраны десять\r\n  лучших. В случае апокалипсиса они имеют право укрыться в убежище и продолжат\r\n  людской род. Чтобы выиграть, философы должны продемонстрировать свое\r\n  умственное превосходство.','2013-10-16 02:24:02','','','',0,12,0,0,1,0,1,'','\0','','&nbsp;Джон Хаддлс','','','&nbsp;Джеймс Д’Арси, Софи Лоу, Дэрил Сабара,  Фредди Строма, Риз Уэйкфилд','США – Индонезия, 2013',107,'1800-01-01 00:00:00',0,0,'','','','','','','','','','',''),(17,'Убойный уикенд','Тодд Чиповски собирается провести\r\n  незабываемый уик-энд в загородном коттедже, который он арендовал специально\r\n  для того, чтобы сделать предложение своей возлюбленной Кэмми\r\n  Райан. Но торжественное событие и чудесный отдых\r\n  подпортило появление братца Тодда Сэлинджера и его\r\n  подружки Маши. Однако выходные все равно становятся для героев незабываемыми.','2013-10-16 02:24:02','','','',0,18,0,0,1,0,1,'','\0','','&nbsp;Питер Веллингтон','','','&nbsp;Тайлер Лабайн, Малин Акерман, Люси Панч, Дэн Петронижевич,  Бенджамин Эйрс','Канада, 2012',91,'1800-01-01 00:00:00',0,0,'','','','','','','','','','',''),(18,'Андроид','Героиня жить не\r\n  может без своего смартфона. Однажды она обнаруживает в нем новое таинственное\r\n  приложение, которое выдает ответы на любые вопросы, причем не только интеллектуальные,\r\n  но и сугубо личные. Вскоре приложение начинает посылать ей загадочные тексты,\r\n  а вслед за этим начинается странная гибель людей вокруг.','2013-10-16 02:24:03','','','',0,0,0,0,1,0,1,'','\0','','&nbsp;Бобо Боерманс','','','&nbsp;Ханна Хекстра, Исис Каболе, Роберт де Хуг, Алекс Хендрикс, Маттис ван де Санде','Нидерланды, 2013',12,'1800-01-01 00:00:00',0,0,'','','','','','','','','','',''),(19,'Страсти Дон-Жуана','Комичная\r\n  история современного ловеласа, который из каждого любовного приключения\r\n  вынужден спасаться бегством. Он еще не знает, что недалек тот час, когда ему\r\n  все-таки придется остепениться.','2013-10-16 02:24:03','','','',0,16,0,0,1,0,1,'','\0','','&nbsp;Джозеф Гордон-Левитт','','','&nbsp;Джозеф Гордон-Левитт,  Скарлетт Йохансон, Джулианна Мур, Тони Данца, Глен Хедли','США, 2013',90,'1800-01-01 00:00:00',0,0,'','','','','','','','','','',''),(20,'Околофутбола','Фильм об околофутбольных хулиганах. Самые агрессивные и жестокие\r\n  представители мира футбольных фанатов, они – элита околофутбола.\r\n  Попасть в их мир очень сложно, но если ты в нем оказался, то это на всю\r\n  жизнь. И обратного пути нет.','2013-10-16 02:24:03','','','',0,16,0,0,1,0,1,'','\0','','&nbsp;Антон Борматов','','','&nbsp;Александр Ратников, Павел Ерлыков, Григорий Иванец, Дарья Мингазетдинова','Россия, 2013',100,'1800-01-01 00:00:00',0,0,'','','','','','','','','','',''),(21,'Королева красоты','Вторая\r\n  половина ХХ века. Мир стремительно меняется, а в крошечном ирландском городке\r\n  Линэйне время словно остановилось. Во всяком случае\r\n  так кажется стареющей красавице Морин Фолан, будни и праздники которой вот уже 20 лет заполнены\r\n  нескончаемыми домашними хлопотами, уходом за больной матерью Мэг и мечтами о новой жизни.','2013-10-16 02:24:03','','','',0,0,0,0,2,0,1,'','\0','М. Мак-Донах','&nbsp;О. Кузьмищев','','','','',0,'1800-01-01 00:00:00',0,0,'','','','','','','','','','',''),(22,'Нас поцелует\r\n  рассвет','Истоки\r\n  любого преступления лежат в удовольствии, деформации сознания, выраженной в\r\n  навязчивом желании получить все и сразу... Спектакль рассказывает о тяжелой\r\n  жизненной истории, в основе которой одна из самых страшных болезней\r\n  современного общества – наркомания.','2013-10-16 02:24:03','','','',0,0,0,0,2,0,1,'','\0','В. Остров','&nbsp;В. Барковский','','','','',0,'1800-01-01 00:00:00',0,0,'','','','','','','','','','',''),(23,'Правда – хорошо, а\r\n  счастье – лучше','Веселая,\r\n  сентиментальная и мудрая история о том, как за высоким забором в одном\r\n  отдельно взятом яблоневом саду добропорядочное купеческое семейство пытается\r\n  устроить счастье для всех. Самое смешное, что это удается. Ведь счастье есть,\r\n  если душа открыта для него.','2013-10-16 02:24:03','','','',0,0,0,0,2,0,1,'','\0','А. Н. Островский','&nbsp;В. Барковский','','','','',0,'1800-01-01 00:00:00',0,0,'','','','','','','','','','',''),(24,'Слишком женатый\r\n  таксист','Как и положено\r\n  в настоящем фарсе, все начинается с досадного недоразумения. Таксист с\r\n  заурядным именем Джон Смит неожиданно для самого себя кинулся спасать бабушку\r\n  от хулиганов. Бойкая старушка что есть силы стукнула своего спасателя\r\n  сумочкой по голове. Не успев опомниться от шока, в больнице Джон называет два\r\n  разных домашних адреса.','2013-10-16 02:24:03','','','',0,0,0,0,2,0,1,'','\0','Р. Куни','&nbsp;В. Чепелев','','','','',0,'1800-01-01 00:00:00',0,0,'','','','','','','','','','',''),(25,'Нет, я не жалею ни\r\n  о чем','Моноспектакль по письмам и мемуарам Эдит\r\n  Пиаф. История жизни великой французской певицы\r\n  изложена в спектакле в форме воспоминаний Эдит Пиаф о самых главных людях в ее жизни. Это отец – уличный\r\n  акробат, первая любовь, дочь Сесель, скончавшаяся в\r\n  младенчестве от туберкулеза, владелец кабаре, где певица и стала известна под\r\n  псевдонимом Эдит Пиаф...','2013-10-16 02:24:03','','','',0,0,0,0,2,0,1,'','\0','И. Войтулевич, И. Флегантова','','','','','',0,'1800-01-01 00:00:00',0,0,'','','','','','','','','','',''),(26,'Страсти роковыя…','Центром\r\n  интриги становится одна из вечных историй – любовный треугольник: женщина и\r\n  ее мужчины. В юмористических хитросплетениях сюжета – женская тоска по &quot;тонкому\r\n  и изящному&quot;. И чем печальнее герои, тем веселее развиваются\r\n  &quot;сценические терзания&quot;, заявленные режиссером как жанр постановки.','2013-10-16 02:24:03','','','',0,0,0,0,2,0,1,'','\0','А. Аверченко','&nbsp;И. Войтулевич','','','','',0,'1800-01-01 00:00:00',0,0,'','','','','','','','','','',''),(27,'Боинг-Боинг','История о\r\n  романе молодого парижского ловеласа с тремя очаровательными стюардессами.\r\n  Внезапно все его самые надежные и проверенные схемы жизни ломаются из-за\r\n  незапланированной задержки рейса. И вот тогда-то и начинается самое\r\n  интересное, смешное, курьезное, трогательное, умопомрачительное и настоящее!','2013-10-16 02:24:03','','','',0,0,0,0,2,0,1,'','\0','М. Камолетти','&nbsp;О. Кузьмищев','','','','',0,'1800-01-01 00:00:00',0,0,'','','','','','','','','','',''),(28,'Башня Веселуха','Драма в 2-х действиях','2013-10-16 02:24:03','','','',0,0,0,0,2,0,1,'','\0','О. Сергеева','','','','','',0,'1800-01-01 00:00:00',0,0,'','','','','','','','','','',''),(29,'Второй выстрел','Полицейская комедия в 2-х действиях','2013-10-16 02:24:03','','','',0,0,0,0,2,0,1,'','\0','Р. Тома ','','','','','',0,'1800-01-01 00:00:00',0,0,'','','','','','','','','','',''),(30,'Босиком по парку','Комедия в двух действиях','2013-10-16 02:24:03','','','',0,0,0,0,2,0,1,'','\0','Н. Саймон','','','','','',0,'1800-01-01 00:00:00',0,0,'','','','','','','','','','',''),(31,'Мотылек','Фантасмагория в 5-ти картинах','2013-10-16 02:24:03','','','',0,0,0,0,2,0,1,'','\0','П. Гладилин','','','','','',0,'1800-01-01 00:00:00',0,0,'','','','','','','','','','',''),(32,'Фантазии Фарятьева','Трагикомедия','2013-10-16 02:24:03','','','',0,0,0,0,2,0,1,'','\0','А. Соколова','','','','','',0,'1800-01-01 00:00:00',0,0,'','','','','','','','','','',''),(33,'Сиреневое платье\r\n  Валентины','Трагедия души человеческой','2013-10-16 02:24:03','','','',0,0,0,0,2,0,1,'','\0','Ф. Саган','','','','','',0,'1800-01-01 00:00:00',0,0,'','','','','','','','','','',''),(34,'Вариации Элгара','На\r\n  пустынном острове обитает отшельником знаменитый писатель Абель Знорко, создающий себе имидж чудака и помешанного.\r\n  Оградив себя от пошлого общества людей, Знорко\r\n  решается допустить на остров представителя ненавистного ему племени журналистов\r\n  Эрика Ларсена. Необычное интервью неожиданно\r\n  превращается в расследование, напоминающее психологическую дуэль.','2013-10-16 02:24:04','','','',0,0,0,0,2,0,1,'','\0','По мотивам пьесы Э.-Э. Шмитта','&nbsp;В. М. Исаев','','','','',0,'1800-01-01 00:00:00',0,0,'','','','','','','','','','',''),(35,'Пять романсов в\r\n  старом доме','Главный\r\n  герой спектакля – невидимый поэт, присутствие которого представлено пятью\r\n  романсами. Режиссер, при минимуме декораций, стремиться воплотить всю\r\n  комичность и лиричность пьесы и передать атмосферу обывательского мирка\r\n  обычной ленинградской квартиры начала 80-х.','2013-10-16 02:24:04','','','',0,0,0,0,2,0,1,'','\0','В. Арро','&nbsp;В. М. Исаев','','','','',0,'1800-01-01 00:00:00',0,0,'','','','','','','','','','',''),(36,'Женитьба','&nbsp;','2013-10-16 02:24:04','','','',0,0,0,0,2,0,1,'','\0','Н.В. Гоголь','','','','','',0,'1800-01-01 00:00:00',0,0,'','','','','','','','','','',''),(37,'Пробка','&nbsp;','2013-10-16 02:24:04','','','',0,0,0,0,2,0,1,'','\0','К. Драгунская','','','','','',0,'1800-01-01 00:00:00',0,0,'','','','','','','','','','',''),(38,'Мой маленький бог','&nbsp;','2013-10-16 02:24:04','','','',0,0,0,0,2,0,1,'','\0','&nbsp;','','','','','',0,'1800-01-01 00:00:00',0,0,'','','','','','','','','','',''),(39,'&nbsp;','&nbsp;','2013-10-16 02:24:06','','','',0,0,0,0,9,0,1,'','\0','','','','','','',0,'1800-01-01 00:00:00',0,0,'','','','','','','','','','',''),(40,'Галина Широкова','Заслуженная\r\n  артистка России Галина Широкова (сопрано) представляет программу &quot;Люблю\r\n  тебя, мой город на Днепре&quot;. В программе принимает участие Александр Ильющенков (тенор). Концертмейстер – Ирина Гончарова,\r\n  музыковед – Виктория Кузьменкова.','2013-10-16 02:24:04','','','',0,0,0,0,3,0,1,'','\0','','','','','','',0,'1800-01-01 00:00:00',0,0,'','','','','','','','','','','f1646f6a-c012-4b48-b960-8a77f7e76df8.mid.jpg'),(41,'Максим Щербицкий','Дипломант\r\n  международных конкурсов и фестивалей, профессиональный музыкант, артист,\r\n  обладатель проникновенного и чувственного лирического баритона Максим Щербицкий представит программу &quot;За тысячу\r\n  верст...&quot;. Для зрителей прозвучат романсы, русские народные песни и\r\n  песни советских композиторов.','2013-10-16 02:24:04','','','',0,0,0,0,3,0,1,'','\0','','','','','','',0,'1800-01-01 00:00:00',0,0,'','','','','','','','','','','55617221-e0b2-4621-8638-abaefa1792ee.mid.jpg'),(42,'Зения МакФерсон ','Обладательница\r\n  уникального вокала Зения МакФерсон\r\n  в проекте Олега Бутмана (барабаны) &quot;Джазовая страсть&quot;. Себя Зения называет &quot;Леди Z&quot;, поклонники зовут ее\r\n  &quot;Леди Совершенство&quot;. На афишах крупнейших джазовых фестивалей ее\r\n  имя всегда в числе фаворитов. МакФерсон – артистка,\r\n  которая всем своим творчеством олицетворяет титул &quot;Звезда современной\r\n  джазовой сцены&quot;.','2013-10-16 02:24:04','','','',0,0,0,0,3,0,1,'','\0','','','','','','',0,'1800-01-01 00:00:00',0,0,'','','','','','','','','','','4e38fabb-dabb-4110-bf98-13525151f7e8.mid.jpg'),(43,'Кузьма Филимонов','Вечер\r\n  гитарной музыки от лауреата международных конкурсов Кузьмы Филимонова (г.\r\n  Нижний Новгород). Для зрителей прозвучат произведения И. С. Баха, М. Джулиани, Р. Дьенса, Н. Кошкина\r\n  и М. Льобета.','2013-10-16 02:24:04','','','',0,0,0,0,3,0,1,'','\0','','','','','','',0,'1800-01-01 00:00:00',0,0,'','','','','','','','','','','f194052f-80d3-4fd9-a820-eabc42afd24c.mid.jpg'),(44,'Сергей Любавин','Красивый\r\n  мужчина, душа компании, хороший друг, просто талантливый человек – таков\r\n  портрет исполнителя знаменитого &quot;Волчонка&quot;, &quot;Калины\r\n  красной&quot; и многих других песен. Популярный певец представляет новую\r\n  программу &quot;Лучшее для любимых&quot;.','2013-10-16 02:24:04','','','',0,0,0,0,3,0,1,'','\0','','','','','','',0,'1800-01-01 00:00:00',0,0,'','','','','','','','','','','32eb0dd6-b85e-40c6-bed4-3b6c5a94a5b0.mid.jpg'),(45,'Дмитрий Певцов\r\n  и группа &quot;КарТуш&quot;','В качестве\r\n  певца Дмитрий покорил широкую публику в проекте &quot;Две звезды&quot;, где\r\n  он пел вместе с Зарой. Но это не первый вокальный опыт актера: уже много лет\r\n  он с группой &quot;КарТуш&quot; исполняет с\r\n  эстрадной сцены песни на стихи А. Вознесенского, М. Матусовского,\r\n  А. Вертинского. Новая концертная программа называется &quot;Неожиданно\r\n  50&quot;.','2013-10-16 02:24:04','','','',0,0,0,0,3,0,1,'','\0','','','','','','',0,'1800-01-01 00:00:00',0,0,'','','','','','','','','','','a2b2d61b-0f84-4fa8-b3e8-d33328466d82.mid.jpg'),(46,'Алексей Чумаков','Певец,\r\n  композитор и телеведущий, исполнитель хитов &quot;Необыкновенная&quot;,\r\n  &quot;Девочка, девушка, женщина&quot;, &quot;Я от тебя схожу с ума&quot;,\r\n  &quot;Тут и там&quot;. В творческом багаже Алексея – сольный альбом &quot;Сны\r\n  о чем-то большем&quot;, дуэты с известными артистами, выступление на концерте\r\n  американского соул-певца Майкла Болтона\r\n  в Москве.','2013-10-16 02:24:04','','','',0,0,0,0,3,0,1,'','\0','','','','','','',0,'1800-01-01 00:00:00',0,0,'','','','','','','','','','','6fbfaabb-7062-47ab-af3f-b66be3d012c4.mid.jpg'),(47,'Александр Песков\r\n  и &quot;Королевский балет&quot;','Александр\r\n  Песков – артист, лицедей, настоящий Король пародии. В программе\r\n  &quot;Королевский бал&quot; в рамках юбилейного тура зрителей ждет\r\n  калейдоскоп образов и скорость воплощения в них, парад пластики, высшее\r\n  мастерство &quot;Королевского балета&quot;, а также уникальные декорации,\r\n  более 300 шикарных костюмов, море света, звука и смеха!','2013-10-16 02:24:04','','','',0,0,0,0,3,0,1,'','\0','','','','','','',0,'1800-01-01 00:00:00',0,0,'','','','','','','','','','','35d26fc2-1653-43af-8e14-c78803cf708f.mid.jpg'),(48,'Джейсон Палмер (США) и квартет Алексея Подымкина','Один из\r\n  лучших джазовых трубачей Америки Джейсон Палмер и\r\n  квартет Алексея Подымкина произвели фурор более чем\r\n  в 30 российских городах в прошлом концертном сезоне. В этом сезоне Смоленск\r\n  присоединяется к 40-дневному туру артистов, принимая экстраординарное шоу на\r\n  одной из джазовых сцен города.','2013-10-16 02:24:04','','','',0,0,0,0,3,0,1,'','\0','','','','','','',0,'1800-01-01 00:00:00',0,0,'','','','','','','','','','','82a8cafb-b307-4772-844c-ebbecb6b360c.mid.jpg'),(49,'Лион Измайлов','Один из самых известных и непредсказуемых сатириков нашей\r\n  эстрады порадует поклонников новыми выдуманными и невыдуманными историями,\r\n  яркими персонажами и искрометным юмором.','2013-10-16 02:24:04','\0','\0','\0',0,0,0,0,4,0,1,'','\0','','','','','','',0,'1800-01-01 00:00:00',0,0,'','','','','','','','','','',''),(50,'КВН по-смоленски','Научиться\r\n  шутить можно. Вопреки расхожему мнению, чувство юмора можно воспитать,\r\n  развить, а если необходимо, то и привить. Формат мероприятия сохранит\r\n  динамику выступлений и добавит зрелищности, а молодые участники непременно\r\n  подарят зрителям море энергии и позитива.','2013-10-16 02:24:04','\0','\0','\0',0,0,0,0,4,0,1,'','\0','','','','','','',0,'1800-01-01 00:00:00',0,0,'','','','','','','','','','',''),(51,'Взгляд в прошлое','Фотовыставка\r\n  &quot;Взгляд в прошлое&quot; посвящена одному из самых героических и\r\n  трагических эпизодов истории Смоленска – двадцатимесячной обороне города от\r\n  иноземных захватчиков в 1609 – 1611 гг.','2013-10-16 02:24:04','\0','\0','\0',0,0,0,0,6,0,1,'','\0','','','','','','',0,'1800-01-01 00:00:00',0,0,'','','','','','','','','','',''),(52,'К 400-летию героической\r\n  обороны Смоленска от иноземных захватчиков','Экспозиция\r\n  рассказывает о строительстве Смоленской крепостной стены и героической\r\n  обороне города в период Смутного времени 1609 – 1611 гг. Посетители\r\n  познакомятся с подлинными предметами конца XVI – начала XVII вв. из фондов\r\n  Смоленского государственного музея-заповедника, большинство из которых\r\n  выставляются впервые.','2013-10-16 02:24:04','\0','\0','\0',0,0,0,0,6,0,1,'','\0','','','','','','',0,'1800-01-01 00:00:00',0,0,'','','','','','','','','','',''),(53,'Тяжёлый XIII век','Основу\r\n  выставки &quot;Смоленское княжество в битвах с Золотой Ордой и\r\n  крестоносцами&quot; составляют изготовленные историческим театром &quot;Порубежье&quot; предметы боевого снаряжения и вооружения\r\n  русских воинов и их противников. В экспозиции также бытовые вещи,\r\n  сопровождавшие наших предков в походах. Выставку дополняет видеоряд,\r\n  показанный на специально установленном экране.','2013-10-16 02:24:04','\0','\0','\0',0,0,0,0,6,0,1,'','\0','','','','','','',0,'1800-01-01 00:00:00',0,0,'','','','','','','','','','',''),(54,'Выставка\r\n  отреставрированных портретов','Серия\r\n  регулярных выставок из фондов смоленского государственного музея-заповедника.\r\n  Первыми экспонируются три портрета из группы живописных произведений,\r\n  связанных с польской культурой XVII–XVIII веков: портреты короля Яна III Собеского и двух представителей крупной магнатской\r\n  династии Речи Посполитой.','2013-10-16 02:24:04','\0','\0','\0',0,0,0,0,6,0,1,'','\0','','','','','','',0,'1800-01-01 00:00:00',0,0,'','','','','','','','','','',''),(55,'Тестовый детский отдых','Тестовый детский отдых текст','2013-10-29 11:30:00','\0','\0','\0',3,18,0,0,55,55,0,'\0','\0','','','','','','',0,'2013-10-29 12:00:00',0,0,'','','','','','','','','','',''),(56,'Древнейшая история\r\n  Смоленской земли','Экспозиция,\r\n  состоящая из пяти разделов, включает более 1500 предметов из фондов музея;\r\n  охватывает период, начиная с древнекаменного века и заканчивая культурой\r\n  длинных курганов. Среди представленных экспонатов – каменные топоры,\r\n  украшения и предметы культа, а также уникальнейший экспонат – целый\r\n  сохранившийся скелет мамонта.','2013-10-16 02:24:04','\0','\0','\0',0,0,0,0,6,0,1,'','\0','','','','','','',0,'1800-01-01 00:00:00',0,0,'','','','','','','','','','',''),(57,'Град велик и мног людьми','Выставка\r\n  посвящена истории Смоленщины (IX – н. XIII вв.)Экспозиция включает в себя\r\n  наиболее значимые археологические памятники, орудия труда, оружие, предметы\r\n  быта, украшения того времени, а так же уникальные исторические артефакты.\r\n  Большинство экспонатов выставляются впервые.','2013-10-16 02:24:04','\0','\0','\0',0,0,0,0,6,0,1,'','\0','','','','','','',0,'1800-01-01 00:00:00',0,0,'','','','','','','','','','',''),(58,'Смоленский лён','Узорчатые\r\n  скатерти, полотенца, занавески, рубахи, юбки и фартуки – эти и многие другие\r\n  экспонаты дают представление, какого уровня мастерства достигли наши предки в\r\n  искусстве изготовления изделий из льна. Можно увидеть и современную\r\n  продукцию. Посетителям предоставляется возможность приобрести навыки\r\n  ткачества на старинном ткацком станке.','2013-10-16 02:24:04','\0','\0','\0',0,0,0,0,6,0,1,'','\0','','','','','','',0,'1800-01-01 00:00:00',0,0,'','','','','','','','','','',''),(59,'Кузнечное дело','В основную\r\n  экспозицию музея вошли изделия XVII – XIX веков: светцы, замки, посуда\r\n  разнообразной формы, кольчуга, самовары, фрагменты художественных решеток.','2013-10-16 02:24:04','\0','\0','\0',0,0,0,0,6,0,1,'','\0','','','','','','',0,'1800-01-01 00:00:00',0,0,'','','','','','','','','','',''),(60,'Творчество С. Т.\r\n  Конёнкова','В\r\n  экспозиции представлены работы знаменитого скульптора Сергея Конёнкова,\r\n  который и стал инициатором открытия музея. Эти работы были отданы в дар музею\r\n  автором. Они позволяют ознакомиться с разными периодами его творчества.','2013-10-16 02:24:04','\0','\0','\0',0,0,0,0,6,0,1,'','\0','','','','','','',0,'1800-01-01 00:00:00',0,0,'','','','','','','','','','',''),(61,'Смоляне в истории\r\n  российского флота и морской авиации','Экспозиция\r\n  рассказывает о богатой морской истории Смоленской земли. Посетителей поразит\r\n  многообразие уникальных экспонатов, картин художников-маринистов,\r\n  скульптурных портретов и морских флагов. На выставке кроме прочего можно\r\n  увидеть штурвал, корабельный колокол крейсера &quot;Адмирал Нахимов&quot;,\r\n  кинжал &quot;Джамбия&quot;, более ста моделей\r\n  парусных и современных кораблей.','2013-10-16 02:24:04','\0','\0','\0',0,0,0,0,6,0,1,'','\0','','','','','','',0,'1800-01-01 00:00:00',0,0,'','','','','','','','','','',''),(62,'История молодёжного\r\n  движения Смоленщины','В\r\n  экспозиции представлено более 900 предметов, переданных Музеем истории\r\n  молодежного движения. Это редкие документы, значки и фотографии,\r\n  рассказывающие об истории комсомольского, стройотрядовского и поискового\r\n  движения на Смоленщине.','2013-10-16 02:24:04','\0','\0','\0',0,0,0,0,6,0,1,'','\0','','','','','','',0,'1800-01-01 00:00:00',0,0,'','','','','','','','','','',''),(63,'Грибной вернисаж','На выставке  представлено более 23 семейств царства грибов, расположенных в экспозиции с  учетом природных особенностей произрастания. Атмосферу наших березняков,  ельников, мшистых боров и других ландшафтов, где в грибную пору можно  встретить около 200 видов съедобных грибов, дополняют живописные работы  смоленских художников.','2013-10-16 02:24:00','\0','\0','\0',0,0,0,0,6,0,1,'','\0','','','','','','',0,'2013-10-01 10:00:00',0,0,'','','','','','','','','','',''),(64,'Дизайн содружества\r\n  – 2013','Международная\r\n  выставка, которая позволит жителям города познакомиться с современными\r\n  тенденциями в дизайне России, Белоруссии и Украины, увидеть работы известных\r\n  мастеров ведущих дизайнерских школ.','2013-10-16 02:24:05','\0','\0','\0',0,0,0,0,6,0,1,'','\0','','','','','','',0,'1800-01-01 00:00:00',0,0,'','','','','','','','','','',''),(65,'А. И. Куинджи. Из\r\n  собрания Русского музея (г. Санкт-Петербург)','На выставке\r\n  представлено 33 работы мастера пейзажной живописи Архипа Ивановича Куинджи.\r\n  Экспозиция включает небольшие этюды, а также знаменитые работы автора\r\n  &quot;Ночное&quot;, &quot;Дубы&quot;, &quot;Березовая роща&quot; и другие.','2013-10-16 02:24:05','\0','\0','\0',0,0,0,0,6,0,1,'','\0','','','','','','',0,'1800-01-01 00:00:00',0,0,'','','','','','','','','','',''),(66,'А. Долосов. Живопись','Работы\r\n  Александра Долосова лаконичны и просты, но это\r\n  простота изысканная, возникшая в результате поиска, отшлифованная разумом и\r\n  талантом. Наверное, поэтому простота эта содержательна и неоднозначна.\r\n  Живопись Долосова – это особая форма мышления, где\r\n  превалирует интуиция. Его художественный прием – незавершенность.','2013-10-16 02:24:05','\0','\0','\0',0,0,0,0,6,0,1,'','\0','','','','','','',0,'1800-01-01 00:00:00',0,0,'','','','','','','','','','',''),(67,'Ровесник любому поколению.\r\n  А. Т. Твардовский (1910 – 1971)','Фотовыставка,\r\n  посвященная нашему выдающемуся земляку, талантливому писателю и поэту Александру\r\n  Трифоновичу Твардовскому, проходит в читальном зале\r\n  периодической литературы.','2013-10-16 02:24:05','\0','\0','\0',0,0,0,0,6,0,1,'','\0','','','','','','',0,'1800-01-01 00:00:00',0,0,'','','','','','','','','','',''),(68,'NU_NATION (СПб) &amp; OVERHYPE(Чехия)','&nbsp;В\r\n  рамках европейского тура:\r\n  NU_NATION (СПб) nu-metal/groove\r\n  http://nunation.ru/\r\n  http://vk.com/nunation\r\n  OVERHYPE(Чехия) nu-metal/rapcore\r\n  http://www.overhype.cz/\r\n  http://www.myspace.com/overhype','2013-10-16 02:24:05','\0','\0','\0',0,0,0,0,7,0,1,'','\0','','','','','','',0,'1800-01-01 00:00:00',0,0,'','','','','','','','','','',''),(69,'CHAMELEON LIVE SHOW','Танцевално-развлекательное шоу\r\n  от ZOOstate! Организаторы нашумевших openair\'ов этого лета подготовят для Вас нечто новенькое!\r\n  Вас ждут зажигательные миксы от лучших диск жокеев\r\n  области! Горячий GO-GO dance! Визуализация музыки,\r\n  путем размещения проекторов на стенах и потолке заведения! Чемпионат по\r\n  покеру на 12 персон и X-box! Подарком за победу\r\n  станет дорогая выпивка и ценные призы! Ждем всех желающих!','2013-10-16 02:24:05','\0','\0','\0',0,0,0,0,7,0,1,'','\0','','','','','','',0,'1800-01-01 00:00:00',0,0,'','','','','','','','','','',''),(70,'Brick Bazuka в\r\n  Смоленске!','ВНИМАНИЕ, РАЗЫГРЫВАЕМ ПРИГЛАСИТЕЛЬНЫЕ!\r\n  раз в неделю разыгрываем 3 преглоса&nbsp;\r\n  что бы получить преглос нужно нажать\r\n  &quot;РАССКАЗАТЬ ДРУЗЬЯМ&quot; и на своей странице набрать 50&quot;РАССКАЗАТЬ\r\n  ДРУЗЬЯМ&quot;\r\n  кто набрал пишет просо в коменты и организатору','2013-10-16 02:24:05','\0','\0','\0',0,0,0,0,7,0,1,'','\0','','','','','','',0,'1800-01-01 00:00:00',0,0,'','','','','','','','','','',''),(71,'#SWAGONLY-PARTY\r\n  VOL.3','19 ОКТЯБРЯ 2013 ГОДА В ПЕРВОМ АЛЬТЕРНАТИВНОМ КЛУБЕ ГОРОДА\r\n  САМАЯ ЖАРКАЯ TRAP-ВЕЧЕРИНКА #SWAGONLY-PARTY VOL.3!!!!\r\n  ВЫ ДОЛГО ЖДАЛИ ЭТОГО!!!\r\n  МЫ ДЕЛАЕМ!!!\r\n  ТЕПЕРЬ ВСЕ НА ДРУГОМ-ВЫСШЕМ УРОВНЕ!!!\r\n  КАК ВСЕГДА ЛУЧШАЯ МУЗЫКА ОТ НАШЕЙ ФЛЕЙВЫ!!!\r\n  МОРЕ СЮРПРИЗОВ И КОНКУРСОВ ОТ ИМЕНИННИКА СЕРГЕЯ БРАТИЩЕВА!!!\r\n  ВСЯ ИНФА В ГРУППЕ&nbsp;http://vk.com/swagonlyparty\r\n  ПРЕД ПРОДАЖА БИЛЕТОВ НАЧНЕТСЯ СОВСЕМ СКОРО! МОНИТОРЬ ИНФУ! ОБНОВЛЯЙ СТРАНИЦУ\r\n  КАЖДУЮ СЕКНДУ!!!','2013-10-16 02:24:05','\0','\0','\0',0,0,0,0,7,0,1,'','\0','','','','','','',0,'1800-01-01 00:00:00',0,0,'','','','','','','','','','',''),(72,'Punk-party in Smolensk (vol.6).Dismay','&nbsp;Привет,\r\n  ребята! Обычным октябрьским днём, в воскресенье, 20-ого октября в нашем\r\n  городе будет по-летнему жарко....Да! Именно жарко, по-настоящему, ведь у нас,\r\n  впервые в сезоне,стартует полюбившийся многим панк-фест с искромётным названием &quot;Punk-party in Smolensk&quot;..Эпицентр события - 1st ALTERNAT1VE MUS1C\r\n  CLUB..Уже 6-ой по счёту гиг обещает быть\r\n  незабываемым, весёлым и драйвовым на все\r\n  100%!!!&nbsp;\r\n  В этот день мы ждём всех любителей настоящего честного панк-рока!!!!\r\n  Для вас сыграют следующие команды:\r\n  - Dismay (Балашиха)\r\n  http://vk.com/club1084447\r\n  В наш город ребята приезжают с презентацией альбома\r\n  &quot;Демократия!?&quot;...В программе вы услышите новый альбом + старые,\r\n  проверенные временем хиты.....\r\n  - Лучший самый день (Москва)\r\n  http://vk.com/bestdayband\r\n  Презентация ЕР &quot;Sупергерой&quot; + неимоверный\r\n  замес из поп-панк хитов, имеющихся в творчестве данной группы!!! Ребята\r\n  приезжают к нам в рамках тура по городам России и Украины.....\r\n  - Брэкфаст (Брянск)\r\n  http://vk.com/club6718618','2013-10-16 02:24:05','\0','\0','\0',0,0,0,0,7,0,1,'','\0','','','','','','',0,'1800-01-01 00:00:00',0,0,'','','','','','','','','','',''),(73,'Halloween','Незабываемая вечеринка в честь мистического праздника','2013-10-16 02:24:05','\0','\0','\0',0,0,0,0,7,0,1,'','\0','','','','','','',0,'1800-01-01 00:00:00',0,0,'','','','','','','','','','',''),(74,'Группа\r\n  &quot;Нервы&quot;','Идейный\r\n  вдохновитель группы – ее лидер, гитарист, вокалист и автор песен Евгений Мильковский. В 2011 году группа сняла 6 клипов на свои\r\n  композиции &quot;Батареи&quot;, &quot;Нервы&quot;, &quot;Радиоволна&quot; и\r\n  другие. Украинская музыкальная группа прославилась не только собственными\r\n  песнями, но и саундтреками к молодежным сериалам\r\n  &quot;Физика или химия&quot;, &quot;Закрытая школа&quot;, &quot;Универ&quot;.','2013-10-16 02:24:05','\0','\0','\0',0,0,0,0,7,0,1,'','\0','','','','','','',0,'1800-01-01 00:00:00',0,0,'','','','','','','','','','',''),(75,'Талант не пропьешь!','Идея нашей вечеринки своими корнями уходит глубоко в Рим.\r\n  На улице Кондотти находится старинное Caffe Greco (Via Condotti, 86), основанное в\r\n  1760 г.,\r\n  частым посетителем которого был Н.В.Гоголь В разное время в кафе бывали Гете,\r\n  Байрон, Тютчев, Шаляпин, Андерсен, Стендаль, Ницше, Шопенгауэр, Лист, Вагнер\r\n  и многие другие.В этом кафе было принято\r\n  расплачиваться искусством. в Caffe Greco есть витрины, в которых выставлены автографы,\r\n  рисунки и личные вещи посещавших кафе знаменитостей.','2013-10-16 02:24:05','\0','\0','\0',0,0,0,0,7,0,1,'','\0','','','','','','',0,'1800-01-01 00:00:00',0,0,'','','','','','','','','','',''),(76,'15 лет Swanky Tunes','День рождения легендарного трио','2013-10-16 02:24:06','\0','\0','\0',0,0,0,0,7,0,1,'','\0','','','','','','',0,'1800-01-01 00:00:00',0,0,'','','','','','','','','','',''),(77,'Практика развития\r\n  Интуиции','Интуиция — одна из наиболее важных составляющих успеха.\r\n  Это чудесный дар, данный каждому, который можно раскрыть и развить. Ответы на\r\n  все вопросы лежат внутри нас, и интуиция открывает доступ к их получению.\r\n  Наша встреча будет полезна, если Вам интересен феномен интуиции, если Вы\r\n  хотите усилить чувство интуиции в своей жизни, больше помощи получать от неё\r\n  в принятии решений, слышать свои внутренние подсказки и предупреждения, одним\r\n  словом увереннее чувствовать себя в жизни. Ведь когда Вы владеете нужной\r\n  информацией, Вы всегда более уверенно себя ощущаете, а интуиция именно\r\n  помогает знать, как будут дальше разворачиваться события, что оптимально для\r\n  Вас.\r\n  Приходите на нашу встречу, если хотите получать больше поддержки от себя\r\n  изнутри, увереннее опираться на свой собственный стержень, более тонко\r\n  чувствовать свою жизнь и верные для себя решения.\r\n  \r\n  Встречу проводит Григорий Соляник\r\n  Практический психолог, бизнес-тренер, тренер НЛП, специалист по Эриксоновскому гипнозу, целитель.\r\n  Автор и ведущий тренинговых программ. Руководитель\r\n  Смоленского Центра НЛП','2013-10-16 02:24:06','\0','\0','\0',0,0,0,0,8,0,1,'','\0','','','','','','',0,'1800-01-01 00:00:00',0,0,'','','','','','','','','','',''),(78,'Вечер настольных\r\n  игр в МН &quot;МЕСТО&quot;','Сидели мы одним прекрасным вечером в Мастерской настроения\r\n  &quot;Место&quot; и поняли что играть только в Мафию нам уже скучно. Поэтому\r\n  мы нашли для вас несколько игр, в которые можно играть от 3х до 10-ти\r\n  человек. И это оказались весьма эпичные и смешные игры.','2013-10-16 02:24:06','\0','\0','\0',0,0,0,0,8,0,1,'','\0','','','','','','',0,'1800-01-01 00:00:00',0,0,'','','','','','','','','','',''),(79,'Птицами','Стихи под музыку. Творческий вечер','2013-10-16 02:24:06','\0','\0','\0',0,0,0,0,8,0,1,'','\0','','','','','','',0,'1800-01-01 00:00:00',0,0,'','','','','','','','','','',''),(80,'Dress-crossing','Дресс-кроссинг- это дружеский\r\n  обмен шмотками, украшениями и игрушками.Вы\r\n  приносите любимые, но надоевшие вещи в хорошем состоянии, или то, что купили,\r\n  но так ни разу и не надели. А взамен получаете другие вещи, тоже хорошие, а\r\n  главное - новые!\r\n  \r\n  Итак!Вот правила посещения этого замечательного\r\n  мероприятия:)\r\n  \r\n  Вещи для обмена должны быть:\r\n  — без повреждений и браков\r\n  — чистыми и (желательно) отглаженными\r\n  — без пятен, царапин,&nbsp;\r\n  — без оторванных пуговиц или сломанных застёжек\r\n  \r\n  Объявляем дресс-кроссинг!\r\n  \r\n  Помимо всего этого ,вас ждут приятные сюрпризы,веселое\r\n  общение и моооре удовольствия!:)\r\n  \r\n  Welcome!','2013-10-16 02:24:06','\0','\0','\0',0,0,0,0,8,0,1,'','\0','','','','','','',0,'1800-01-01 00:00:00',0,0,'','','','','','','','','','',''),(81,'Несерьезно о\r\n  серьезном','Рассуждаем несерьезно о серьезном. Чем-то наши встречи\r\n  будут напоминать &quot;ПрожектоПерисХилтон&quot;,\r\n  чем-то &quot;Убойные ночи&quot;.&nbsp;\r\n  Но главная наша идея - создать нечто индивидуальное, не ограниченное\r\n  правилами и жесткими рамками. Каждый из вас сможет участвовать в\r\n  &quot;несерьезном обсуждении&quot; и предлагать свои идеи для развития\r\n  проекта.&nbsp;','2013-10-16 02:24:06','\0','\0','\0',0,0,0,0,8,0,1,'','\0','','','','','','',0,'1800-01-01 00:00:00',0,0,'','','','','','','','','','',''),(82,'Хрень-Пати','Хрень-пати – это неслыханное\r\n  счастье для каждого!&nbsp;\r\n  Ибо у каждого в закромах имеются в наличии залежи неведомой хрени. Бесценные вещички, которые мы покупаем под\r\n  действием священного потребительского адреналина в погоне за потребительской\r\n  священной эйфорией,&nbsp;занимают свои священные места в наших шкафчиках и\r\n  через пару недель мы уже не сможем предположить, зачем же нам эта\r\n  замечательная покупка. Или же добрые родственники, исполненные светлых мыслей\r\n  о Вас дарят Вам, далеко не светлому существу, очень светлые и одухотворенные\r\n  вещи, которые Вам, как существу темному ну абсолютно некуда приставить. И\r\n  вот, подаренные ими полотенца, фартуки, кошельки и подсвечники, наборы для\r\n  послушных деток – все это отправляется в ящики. А там уже купленная на\r\n  распродаже в супермаркете насадка на собачью будку в виде собаки и резиновая\r\n  шапочкой для бассейна с дыркой возле уха для многочасового разговора по\r\n  телефону. Все это пополняет ряды неведомой хрени. А\r\n  еще наши любимые вещи, которые нам становятся не нужны тоже вдруг оказываются\r\n  неведомой хренью.&nbsp;\r\n  А на другом конце вселенной живет кто-то кому так не хватает именно той\r\n  вещицы, запрятавшейся у нас в шкафу и которая долгими зимними ночами мечтает\r\n  о любящем хозяине. Где-то на другом конце вселенной сидит грустный мальчик и\r\n  дни и ночи думает о насадке на будку виде собаки. Потому, что он иногда из-за\r\n  грусти забывает, кто живет в будке. И обладатель неведомой хрени мог бы сделать мальчика счастливым, но не может…\r\n  Потому, что не знает. Потому что он здесь, а он там… А у мальчика ведь тоже\r\n  есть своя неведомая хрень, которая уже забила\r\n  собачью будку и собака уже всерьез подумывает и правда, кто же в этой будке\r\n  живет\r\n  \r\n  Посему Мастерская Настроения Место спешит на помощь в раздаче и получении хреней!\r\n  \r\n  Пы.Сы. Друзья, это НЕ Фримаркет\r\n  - это совсем другой формат! С общением, с радостным смехом, с борьбой за\r\n  классные хрени! :)','2013-10-16 02:24:06','\0','\0','\0',0,0,0,0,8,0,1,'','\0','','','','','','',0,'1800-01-01 00:00:00',0,0,'','','','','','','','','','',''),(83,'День ландшафтного\r\n  дизайна','Мастер-класс\r\n  в рамках международной выставки &quot;Дизайн содружества – 2013&quot;.\r\n  Организатор – кандидат педагогических наук, доцент СмолГУ\r\n  Дрягина Вера Борисовна.','2013-10-16 02:24:06','\0','\0','\0',0,0,0,0,8,0,1,'','\0','','','','','','',0,'1800-01-01 00:00:00',0,0,'','','','','','','','','','',''),(84,'Батик. Мастер-класс','Мастер-класс\r\n  проводит член Союза дизайнеров, заведующая художественным отделением колледжа\r\n  искусств Шутова Татьяна Ивановна.','2013-10-16 02:24:06','\0','\0','\0',0,0,0,0,8,0,1,'','\0','','','','','','',0,'1800-01-01 00:00:00',0,0,'','','','','','','','','','',''),(85,'День флористики','Мастер-класс\r\n  под названием &quot;Салон. Букет&quot; проведет Ковалева Екатерина Игоревна.\r\n  Мероприятие состоится в рамках международной выставки &quot;Дизайн\r\n  содружества – 2013&quot;.','2013-10-16 02:24:06','\0','\0','\0',0,0,0,0,8,0,1,'','\0','','','','','','',0,'1800-01-01 00:00:00',0,0,'','','','','','','','','','',''),(86,'Вольная борьба.\r\n  Всероссийский турнир памяти Л. Р. Алексеюка','Турнир\r\n  проводится в 15-й раз в память мастера спорта Советского Союза Леонида\r\n  Романовича Алексеюка. Знаменитого смоленского\r\n  спортсмена убили в октябре 1987 года. Несколько лет спустя его ученики\r\n  организовали турнир, осуществив тем самым мечту своего учителя.','2013-10-16 02:24:06','\0','\0','\0',0,0,0,0,9,0,1,'','\0','','','','','','',0,'1800-01-01 00:00:00',0,0,'','','','','','','','','','',''),(87,'По зеленым холмам\r\n  океана','Старый\r\n  Морской Волк живет в самом обыкновенном лесу и вынужден общаться с лесными\r\n  разбойниками – Совой, Вороном и Лисой. В душе он добряк и мечтает построить\r\n  корабль, чтобы поплыть &quot;по зеленым холмам океана&quot; через море света\r\n  в океан радости. Но для этого Волку очень нужен друг, который поверит в него.','2013-10-16 02:24:06','\0','\0','\0',0,0,0,0,10,0,1,'','\0','С. Козлов','','','','','',0,'1800-01-01 00:00:00',0,0,'','','','','','','','','','',''),(88,'Аленький цветочек','По мотивам\r\n  сказки Сергея Тимофеевича Аксакова. Красавица и чудовище, встретившие друг\r\n  друга благодаря аленькому цветочку и преодолевшие злое колдовство благодаря\r\n  искренней и всепобеждающей любви, – один из любимых детьми и взрослыми\r\n  сказочных сюжетов.','2013-10-16 02:24:06','\0','\0','\0',0,0,0,0,10,0,1,'','\0','И. Карнаухова, Л. Браусевич','&nbsp;В. Барковский','','','','',0,'1800-01-01 00:00:00',0,0,'','','','','','','','','','',''),(89,'Жила-была Сыроежка','Сказочная история','2013-10-16 02:24:06','\0','\0','\0',0,0,0,0,10,0,1,'','\0','В. Зимин','','','','','',0,'1800-01-01 00:00:00',0,0,'','','','','','','','','','',''),(90,'Все мальчишки – дураки','Веселая и философская детская пьеса','2013-10-16 02:24:06','\0','\0','\0',0,0,0,0,10,0,1,'','\0','К. Драгунская','','','','','',0,'1800-01-01 00:00:00',0,0,'','','','','','','','','','',''),(91,'Puppet-show «Привет! Бонжур!\r\n  Хэллоу!»','Театрализованное\r\n  музыкальное puppet-show (кукольное) представление\r\n  для взрослых и детей.','2013-10-16 02:24:06','\0','\0','\0',0,0,0,0,10,0,1,'','\0','','','','','','',0,'1800-01-01 00:00:00',0,0,'','','','','','','','','','',''),(92,'Кошкин дом','Ну кто же\r\n  не знает старую как мир пословицу, о том, что долг – платежом красен?! А ведь\r\n  действительно, для своих гостей Кошка не пожалела ни угощений, ни\r\n  развлечений! Так почему же ее не пустили на порог ее лучшие друзья? Спектакль\r\n  поможет маленьким зрителям поразмышлять над довольно непростыми нравственными\r\n  вопросами.','2013-10-16 02:24:06','\0','\0','\0',0,0,0,0,10,0,1,'','\0','С. Маршак','','','','','',0,'1800-01-01 00:00:00',0,0,'','','','','','','','','','',''),(93,'Красная Шапочка','Пошла\r\n  как-то маленькая девочка по имени Красная Шапочка к бабушке через лес и\r\n  встретила там волка. А ведь мама предупреждала ее, что опасно останавливаться\r\n  в лесу и разговаривать с незнакомыми. Не послушалась Красная Шапочка...','2013-10-16 02:24:06','\0','\0','\0',0,0,0,0,10,0,1,'','\0','Ш. Перро, Е. Шварц','','','','','',0,'1800-01-01 00:00:00',0,0,'','','','','','','','','','',''),(94,'Прыгающая принцесса','Жила-была\r\n  принцесса Ермилка, которая очень любила танцевать.\r\n  Однажды она отказалась выйти замуж за старого колдуна, и он заколдовал ее. И\r\n  теперь наша веселая Ермилка стала прыгающей\r\n  принцессой. Удастся ли принцу Иржику расколдовать поскакушку?','2013-10-16 02:24:06','\0','\0','\0',0,0,0,0,10,0,1,'','\0','Л. Дворский','&nbsp;Б. Азаров','','','','',0,'1800-01-01 00:00:00',0,0,'','','','','','','','','','',''),(95,'Белоснежка и семь\r\n  гномов','Новая\r\n  сценическая версия старинной волшебной сказки, главным украшением которой\r\n  станут яркие и непредсказуемые хозяева альпийских гор – веселые гномы.\r\n  Впервые в России на роли гномов приглашены «маленькие люди» – артисты с\r\n  большим талантом.&nbsp;\r\n  Зрителей ожидает множество танцев и песен, сценических эффектов и сказочных\r\n  превращений.','2013-10-16 02:24:06','\0','\0','\0',0,0,0,0,10,0,1,'','\0','Сказочное шоу','&nbsp;Л. И. Материнская','','','','',0,'1800-01-01 00:00:00',0,0,'','','','','','','','','','',''),(96,'Мульти-пульти','Артисты\r\n  оригинального и разговорного жанров шоу-группы «Улыбка» приглашают на веселое\r\n  сказочное представление для детей и взрослых &quot;Мульти-Пульти&quot;.\r\n  Режиссер-постановщик – Владимир Коржов.','2013-10-16 02:24:06','\0','\0','\0',0,0,0,0,10,0,1,'','\0','Сказочное представление','','','','','',0,'1800-01-01 00:00:00',0,0,'','','','','','','','','','',''),(97,'Добро пожаловать в\r\n  сказку','Экспонаты\r\n  детского музея – это сцены из известных русских народных и пушкинских сказок.\r\n  Показ выглядит как театрализованное представление. В экспозиции – детская\r\n  одежда XVII в., игрушечная посуда из фарфора конца XIX в., а также\r\n  произведения народных умельцев: вышивка, кружево, игрушки, изделия из дерева\r\n  и бересты.','2013-10-16 02:24:06','\0','\0','\0',0,0,0,0,10,0,1,'','\0','','','','','','',0,'1800-01-01 00:00:00',0,0,'','','','','','','','','','',''),(98,'Книжки в подарок','Благотворительная\r\n  акция, в программе которой: интерактивное музыкальное шоу от автора и\r\n  исполнителя детских песен Владимира Михайлова, выступление детской\r\n  хореографической студии &quot;Возрождение&quot; и фокусника Геннадия Бабенко,\r\n  а также вручение комплектов &quot;Иллюстрированные книжки для маленьких\r\n  слепых детей&quot;.','2013-10-16 02:24:07','\0','\0','\0',0,0,0,0,10,0,1,'','\0','','','','','','',0,'1800-01-01 00:00:00',0,0,'','','','','','','','','','',''),(99,'Космические\r\n  приключения Маленького принца','Астрономическая\r\n  программа по мотивам известной сказки Антуана де\r\n  Сент-Экзюпери &quot;Маленький принц&quot; учит любви, дружбе и состраданию.','2013-10-16 02:24:07','\0','\0','\0',0,0,0,0,12,0,1,'','\0','','','','','','',0,'1800-01-01 00:00:00',0,0,'','','','','','','','','','',''),(100,'Тайны Вселенной','Маленькие\r\n  зрители совершат виртуальное путешествие в пространстве и времени,\r\n  перенесутся на миллиарды лет назад и узнают, как происходило зарождение нашей\r\n  Вселенной, как образовывались звезды и планеты, какая связь между небесными\r\n  явлениями и происхождением жизни на Земле.','2013-10-16 02:24:07','\0','\0','\0',0,0,0,0,12,0,1,'','\0','','','','','','',0,'1800-01-01 00:00:00',0,0,'','','','','','','','','','',''),(101,'Путешествие в мир\r\n  атомной энергии','Из этой\r\n  уникальной программы школьники смогут узнать, откуда берется энергия в\r\n  ядерном реакторе, где делают топливо для космического корабля, как с помощью\r\n  атомной энергии опресняют воду и сбивают астероиды, насколько безопасна\r\n  работа атомной станции и многое другое.','2013-10-16 02:24:07','\0','\0','\0',0,0,0,0,12,0,1,'','\0','','','','','','',0,'1800-01-01 00:00:00',0,0,'','','','','','','','','','',''),(102,'Безопасное\r\n  обращение с РАО в России','Трудно\r\n  назвать тему, которая интересовала бы общество больше, чем обращение с радиоактивными\r\n  отходами. Посетители центра могут не только услышать, что такое РАО, но и\r\n  узнать от специалистов о реальном положении дел в этой области. Программа\r\n  выполнена в жанре виртуального спектакля с интерактивными играми и\r\n  викторинами.','2013-10-16 02:24:07','\0','\0','\0',0,0,0,0,12,0,1,'','\0','','','','','','',0,'1800-01-01 00:00:00',0,0,'','','','','','','','','','',''),(103,'Путешествие по\r\n  городам мира','На\r\n  панорамном экране известные географические объекты &quot;оживут&quot; в\r\n  динамике интерактивных уроков. В считанные секунды посетители смогут\r\n  оказаться в разных странах и регионах мира, где познакомятся с национальной\r\n  культурой и традициями коренных народов.','2013-10-16 02:24:07','\0','\0','\0',0,0,0,0,12,0,1,'','\0','','','','','','',0,'1800-01-01 00:00:00',0,0,'','','','','','','','','','',''),(104,'История астрономии\r\n  – освоение космоса','Экскурс в\r\n  историю астрономии и космонавтики. Посетители узнают о том, как возникли эти\r\n  науки, примут участие в путешествии по планетам Солнечной системы и увидят\r\n  знаменитые космические аппараты и спутники. Программа транслируется на\r\n  русском и английском языках.','2013-10-16 02:24:07','\0','\0','\0',0,0,0,0,12,0,1,'','\0','','','','','','',0,'1800-01-01 00:00:00',0,0,'','','','','','','','','','',''),(105,'Земля – планета\r\n  Солнечной системы','Посетителей\r\n  ожидает увлекательное виртуальное путешествие по Солнечной системе. Занятие\r\n  начинается со знакомства с нашей планетой и ее спутником – Луной. Школьники\r\n  увидят, как выглядит Земля из космоса и что находится на обратной стороне\r\n  Луны, а также узнают о планетах-гигантах и поучаствуют в викторинах.','2013-10-16 02:24:07','\0','\0','\0',0,0,0,0,12,0,1,'','\0','','','','','','',0,'1800-01-01 00:00:00',0,0,'','','','','','','','','','',''),(106,'Санкт-Петербург –\r\n  путешествие во времени и пространстве','Виртуальная\r\n  экскурсия по одному из красивейших и крупнейших городов России. Ребята\r\n  познакомятся с историей Санкт-Петербурга, его современной жизнью и даже\r\n  смогут заглянуть в Петербург будущего.','2013-10-16 02:24:07','\0','\0','\0',0,0,0,0,12,0,1,'','\0','','','','','','',0,'1800-01-01 00:00:00',0,0,'','','','','','','','','','',''),(107,'Первый огненный\r\n  смоленский фестиваль','Огненный Смоленский Фестиваль – это первое в своем роде\r\n  мероприятие, проводимое в городе Смоленске. Подобные фестивали уже не первый\r\n  год проводятся во многих крупных городах России, Украины и Белоруссии,\r\n  которые дают возможность командам, занимающимся фаер-шоу,\r\n  показать свои возможности на большой площадке города.','2013-10-16 02:24:07','\0','\0','\0',0,0,0,0,11,0,1,'','\0','','','','','','',0,'1800-01-01 00:00:00',0,0,'','','','','','','','','','','');
/*!40000 ALTER TABLE `actions` ENABLE KEYS */;
UNLOCK TABLES;

--
-- Table structure for table `actions_comments`
--

DROP TABLE IF EXISTS `actions_comments`;
/*!40101 SET @saved_cs_client     = @@character_set_client */;
/*!40101 SET character_set_client = utf8 */;
CREATE TABLE `actions_comments` (
  `id` bigint(20) NOT NULL AUTO_INCREMENT,
  `left_key` int(11) NOT NULL,
  `right_key` int(11) NOT NULL,
  `level` int(11) NOT NULL,
  `delete` bit(1) NOT NULL,
  `create_date` datetime NOT NULL,
  `account_id` bigint(20) NOT NULL,
  `text` text NOT NULL,
  `parent_id` bigint(20) DEFAULT NULL,
  `action_id` bigint(20) NOT NULL,
  PRIMARY KEY (`id`)
) ENGINE=InnoDB AUTO_INCREMENT=4 DEFAULT CHARSET=utf8;
/*!40101 SET character_set_client = @saved_cs_client */;

--
-- Dumping data for table `actions_comments`
--

LOCK TABLES `actions_comments` WRITE;
/*!40000 ALTER TABLE `actions_comments` DISABLE KEYS */;
INSERT INTO `actions_comments` VALUES (1,1,2,0,'\0','2013-09-17 12:49:38',7,'02',0,1),(2,1,2,0,'\0','2013-09-17 12:49:49',7,'98',1,1),(3,1,2,0,'\0','2013-10-25 12:42:14',21,'тест',0,9);
/*!40000 ALTER TABLE `actions_comments` ENABLE KEYS */;
UNLOCK TABLES;

--
-- Table structure for table `actions_genres`
--

DROP TABLE IF EXISTS `actions_genres`;
/*!40101 SET @saved_cs_client     = @@character_set_client */;
/*!40101 SET character_set_client = utf8 */;
CREATE TABLE `actions_genres` (
  `id` bigint(20) NOT NULL AUTO_INCREMENT,
  `action_id` bigint(20) NOT NULL,
  `genre_id` bigint(20) NOT NULL,
  PRIMARY KEY (`id`)
) ENGINE=InnoDB AUTO_INCREMENT=59 DEFAULT CHARSET=utf8;
/*!40101 SET character_set_client = @saved_cs_client */;

--
-- Dumping data for table `actions_genres`
--

LOCK TABLES `actions_genres` WRITE;
/*!40000 ALTER TABLE `actions_genres` DISABLE KEYS */;
INSERT INTO `actions_genres` VALUES (1,1,3),(2,1,30),(3,2,21),(4,2,23),(5,3,27),(6,4,31),(7,7,18),(8,8,20),(9,9,23),(10,10,23),(11,11,32),(12,12,23),(13,13,26),(14,14,33),(15,15,18),(16,16,21),(17,17,23),(18,18,21),(19,19,23),(20,20,18),(21,21,34),(22,22,35),(23,23,36),(24,24,36),(25,25,37),(26,26,38),(27,27,36),(28,34,39),(29,35,36),(30,40,40),(31,41,40),(32,42,1),(33,43,1),(34,44,12),(35,46,41),(36,48,9),(37,49,42),(38,49,43),(39,54,43),(40,55,44),(41,56,43),(42,65,43),(43,66,43),(44,68,43),(45,68,43),(46,73,45),(47,74,1),(48,75,46),(49,79,1),(50,80,47),(51,82,43),(52,83,43),(53,87,48),(54,88,49),(55,92,50),(56,93,51),(57,94,52),(58,106,43);
/*!40000 ALTER TABLE `actions_genres` ENABLE KEYS */;
UNLOCK TABLES;

--
-- Table structure for table `actions_photos`
--

DROP TABLE IF EXISTS `actions_photos`;
/*!40101 SET @saved_cs_client     = @@character_set_client */;
/*!40101 SET character_set_client = utf8 */;
CREATE TABLE `actions_photos` (
  `id` bigint(20) NOT NULL AUTO_INCREMENT,
  `thumbnail` varchar(100) DEFAULT NULL,
  `normal` varchar(100) DEFAULT NULL,
  `action_id` bigint(20) DEFAULT NULL,
  `is_main` bit(1) DEFAULT NULL,
  PRIMARY KEY (`id`)
) ENGINE=InnoDB AUTO_INCREMENT=106 DEFAULT CHARSET=utf8;
/*!40101 SET character_set_client = @saved_cs_client */;

--
-- Dumping data for table `actions_photos`
--

LOCK TABLES `actions_photos` WRITE;
/*!40000 ALTER TABLE `actions_photos` DISABLE KEYS */;
INSERT INTO `actions_photos` VALUES (1,'s1.jpg','b1.jpg',1,''),(2,'s2.jpg','b2.jpg',1,'\0'),(3,'s3.jpg','b3.jpg',1,'\0'),(4,'s42.jpg',NULL,4,''),(5,'s32.jpg',NULL,3,''),(6,'a74accc2-d718-4dba-a75c-8a481e04e4f7.small.jpg','a74accc2-d718-4dba-a75c-8a481e04e4f7.normal.jpg',7,''),(7,'aadafd3b-0140-4e24-bb80-b7d0061b96cd.small.jpg','aadafd3b-0140-4e24-bb80-b7d0061b96cd.normal.jpg',8,''),(8,'20eb78cc-84b2-4751-94ef-283c29c11031.small.jpg','20eb78cc-84b2-4751-94ef-283c29c11031.normal.jpg',9,''),(9,'4dceb8c5-deb3-4470-b512-10160f968524.small.jpg','4dceb8c5-deb3-4470-b512-10160f968524.normal.jpg',10,''),(10,'c7efb833-1e8a-414c-a287-98c8dbeaaa27.small.jpg','c7efb833-1e8a-414c-a287-98c8dbeaaa27.normal.jpg',11,''),(11,'8f2e21aa-ea23-4bf6-8a1c-9e992ae89f13.small.jpg','8f2e21aa-ea23-4bf6-8a1c-9e992ae89f13.normal.jpg',12,''),(12,'1b6b6a47-0bbe-4aa4-a83d-379f77d5af73.small.jpg','1b6b6a47-0bbe-4aa4-a83d-379f77d5af73.normal.jpg',13,''),(13,'d3cc07bf-c26a-4db4-b53d-c9f03b45065f.small.jpg','d3cc07bf-c26a-4db4-b53d-c9f03b45065f.normal.jpg',14,''),(14,'7e2d38f4-cc94-418c-8bfe-c97d45b797dc.small.jpg','7e2d38f4-cc94-418c-8bfe-c97d45b797dc.normal.jpg',15,''),(15,'a0f99766-aab6-4578-bf9c-844f0b0fbd70.small.jpg','a0f99766-aab6-4578-bf9c-844f0b0fbd70.normal.jpg',16,''),(16,'f88c5909-e7bc-40a7-a2be-e3192becd146.small.jpg','f88c5909-e7bc-40a7-a2be-e3192becd146.normal.jpg',17,''),(17,'230362df-7c91-485b-b615-e2940bc4d46c.small.jpg','230362df-7c91-485b-b615-e2940bc4d46c.normal.jpg',18,''),(18,'1b078559-5a13-4a99-9911-5b0c263aca7d.small.jpg','1b078559-5a13-4a99-9911-5b0c263aca7d.normal.jpg',19,''),(19,'98d38da2-5961-427c-b870-4f2b114fdf6e.small.jpg','98d38da2-5961-427c-b870-4f2b114fdf6e.normal.jpg',20,''),(20,'823b7676-4327-4b08-8bda-cf102c61631d.small.jpg','823b7676-4327-4b08-8bda-cf102c61631d.normal.jpg',21,''),(21,'8ad02490-3e70-4e0b-b428-7e3d6ed7c039.small.jpg','8ad02490-3e70-4e0b-b428-7e3d6ed7c039.normal.jpg',22,''),(22,'f6081654-6c53-4078-9c20-89f580077e10.small.jpg','f6081654-6c53-4078-9c20-89f580077e10.normal.jpg',23,''),(23,'337eacc9-7f15-4b7e-a8c8-73edc6462654.small.jpg','337eacc9-7f15-4b7e-a8c8-73edc6462654.normal.jpg',24,''),(24,'87666e8d-ce43-42d6-a749-c9329d2bcbfb.small.jpg','87666e8d-ce43-42d6-a749-c9329d2bcbfb.normal.jpg',25,''),(25,'4c1195ad-da8e-48d1-af4a-c757f7be60cb.small.jpg','4c1195ad-da8e-48d1-af4a-c757f7be60cb.normal.jpg',26,''),(26,'ef990dd0-4957-4e7c-b8a6-c330c60ffadb.small.jpg','ef990dd0-4957-4e7c-b8a6-c330c60ffadb.normal.jpg',27,''),(27,'0fb067b5-b951-4806-a7d2-8b5e5e8677ea.small.jpg','0fb067b5-b951-4806-a7d2-8b5e5e8677ea.normal.jpg',28,''),(28,'41de59b8-cf0b-4f1e-bfcd-446a6a8e61bf.small.jpg','41de59b8-cf0b-4f1e-bfcd-446a6a8e61bf.normal.jpg',29,''),(29,'7c97326a-5b78-47c7-a472-466d02dc66db.small.jpg','7c97326a-5b78-47c7-a472-466d02dc66db.normal.jpg',30,''),(30,'2f306ad5-0687-4919-9dc5-bc546f8ea803.small.jpg','2f306ad5-0687-4919-9dc5-bc546f8ea803.normal.jpg',31,''),(31,'4d0146b6-76c0-49a3-9532-0ebd4ca08641.small.jpg','4d0146b6-76c0-49a3-9532-0ebd4ca08641.normal.jpg',32,''),(32,'b442be03-d2d6-4462-a927-637ed094b339.small.jpg','b442be03-d2d6-4462-a927-637ed094b339.normal.jpg',33,''),(33,'abe39e3a-bbe4-4cb3-aa43-d3156e8b4888.small.jpg','abe39e3a-bbe4-4cb3-aa43-d3156e8b4888.normal.jpg',34,''),(34,'446c03bd-970a-4d66-90dc-9ed37132f9af.small.jpg','446c03bd-970a-4d66-90dc-9ed37132f9af.normal.jpg',35,''),(35,'eca3c906-4d9f-4d1a-86bc-b3f188140442.small.jpg','eca3c906-4d9f-4d1a-86bc-b3f188140442.normal.jpg',36,''),(36,'ac5ba662-908a-46dd-b875-0a6f17b6b040.small.jpg','ac5ba662-908a-46dd-b875-0a6f17b6b040.normal.jpg',37,''),(37,'92bbaa18-c828-4d7f-adb9-e75a3748094d.small.jpg','92bbaa18-c828-4d7f-adb9-e75a3748094d.normal.jpg',38,''),(38,'f1646f6a-c012-4b48-b960-8a77f7e76df8.small.jpg','f1646f6a-c012-4b48-b960-8a77f7e76df8.normal.jpg',40,''),(39,'55617221-e0b2-4621-8638-abaefa1792ee.small.jpg','55617221-e0b2-4621-8638-abaefa1792ee.normal.jpg',41,''),(40,'4e38fabb-dabb-4110-bf98-13525151f7e8.small.jpg','4e38fabb-dabb-4110-bf98-13525151f7e8.normal.jpg',42,''),(41,'f194052f-80d3-4fd9-a820-eabc42afd24c.small.jpg','f194052f-80d3-4fd9-a820-eabc42afd24c.normal.jpg',43,''),(42,'32eb0dd6-b85e-40c6-bed4-3b6c5a94a5b0.small.jpg','32eb0dd6-b85e-40c6-bed4-3b6c5a94a5b0.normal.jpg',44,''),(43,'a2b2d61b-0f84-4fa8-b3e8-d33328466d82.small.jpg','a2b2d61b-0f84-4fa8-b3e8-d33328466d82.normal.jpg',45,''),(44,'6fbfaabb-7062-47ab-af3f-b66be3d012c4.small.jpg','6fbfaabb-7062-47ab-af3f-b66be3d012c4.normal.jpg',46,''),(45,'35d26fc2-1653-43af-8e14-c78803cf708f.small.jpg','35d26fc2-1653-43af-8e14-c78803cf708f.normal.jpg',47,''),(46,'82a8cafb-b307-4772-844c-ebbecb6b360c.small.jpg','82a8cafb-b307-4772-844c-ebbecb6b360c.normal.jpg',48,''),(47,'5bc8f765-6afb-4cc0-9841-5d31ee2dbcdb.small.jpg','5bc8f765-6afb-4cc0-9841-5d31ee2dbcdb.normal.jpg',49,''),(48,'e658c0d5-3016-4431-89eb-497bf0fab232.small.jpg','e658c0d5-3016-4431-89eb-497bf0fab232.normal.jpg',50,''),(49,'03d910e3-a12c-42b4-a705-727d2bfd09d9.small.jpg','03d910e3-a12c-42b4-a705-727d2bfd09d9.normal.jpg',51,''),(50,'511d0e41-e12a-47da-91e9-9115ac38d24e.small.jpg','511d0e41-e12a-47da-91e9-9115ac38d24e.normal.jpg',52,''),(51,'56dc8484-6690-478c-b067-e93d2bebf3ee.small.jpg','56dc8484-6690-478c-b067-e93d2bebf3ee.normal.jpg',53,''),(52,'3aafc2fd-233e-4615-8c5c-e1846a62715a.small.jpg','3aafc2fd-233e-4615-8c5c-e1846a62715a.normal.jpg',54,''),(53,'177aa515-648c-4268-aacd-c3b87c3b6c8e.small.jpg','177aa515-648c-4268-aacd-c3b87c3b6c8e.normal.jpg',55,''),(54,'d0dbbe16-7504-4c41-b6f6-3e92ceacce05.small.jpg','d0dbbe16-7504-4c41-b6f6-3e92ceacce05.normal.jpg',56,''),(55,'3e402c6d-2b11-4a01-bc86-6667c8e1eb13.small.jpg','3e402c6d-2b11-4a01-bc86-6667c8e1eb13.normal.jpg',57,''),(56,'bac7e332-f5c9-4ca0-87cc-8c2845bd1009.small.jpg','bac7e332-f5c9-4ca0-87cc-8c2845bd1009.normal.jpg',58,''),(57,'27b8d638-ad0d-49ae-aa24-7a3cf462411a.small.jpg','27b8d638-ad0d-49ae-aa24-7a3cf462411a.normal.jpg',59,''),(58,'138a1240-59b7-4d3d-ae1f-225c9384787b.small.jpg','138a1240-59b7-4d3d-ae1f-225c9384787b.normal.jpg',60,''),(59,'264090fb-b670-49d7-8203-2103d1f98aa4.small.jpg','264090fb-b670-49d7-8203-2103d1f98aa4.normal.jpg',61,''),(60,'3c133d1b-0dbe-4d3d-8c19-df373d41fc45.small.jpg','3c133d1b-0dbe-4d3d-8c19-df373d41fc45.normal.jpg',62,''),(61,'104959a5-e68f-47d2-9db1-d086cb0936f0.small.jpg','104959a5-e68f-47d2-9db1-d086cb0936f0.normal.jpg',63,''),(62,'a7ad9204-a6fa-414a-b412-e9fae562228b.small.jpg','a7ad9204-a6fa-414a-b412-e9fae562228b.normal.jpg',64,''),(63,'6a99eb53-2231-40a6-82a8-bafdde6d0ae6.small.jpg','6a99eb53-2231-40a6-82a8-bafdde6d0ae6.normal.jpg',65,''),(64,'a2bd6c36-1482-4e7c-a3a6-bbf8a4c802e7.small.jpg','a2bd6c36-1482-4e7c-a3a6-bbf8a4c802e7.normal.jpg',66,''),(65,'61b0a4cd-a921-4360-ab6a-ab61a8f9b9c9.small.jpg','61b0a4cd-a921-4360-ab6a-ab61a8f9b9c9.normal.jpg',67,''),(66,'cb0b5877-21f5-4aac-9bf2-00f2656a0b34.small.jpg','cb0b5877-21f5-4aac-9bf2-00f2656a0b34.normal.jpg',68,''),(67,'c1eefab3-945c-46a2-b817-b769722228af.small.jpg','c1eefab3-945c-46a2-b817-b769722228af.normal.jpg',69,''),(68,'6a4c679e-46b3-4da7-8867-5d6102c6447b.small.jpg','6a4c679e-46b3-4da7-8867-5d6102c6447b.normal.jpg',70,''),(69,'6f742aee-1696-4ba5-90a5-961281982d5d.small.jpg','6f742aee-1696-4ba5-90a5-961281982d5d.normal.jpg',71,''),(70,'3f88a637-f8e5-4684-b13f-e7adbb5d5767.small.jpg','3f88a637-f8e5-4684-b13f-e7adbb5d5767.normal.jpg',72,''),(71,'e8291752-49b5-4541-90b6-b1c2321c0f80.small.jpg','e8291752-49b5-4541-90b6-b1c2321c0f80.normal.jpg',73,''),(72,'6fb4cc96-155e-46fa-bd60-2cda9258fec8.small.jpg','6fb4cc96-155e-46fa-bd60-2cda9258fec8.normal.jpg',74,''),(73,'a5f35b4c-2004-4930-abce-1dc5ae278076.small.jpg','a5f35b4c-2004-4930-abce-1dc5ae278076.normal.jpg',75,''),(74,'03d9620e-ec4d-417b-a78e-1d035ebbca30.small.jpg','03d9620e-ec4d-417b-a78e-1d035ebbca30.normal.jpg',76,''),(75,'39b8d0d6-bd50-42f2-bd0a-9c74f08378aa.small.jpg','39b8d0d6-bd50-42f2-bd0a-9c74f08378aa.normal.jpg',77,''),(76,'78d511b2-8c95-4b10-af5f-2f1df037e771.small.jpg','78d511b2-8c95-4b10-af5f-2f1df037e771.normal.jpg',78,''),(77,'50af756b-1529-4e2a-922a-d5c59736ea0c.small.jpg','50af756b-1529-4e2a-922a-d5c59736ea0c.normal.jpg',79,''),(78,'c553b984-f350-4a0a-b354-b1107678fec1.small.jpg','c553b984-f350-4a0a-b354-b1107678fec1.normal.jpg',80,''),(79,'64e157ce-447f-4388-9c41-c000b30cc1cc.small.jpg','64e157ce-447f-4388-9c41-c000b30cc1cc.normal.jpg',81,''),(80,'7d0f9376-0475-4a95-ae98-98be87b7225e.small.jpg','7d0f9376-0475-4a95-ae98-98be87b7225e.normal.jpg',82,''),(81,'245b3d1c-a192-473f-8af6-dbdb18786aab.small.jpg','245b3d1c-a192-473f-8af6-dbdb18786aab.normal.jpg',83,''),(82,'fab143ad-a59a-4c77-90f8-61e64e7456ec.small.jpg','fab143ad-a59a-4c77-90f8-61e64e7456ec.normal.jpg',84,''),(83,'29965333-1946-45de-b70e-910f09153843.small.jpg','29965333-1946-45de-b70e-910f09153843.normal.jpg',85,''),(84,'4019528c-c955-4784-825e-d93ed920b640.small.jpg','4019528c-c955-4784-825e-d93ed920b640.normal.jpg',86,''),(85,'e41847ae-40bf-46c2-b54d-612056c5b3d8.small.jpg','e41847ae-40bf-46c2-b54d-612056c5b3d8.normal.jpg',87,''),(86,'9992c744-e7d7-45f1-8635-165763d9a398.small.jpg','9992c744-e7d7-45f1-8635-165763d9a398.normal.jpg',88,''),(87,'de7ade90-3019-4f7f-970e-df2d935b1e92.small.jpg','de7ade90-3019-4f7f-970e-df2d935b1e92.normal.jpg',89,''),(88,'293b42d8-170e-480f-b3d2-9cddbf86f484.small.jpg','293b42d8-170e-480f-b3d2-9cddbf86f484.normal.jpg',90,''),(89,'39de27f6-bf6c-4881-a518-577ea6dec0a9.small.jpg','39de27f6-bf6c-4881-a518-577ea6dec0a9.normal.jpg',91,''),(90,'6f49d2d9-d9f6-4f8f-859b-16bd4f1a622e.small.jpg','6f49d2d9-d9f6-4f8f-859b-16bd4f1a622e.normal.jpg',92,''),(91,'09f8ffe8-bfc0-4986-90c4-9f055970f5d0.small.jpg','09f8ffe8-bfc0-4986-90c4-9f055970f5d0.normal.jpg',93,''),(92,'2ce6359b-7308-4d13-94da-e70bc1799b78.small.png','2ce6359b-7308-4d13-94da-e70bc1799b78.normal.png',94,''),(93,'7ee98425-15ca-4aee-93e7-16068b7fb787.small.jpg','7ee98425-15ca-4aee-93e7-16068b7fb787.normal.jpg',95,''),(94,'4476917e-ba10-4e70-a806-2599840eb8d5.small.jpg','4476917e-ba10-4e70-a806-2599840eb8d5.normal.jpg',96,''),(95,'d22ba53a-1416-4db1-a840-ba825494f1f4.small.jpg','d22ba53a-1416-4db1-a840-ba825494f1f4.normal.jpg',97,''),(96,'788b1168-9bbb-4d55-91bd-9463f30314dd.small.jpg','788b1168-9bbb-4d55-91bd-9463f30314dd.normal.jpg',98,''),(97,'d2330362-cccb-4921-8fcd-4ac0014d2985.small.jpg','d2330362-cccb-4921-8fcd-4ac0014d2985.normal.jpg',99,''),(98,'f2442b2c-d955-41b4-b7cc-72a3e002b6da.small.jpg','f2442b2c-d955-41b4-b7cc-72a3e002b6da.normal.jpg',100,''),(99,'8946059a-0e7c-40b6-9e65-b503dadb3691.small.jpg','8946059a-0e7c-40b6-9e65-b503dadb3691.normal.jpg',101,''),(100,'f8cf9f32-b6ac-442f-b243-8bf41ac047da.small.jpg','f8cf9f32-b6ac-442f-b243-8bf41ac047da.normal.jpg',102,''),(101,'b3ed286a-cbca-41fb-91bb-b46be761994d.small.jpg','b3ed286a-cbca-41fb-91bb-b46be761994d.normal.jpg',103,''),(102,'0309e48b-44e1-42da-b1d7-d320e547163e.small.jpg','0309e48b-44e1-42da-b1d7-d320e547163e.normal.jpg',104,''),(103,'6f7f2fea-68f2-44c1-bddd-f9577bde8dd9.small.jpg','6f7f2fea-68f2-44c1-bddd-f9577bde8dd9.normal.jpg',105,''),(104,'ae0cfda8-9360-4bbd-9696-219a62d5d39a.small.jpg','ae0cfda8-9360-4bbd-9696-219a62d5d39a.normal.jpg',106,''),(105,'440a1c18-1744-41aa-b035-cc3f1203e363.small.jpg','440a1c18-1744-41aa-b035-cc3f1203e363.normal.jpg',107,'');
/*!40000 ALTER TABLE `actions_photos` ENABLE KEYS */;
UNLOCK TABLES;

--
-- Table structure for table `actions_places`
--

DROP TABLE IF EXISTS `actions_places`;
/*!40101 SET @saved_cs_client     = @@character_set_client */;
/*!40101 SET character_set_client = utf8 */;
CREATE TABLE `actions_places` (
  `id` bigint(20) NOT NULL AUTO_INCREMENT,
  `action_id` bigint(20) NOT NULL,
  `place_id` bigint(20) NOT NULL,
  PRIMARY KEY (`id`)
) ENGINE=InnoDB AUTO_INCREMENT=118 DEFAULT CHARSET=utf8;
/*!40101 SET character_set_client = @saved_cs_client */;

--
-- Dumping data for table `actions_places`
--

LOCK TABLES `actions_places` WRITE;
/*!40000 ALTER TABLE `actions_places` DISABLE KEYS */;
INSERT INTO `actions_places` VALUES (1,7,4),(2,8,4),(3,9,4),(4,10,5),(5,11,5),(6,12,5),(7,13,5),(8,7,7),(9,10,7),(10,8,7),(11,14,7),(12,15,8),(13,7,8),(14,16,8),(15,12,8),(16,17,8),(17,18,8),(18,8,8),(19,19,8),(20,10,8),(21,14,8),(22,20,8),(23,11,8),(24,21,9),(25,22,9),(26,23,9),(27,24,9),(28,25,9),(29,26,9),(30,27,9),(31,28,10),(32,29,10),(33,30,10),(34,31,10),(35,32,10),(36,33,10),(37,34,11),(38,35,11),(39,36,12),(40,37,12),(41,38,12),(42,39,13),(43,39,14),(44,39,15),(45,40,16),(46,41,16),(47,42,16),(48,43,16),(49,44,17),(50,45,17),(51,46,17),(52,47,9),(53,39,18),(54,48,19),(55,49,9),(56,50,17),(57,51,20),(58,52,20),(59,53,20),(60,54,21),(61,55,21),(62,56,22),(63,57,22),(64,58,23),(65,59,24),(66,60,25),(67,61,26),(68,62,26),(69,63,27),(70,64,28),(71,65,28),(72,39,29),(73,66,30),(74,67,31),(75,68,32),(76,69,32),(77,70,32),(78,71,32),(79,72,32),(80,73,17),(81,74,17),(82,75,33),(83,76,34),(84,77,35),(85,78,35),(86,79,35),(87,80,35),(88,81,35),(89,82,35),(90,39,31),(91,83,28),(92,84,28),(93,85,28),(94,39,36),(95,39,37),(96,86,38),(97,87,9),(98,88,9),(99,89,10),(100,90,10),(101,91,39),(102,92,39),(103,93,39),(104,94,39),(105,95,18),(106,96,16),(107,97,40),(108,98,28),(109,99,41),(110,100,41),(111,101,42),(112,102,42),(113,103,42),(114,104,42),(115,105,42),(116,106,42),(117,107,44);
/*!40000 ALTER TABLE `actions_places` ENABLE KEYS */;
UNLOCK TABLES;

--
-- Table structure for table `actions_rating`
--

DROP TABLE IF EXISTS `actions_rating`;
/*!40101 SET @saved_cs_client     = @@character_set_client */;
/*!40101 SET character_set_client = utf8 */;
CREATE TABLE `actions_rating` (
  `id` bigint(20) NOT NULL AUTO_INCREMENT,
  `account_id` bigint(20) NOT NULL,
  `action_id` bigint(20) NOT NULL,
  `rating` int(11) DEFAULT NULL,
  `create_date` datetime DEFAULT NULL,
  PRIMARY KEY (`id`)
) ENGINE=InnoDB AUTO_INCREMENT=3 DEFAULT CHARSET=utf8;
/*!40101 SET character_set_client = @saved_cs_client */;

--
-- Dumping data for table `actions_rating`
--

LOCK TABLES `actions_rating` WRITE;
/*!40000 ALTER TABLE `actions_rating` DISABLE KEYS */;
INSERT INTO `actions_rating` VALUES (1,10,1,3,NULL),(2,21,9,3,'2013-10-25 12:40:51');
/*!40000 ALTER TABLE `actions_rating` ENABLE KEYS */;
UNLOCK TABLES;

--
-- Table structure for table `actions_schedule`
--

DROP TABLE IF EXISTS `actions_schedule`;
/*!40101 SET @saved_cs_client     = @@character_set_client */;
/*!40101 SET character_set_client = utf8 */;
CREATE TABLE `actions_schedule` (
  `id` bigint(20) NOT NULL AUTO_INCREMENT,
  `action_place_id` bigint(20) NOT NULL,
  `datetime` datetime DEFAULT NULL,
  PRIMARY KEY (`id`)
) ENGINE=InnoDB AUTO_INCREMENT=1506 DEFAULT CHARSET=utf8;
/*!40101 SET character_set_client = @saved_cs_client */;

--
-- Dumping data for table `actions_schedule`
--

LOCK TABLES `actions_schedule` WRITE;
/*!40000 ALTER TABLE `actions_schedule` DISABLE KEYS */;
INSERT INTO `actions_schedule` VALUES (1,1,'2013-09-15 13:00:00'),(2,1,'2013-09-16 13:00:00'),(3,1,'2013-09-16 20:00:00'),(4,1,'2013-09-17 13:00:00'),(5,1,'2013-09-19 13:00:00'),(6,2,'2013-09-25 20:00:00'),(7,2,'2013-09-26 21:00:00'),(8,1,'2013-10-10 09:00:00'),(9,1,'2013-10-10 11:25:00'),(10,1,'2013-10-10 15:35:00'),(11,1,'2013-10-10 19:45:00'),(12,1,'2013-10-10 22:10:00'),(13,1,'2013-10-11 09:00:00'),(14,1,'2013-10-11 11:25:00'),(15,1,'2013-10-11 15:35:00'),(16,1,'2013-10-11 19:45:00'),(17,1,'2013-10-11 22:10:00'),(18,1,'2013-10-12 09:00:00'),(19,1,'2013-10-12 11:25:00'),(20,1,'2013-10-12 15:35:00'),(21,1,'2013-10-12 19:45:00'),(22,1,'2013-10-12 22:10:00'),(23,1,'2013-10-13 09:00:00'),(24,1,'2013-10-13 11:25:00'),(25,1,'2013-10-13 15:35:00'),(26,1,'2013-10-13 19:45:00'),(27,1,'2013-10-13 22:10:00'),(28,1,'2013-10-14 09:00:00'),(29,1,'2013-10-14 11:25:00'),(30,1,'2013-10-14 15:35:00'),(31,1,'2013-10-14 19:45:00'),(32,1,'2013-10-14 22:10:00'),(33,1,'2013-10-15 09:00:00'),(34,1,'2013-10-15 11:25:00'),(35,1,'2013-10-15 15:35:00'),(36,1,'2013-10-15 19:45:00'),(37,1,'2013-10-15 22:10:00'),(38,1,'2013-10-16 09:00:00'),(39,1,'2013-10-16 11:25:00'),(40,1,'2013-10-16 15:35:00'),(41,1,'2013-10-16 19:45:00'),(42,1,'2013-10-16 22:10:00'),(43,2,'2013-10-10 13:50:00'),(44,2,'2013-10-10 18:00:00'),(45,2,'2013-10-11 13:50:00'),(46,2,'2013-10-11 18:00:00'),(47,2,'2013-10-12 13:50:00'),(48,2,'2013-10-12 18:00:00'),(49,2,'2013-10-13 13:50:00'),(50,2,'2013-10-13 18:00:00'),(51,2,'2013-10-14 13:50:00'),(52,2,'2013-10-14 18:00:00'),(53,2,'2013-10-15 13:50:00'),(54,2,'2013-10-15 18:00:00'),(55,2,'2013-10-16 13:50:00'),(56,2,'2013-10-16 18:00:00'),(57,3,'2013-10-24 00:00:00'),(58,3,'2013-10-25 00:00:00'),(59,3,'2013-10-26 00:00:00'),(60,3,'2013-10-27 00:00:00'),(61,3,'2013-10-28 00:00:00'),(62,3,'2013-10-29 00:00:00'),(63,3,'2013-10-30 00:00:00'),(64,4,'2013-10-10 11:00:00'),(65,4,'2013-10-11 11:00:00'),(66,4,'2013-10-12 11:00:00'),(67,4,'2013-10-13 11:00:00'),(68,4,'2013-10-14 11:00:00'),(69,4,'2013-10-15 11:00:00'),(70,4,'2013-10-16 11:00:00'),(71,5,'2013-10-10 12:50:00'),(72,5,'2013-10-10 17:10:00'),(73,5,'2013-10-11 12:50:00'),(74,5,'2013-10-11 17:10:00'),(75,5,'2013-10-12 12:50:00'),(76,5,'2013-10-12 17:10:00'),(77,5,'2013-10-13 12:50:00'),(78,5,'2013-10-13 17:10:00'),(79,5,'2013-10-14 12:50:00'),(80,5,'2013-10-14 17:10:00'),(81,5,'2013-10-15 12:50:00'),(82,5,'2013-10-15 17:10:00'),(83,5,'2013-10-16 12:50:00'),(84,5,'2013-10-16 17:10:00'),(85,6,'2013-10-10 14:40:00'),(86,6,'2013-10-10 19:00:00'),(87,6,'2013-10-10 21:30:00'),(88,6,'2013-10-11 14:40:00'),(89,6,'2013-10-11 19:00:00'),(90,6,'2013-10-11 21:30:00'),(91,6,'2013-10-12 14:40:00'),(92,6,'2013-10-12 19:00:00'),(93,6,'2013-10-12 21:30:00'),(94,6,'2013-10-13 14:40:00'),(95,6,'2013-10-13 19:00:00'),(96,6,'2013-10-13 21:30:00'),(97,6,'2013-10-14 14:40:00'),(98,6,'2013-10-14 19:00:00'),(99,6,'2013-10-14 21:30:00'),(100,6,'2013-10-15 14:40:00'),(101,6,'2013-10-15 19:00:00'),(102,6,'2013-10-15 21:30:00'),(103,6,'2013-10-16 14:40:00'),(104,6,'2013-10-16 19:00:00'),(105,6,'2013-10-16 21:30:00'),(106,7,'2013-10-17 00:00:00'),(107,7,'2013-10-18 00:00:00'),(108,7,'2013-10-19 00:00:00'),(109,7,'2013-10-20 00:00:00'),(110,7,'2013-10-21 00:00:00'),(111,7,'2013-10-22 00:00:00'),(112,7,'2013-10-23 00:00:00'),(113,8,'2013-10-10 11:30:00'),(114,8,'2013-10-10 14:00:00'),(115,8,'2013-10-10 16:30:00'),(116,8,'2013-10-10 19:00:00'),(117,8,'2013-10-10 20:40:00'),(118,8,'2013-10-10 21:30:00'),(119,8,'2013-10-11 11:30:00'),(120,8,'2013-10-11 14:00:00'),(121,8,'2013-10-11 16:30:00'),(122,8,'2013-10-11 19:00:00'),(123,8,'2013-10-11 20:40:00'),(124,8,'2013-10-11 21:30:00'),(125,8,'2013-10-12 11:30:00'),(126,8,'2013-10-12 14:00:00'),(127,8,'2013-10-12 16:30:00'),(128,8,'2013-10-12 19:00:00'),(129,8,'2013-10-12 20:40:00'),(130,8,'2013-10-12 21:30:00'),(131,8,'2013-10-13 11:30:00'),(132,8,'2013-10-13 14:00:00'),(133,8,'2013-10-13 16:30:00'),(134,8,'2013-10-13 19:00:00'),(135,8,'2013-10-13 20:40:00'),(136,8,'2013-10-13 21:30:00'),(137,8,'2013-10-14 11:30:00'),(138,8,'2013-10-14 14:00:00'),(139,8,'2013-10-14 16:30:00'),(140,8,'2013-10-14 19:00:00'),(141,8,'2013-10-14 20:40:00'),(142,8,'2013-10-14 21:30:00'),(143,8,'2013-10-15 11:30:00'),(144,8,'2013-10-15 14:00:00'),(145,8,'2013-10-15 16:30:00'),(146,8,'2013-10-15 19:00:00'),(147,8,'2013-10-15 20:40:00'),(148,8,'2013-10-15 21:30:00'),(149,8,'2013-10-16 11:30:00'),(150,8,'2013-10-16 14:00:00'),(151,8,'2013-10-16 16:30:00'),(152,8,'2013-10-16 19:00:00'),(153,8,'2013-10-16 20:40:00'),(154,8,'2013-10-16 21:30:00'),(155,9,'2013-10-09 11:15:00'),(156,9,'2013-10-09 16:50:00'),(157,9,'2013-10-10 11:15:00'),(158,9,'2013-10-10 16:50:00'),(159,9,'2013-10-11 11:15:00'),(160,9,'2013-10-11 16:50:00'),(161,9,'2013-10-12 11:15:00'),(162,9,'2013-10-12 16:50:00'),(163,9,'2013-10-13 11:15:00'),(164,9,'2013-10-13 16:50:00'),(165,9,'2013-10-14 11:15:00'),(166,9,'2013-10-14 16:50:00'),(167,9,'2013-10-15 11:15:00'),(168,9,'2013-10-15 16:50:00'),(169,9,'2013-10-16 11:15:00'),(170,9,'2013-10-16 16:50:00'),(171,10,'2013-10-09 13:15:00'),(172,10,'2013-10-09 15:00:00'),(173,10,'2013-10-09 18:50:00'),(174,10,'2013-10-10 13:15:00'),(175,10,'2013-10-10 15:00:00'),(176,10,'2013-10-10 18:50:00'),(177,10,'2013-10-11 13:15:00'),(178,10,'2013-10-11 15:00:00'),(179,10,'2013-10-11 18:50:00'),(180,10,'2013-10-12 13:15:00'),(181,10,'2013-10-12 15:00:00'),(182,10,'2013-10-12 18:50:00'),(183,10,'2013-10-13 13:15:00'),(184,10,'2013-10-13 15:00:00'),(185,10,'2013-10-13 18:50:00'),(186,10,'2013-10-14 13:15:00'),(187,10,'2013-10-14 15:00:00'),(188,10,'2013-10-14 18:50:00'),(189,10,'2013-10-15 13:15:00'),(190,10,'2013-10-15 15:00:00'),(191,10,'2013-10-15 18:50:00'),(192,10,'2013-10-16 13:15:00'),(193,10,'2013-10-16 15:00:00'),(194,10,'2013-10-16 18:50:00'),(195,11,'2013-10-09 23:15:00'),(196,11,'2013-10-09 23:55:00'),(197,11,'2013-10-10 23:15:00'),(198,11,'2013-10-10 23:55:00'),(199,11,'2013-10-11 23:15:00'),(200,11,'2013-10-11 23:55:00'),(201,11,'2013-10-12 23:15:00'),(202,11,'2013-10-12 23:55:00'),(203,11,'2013-10-13 23:15:00'),(204,11,'2013-10-13 23:55:00'),(205,11,'2013-10-14 23:15:00'),(206,11,'2013-10-14 23:55:00'),(207,11,'2013-10-15 23:15:00'),(208,11,'2013-10-15 23:55:00'),(209,11,'2013-10-16 23:15:00'),(210,11,'2013-10-16 23:55:00'),(211,12,'2013-10-12 21:30:00'),(212,12,'2013-10-12 23:20:00'),(213,12,'2013-10-13 21:30:00'),(214,12,'2013-10-13 23:20:00'),(215,12,'2013-10-14 21:30:00'),(216,12,'2013-10-14 23:20:00'),(217,12,'2013-10-15 21:30:00'),(218,12,'2013-10-15 23:20:00'),(219,12,'2013-10-16 21:30:00'),(220,12,'2013-10-16 23:20:00'),(221,13,'2013-10-10 10:00:00'),(222,13,'2013-10-10 12:30:00'),(223,13,'2013-10-10 13:00:00'),(224,13,'2013-10-10 13:50:00'),(225,13,'2013-10-10 15:00:00'),(226,13,'2013-10-10 16:30:00'),(227,13,'2013-10-10 17:30:00'),(228,13,'2013-10-10 19:00:00'),(229,13,'2013-10-10 20:00:00'),(230,13,'2013-10-10 21:00:00'),(231,13,'2013-10-10 22:30:00'),(232,13,'2013-10-10 23:50:00'),(233,13,'2013-10-10 01:00:00'),(234,13,'2013-10-11 10:00:00'),(235,13,'2013-10-11 12:30:00'),(236,13,'2013-10-11 13:00:00'),(237,13,'2013-10-11 13:50:00'),(238,13,'2013-10-11 15:00:00'),(239,13,'2013-10-11 16:30:00'),(240,13,'2013-10-11 17:30:00'),(241,13,'2013-10-11 19:00:00'),(242,13,'2013-10-11 20:00:00'),(243,13,'2013-10-11 21:00:00'),(244,13,'2013-10-11 22:30:00'),(245,13,'2013-10-11 23:50:00'),(246,13,'2013-10-11 01:00:00'),(247,13,'2013-10-12 10:00:00'),(248,13,'2013-10-12 12:30:00'),(249,13,'2013-10-12 13:00:00'),(250,13,'2013-10-12 13:50:00'),(251,13,'2013-10-12 15:00:00'),(252,13,'2013-10-12 16:30:00'),(253,13,'2013-10-12 17:30:00'),(254,13,'2013-10-12 19:00:00'),(255,13,'2013-10-12 20:00:00'),(256,13,'2013-10-12 21:00:00'),(257,13,'2013-10-12 22:30:00'),(258,13,'2013-10-12 23:50:00'),(259,13,'2013-10-12 01:00:00'),(260,13,'2013-10-13 10:00:00'),(261,13,'2013-10-13 12:30:00'),(262,13,'2013-10-13 13:00:00'),(263,13,'2013-10-13 13:50:00'),(264,13,'2013-10-13 15:00:00'),(265,13,'2013-10-13 16:30:00'),(266,13,'2013-10-13 17:30:00'),(267,13,'2013-10-13 19:00:00'),(268,13,'2013-10-13 20:00:00'),(269,13,'2013-10-13 21:00:00'),(270,13,'2013-10-13 22:30:00'),(271,13,'2013-10-13 23:50:00'),(272,13,'2013-10-13 01:00:00'),(273,13,'2013-10-14 10:00:00'),(274,13,'2013-10-14 12:30:00'),(275,13,'2013-10-14 13:00:00'),(276,13,'2013-10-14 13:50:00'),(277,13,'2013-10-14 15:00:00'),(278,13,'2013-10-14 16:30:00'),(279,13,'2013-10-14 17:30:00'),(280,13,'2013-10-14 19:00:00'),(281,13,'2013-10-14 20:00:00'),(282,13,'2013-10-14 21:00:00'),(283,13,'2013-10-14 22:30:00'),(284,13,'2013-10-14 23:50:00'),(285,13,'2013-10-14 01:00:00'),(286,13,'2013-10-15 10:00:00'),(287,13,'2013-10-15 12:30:00'),(288,13,'2013-10-15 13:00:00'),(289,13,'2013-10-15 13:50:00'),(290,13,'2013-10-15 15:00:00'),(291,13,'2013-10-15 16:30:00'),(292,13,'2013-10-15 17:30:00'),(293,13,'2013-10-15 19:00:00'),(294,13,'2013-10-15 20:00:00'),(295,13,'2013-10-15 21:00:00'),(296,13,'2013-10-15 22:30:00'),(297,13,'2013-10-15 23:50:00'),(298,13,'2013-10-15 01:00:00'),(299,13,'2013-10-16 10:00:00'),(300,13,'2013-10-16 12:30:00'),(301,13,'2013-10-16 13:00:00'),(302,13,'2013-10-16 13:50:00'),(303,13,'2013-10-16 15:00:00'),(304,13,'2013-10-16 16:30:00'),(305,13,'2013-10-16 17:30:00'),(306,13,'2013-10-16 19:00:00'),(307,13,'2013-10-16 20:00:00'),(308,13,'2013-10-16 21:00:00'),(309,13,'2013-10-16 22:30:00'),(310,13,'2013-10-16 23:50:00'),(311,13,'2013-10-16 01:00:00'),(312,14,'2013-10-10 10:30:00'),(313,14,'2013-10-10 15:10:00'),(314,14,'2013-10-10 20:35:00'),(315,14,'2013-10-10 22:40:00'),(316,14,'2013-10-10 23:30:00'),(317,14,'2013-10-11 10:30:00'),(318,14,'2013-10-11 15:10:00'),(319,14,'2013-10-11 20:35:00'),(320,14,'2013-10-11 22:40:00'),(321,14,'2013-10-11 23:30:00'),(322,14,'2013-10-12 10:30:00'),(323,14,'2013-10-12 15:10:00'),(324,14,'2013-10-12 20:35:00'),(325,14,'2013-10-12 22:40:00'),(326,14,'2013-10-12 23:30:00'),(327,14,'2013-10-13 10:30:00'),(328,14,'2013-10-13 15:10:00'),(329,14,'2013-10-13 20:35:00'),(330,14,'2013-10-13 22:40:00'),(331,14,'2013-10-13 23:30:00'),(332,14,'2013-10-14 10:30:00'),(333,14,'2013-10-14 15:10:00'),(334,14,'2013-10-14 20:35:00'),(335,14,'2013-10-14 22:40:00'),(336,14,'2013-10-14 23:30:00'),(337,14,'2013-10-15 10:30:00'),(338,14,'2013-10-15 15:10:00'),(339,14,'2013-10-15 20:35:00'),(340,14,'2013-10-15 22:40:00'),(341,14,'2013-10-15 23:30:00'),(342,14,'2013-10-16 10:30:00'),(343,14,'2013-10-16 15:10:00'),(344,14,'2013-10-16 20:35:00'),(345,14,'2013-10-16 22:40:00'),(346,14,'2013-10-16 23:30:00'),(347,15,'2013-10-10 11:00:00'),(348,15,'2013-10-10 16:20:00'),(349,15,'2013-10-10 18:40:00'),(350,15,'2013-10-10 23:00:00'),(351,15,'2013-10-11 11:00:00'),(352,15,'2013-10-11 16:20:00'),(353,15,'2013-10-11 18:40:00'),(354,15,'2013-10-11 23:00:00'),(355,15,'2013-10-12 11:00:00'),(356,15,'2013-10-12 16:20:00'),(357,15,'2013-10-12 18:40:00'),(358,15,'2013-10-12 23:00:00'),(359,15,'2013-10-13 11:00:00'),(360,15,'2013-10-13 16:20:00'),(361,15,'2013-10-13 18:40:00'),(362,15,'2013-10-13 23:00:00'),(363,15,'2013-10-14 11:00:00'),(364,15,'2013-10-14 16:20:00'),(365,15,'2013-10-14 18:40:00'),(366,15,'2013-10-14 23:00:00'),(367,15,'2013-10-15 11:00:00'),(368,15,'2013-10-15 16:20:00'),(369,15,'2013-10-15 18:40:00'),(370,15,'2013-10-15 23:00:00'),(371,15,'2013-10-16 11:00:00'),(372,15,'2013-10-16 16:20:00'),(373,15,'2013-10-16 18:40:00'),(374,15,'2013-10-16 23:00:00'),(375,16,'2013-10-10 13:25:00'),(376,16,'2013-10-10 18:50:00'),(377,16,'2013-10-10 01:40:00'),(378,16,'2013-10-11 13:25:00'),(379,16,'2013-10-11 18:50:00'),(380,16,'2013-10-11 01:40:00'),(381,16,'2013-10-12 13:25:00'),(382,16,'2013-10-12 18:50:00'),(383,16,'2013-10-12 01:40:00'),(384,16,'2013-10-13 13:25:00'),(385,16,'2013-10-13 18:50:00'),(386,16,'2013-10-13 01:40:00'),(387,16,'2013-10-14 13:25:00'),(388,16,'2013-10-14 18:50:00'),(389,16,'2013-10-14 01:40:00'),(390,16,'2013-10-15 13:25:00'),(391,16,'2013-10-15 18:50:00'),(392,16,'2013-10-15 01:40:00'),(393,16,'2013-10-16 13:25:00'),(394,16,'2013-10-16 18:50:00'),(395,16,'2013-10-16 01:40:00'),(396,17,'2013-10-10 17:20:00'),(397,17,'2013-10-11 17:20:00'),(398,17,'2013-10-12 17:20:00'),(399,17,'2013-10-13 17:20:00'),(400,17,'2013-10-14 17:20:00'),(401,17,'2013-10-15 17:20:00'),(402,17,'2013-10-16 17:20:00'),(403,18,'2013-10-09 10:10:00'),(404,18,'2013-10-09 12:00:00'),(405,18,'2013-10-09 12:50:00'),(406,18,'2013-10-09 14:40:00'),(407,18,'2013-10-09 19:20:00'),(408,18,'2013-10-09 21:20:00'),(409,18,'2013-10-10 10:10:00'),(410,18,'2013-10-10 12:00:00'),(411,18,'2013-10-10 12:50:00'),(412,18,'2013-10-10 14:40:00'),(413,18,'2013-10-10 19:20:00'),(414,18,'2013-10-10 21:20:00'),(415,18,'2013-10-11 10:10:00'),(416,18,'2013-10-11 12:00:00'),(417,18,'2013-10-11 12:50:00'),(418,18,'2013-10-11 14:40:00'),(419,18,'2013-10-11 19:20:00'),(420,18,'2013-10-11 21:20:00'),(421,18,'2013-10-12 10:10:00'),(422,18,'2013-10-12 12:00:00'),(423,18,'2013-10-12 12:50:00'),(424,18,'2013-10-12 14:40:00'),(425,18,'2013-10-12 19:20:00'),(426,18,'2013-10-12 21:20:00'),(427,18,'2013-10-13 10:10:00'),(428,18,'2013-10-13 12:00:00'),(429,18,'2013-10-13 12:50:00'),(430,18,'2013-10-13 14:40:00'),(431,18,'2013-10-13 19:20:00'),(432,18,'2013-10-13 21:20:00'),(433,18,'2013-10-14 10:10:00'),(434,18,'2013-10-14 12:00:00'),(435,18,'2013-10-14 12:50:00'),(436,18,'2013-10-14 14:40:00'),(437,18,'2013-10-14 19:20:00'),(438,18,'2013-10-14 21:20:00'),(439,18,'2013-10-15 10:10:00'),(440,18,'2013-10-15 12:00:00'),(441,18,'2013-10-15 12:50:00'),(442,18,'2013-10-15 14:40:00'),(443,18,'2013-10-15 19:20:00'),(444,18,'2013-10-15 21:20:00'),(445,18,'2013-10-16 10:10:00'),(446,18,'2013-10-16 12:00:00'),(447,18,'2013-10-16 12:50:00'),(448,18,'2013-10-16 14:40:00'),(449,18,'2013-10-16 19:20:00'),(450,18,'2013-10-16 21:20:00'),(451,19,'2013-10-09 10:20:00'),(452,19,'2013-10-09 15:30:00'),(453,19,'2013-10-10 10:20:00'),(454,19,'2013-10-10 15:30:00'),(455,19,'2013-10-11 10:20:00'),(456,19,'2013-10-11 15:30:00'),(457,19,'2013-10-12 10:20:00'),(458,19,'2013-10-12 15:30:00'),(459,19,'2013-10-13 10:20:00'),(460,19,'2013-10-13 15:30:00'),(461,19,'2013-10-14 10:20:00'),(462,19,'2013-10-14 15:30:00'),(463,19,'2013-10-15 10:20:00'),(464,19,'2013-10-15 15:30:00'),(465,19,'2013-10-16 10:20:00'),(466,19,'2013-10-16 15:30:00'),(467,20,'2013-10-09 10:40:00'),(468,20,'2013-10-09 12:30:00'),(469,20,'2013-10-09 14:20:00'),(470,20,'2013-10-09 16:10:00'),(471,20,'2013-10-09 18:00:00'),(472,20,'2013-10-09 19:50:00'),(473,20,'2013-10-09 21:10:00'),(474,20,'2013-10-09 21:50:00'),(475,20,'2013-10-09 23:40:00'),(476,20,'2013-10-09 01:30:00'),(477,20,'2013-10-10 10:40:00'),(478,20,'2013-10-10 12:30:00'),(479,20,'2013-10-10 14:20:00'),(480,20,'2013-10-10 16:10:00'),(481,20,'2013-10-10 18:00:00'),(482,20,'2013-10-10 19:50:00'),(483,20,'2013-10-10 21:10:00'),(484,20,'2013-10-10 21:50:00'),(485,20,'2013-10-10 23:40:00'),(486,20,'2013-10-10 01:30:00'),(487,20,'2013-10-11 10:40:00'),(488,20,'2013-10-11 12:30:00'),(489,20,'2013-10-11 14:20:00'),(490,20,'2013-10-11 16:10:00'),(491,20,'2013-10-11 18:00:00'),(492,20,'2013-10-11 19:50:00'),(493,20,'2013-10-11 21:10:00'),(494,20,'2013-10-11 21:50:00'),(495,20,'2013-10-11 23:40:00'),(496,20,'2013-10-11 01:30:00'),(497,20,'2013-10-12 10:40:00'),(498,20,'2013-10-12 12:30:00'),(499,20,'2013-10-12 14:20:00'),(500,20,'2013-10-12 16:10:00'),(501,20,'2013-10-12 18:00:00'),(502,20,'2013-10-12 19:50:00'),(503,20,'2013-10-12 21:10:00'),(504,20,'2013-10-12 21:50:00'),(505,20,'2013-10-12 23:40:00'),(506,20,'2013-10-12 01:30:00'),(507,20,'2013-10-13 10:40:00'),(508,20,'2013-10-13 12:30:00'),(509,20,'2013-10-13 14:20:00'),(510,20,'2013-10-13 16:10:00'),(511,20,'2013-10-13 18:00:00'),(512,20,'2013-10-13 19:50:00'),(513,20,'2013-10-13 21:10:00'),(514,20,'2013-10-13 21:50:00'),(515,20,'2013-10-13 23:40:00'),(516,20,'2013-10-13 01:30:00'),(517,20,'2013-10-14 10:40:00'),(518,20,'2013-10-14 12:30:00'),(519,20,'2013-10-14 14:20:00'),(520,20,'2013-10-14 16:10:00'),(521,20,'2013-10-14 18:00:00'),(522,20,'2013-10-14 19:50:00'),(523,20,'2013-10-14 21:10:00'),(524,20,'2013-10-14 21:50:00'),(525,20,'2013-10-14 23:40:00'),(526,20,'2013-10-14 01:30:00'),(527,20,'2013-10-15 10:40:00'),(528,20,'2013-10-15 12:30:00'),(529,20,'2013-10-15 14:20:00'),(530,20,'2013-10-15 16:10:00'),(531,20,'2013-10-15 18:00:00'),(532,20,'2013-10-15 19:50:00'),(533,20,'2013-10-15 21:10:00'),(534,20,'2013-10-15 21:50:00'),(535,20,'2013-10-15 23:40:00'),(536,20,'2013-10-15 01:30:00'),(537,20,'2013-10-16 10:40:00'),(538,20,'2013-10-16 12:30:00'),(539,20,'2013-10-16 14:20:00'),(540,20,'2013-10-16 16:10:00'),(541,20,'2013-10-16 18:00:00'),(542,20,'2013-10-16 19:50:00'),(543,20,'2013-10-16 21:10:00'),(544,20,'2013-10-16 21:50:00'),(545,20,'2013-10-16 23:40:00'),(546,20,'2013-10-16 01:30:00'),(547,21,'2013-10-09 10:50:00'),(548,21,'2013-10-09 19:10:00'),(549,21,'2013-10-09 01:40:00'),(550,21,'2013-10-10 10:50:00'),(551,21,'2013-10-10 19:10:00'),(552,21,'2013-10-10 01:40:00'),(553,21,'2013-10-11 10:50:00'),(554,21,'2013-10-11 19:10:00'),(555,21,'2013-10-11 01:40:00'),(556,21,'2013-10-12 10:50:00'),(557,21,'2013-10-12 19:10:00'),(558,21,'2013-10-12 01:40:00'),(559,21,'2013-10-13 10:50:00'),(560,21,'2013-10-13 19:10:00'),(561,21,'2013-10-13 01:40:00'),(562,21,'2013-10-14 10:50:00'),(563,21,'2013-10-14 19:10:00'),(564,21,'2013-10-14 01:40:00'),(565,21,'2013-10-15 10:50:00'),(566,21,'2013-10-15 19:10:00'),(567,21,'2013-10-15 01:40:00'),(568,21,'2013-10-16 10:50:00'),(569,21,'2013-10-16 19:10:00'),(570,21,'2013-10-16 01:40:00'),(571,22,'2013-10-09 12:10:00'),(572,22,'2013-10-09 15:45:00'),(573,22,'2013-10-09 01:20:00'),(574,22,'2013-10-10 12:10:00'),(575,22,'2013-10-10 15:45:00'),(576,22,'2013-10-10 01:20:00'),(577,22,'2013-10-11 12:10:00'),(578,22,'2013-10-11 15:45:00'),(579,22,'2013-10-11 01:20:00'),(580,22,'2013-10-12 12:10:00'),(581,22,'2013-10-12 15:45:00'),(582,22,'2013-10-12 01:20:00'),(583,22,'2013-10-13 12:10:00'),(584,22,'2013-10-13 15:45:00'),(585,22,'2013-10-13 01:20:00'),(586,22,'2013-10-14 12:10:00'),(587,22,'2013-10-14 15:45:00'),(588,22,'2013-10-14 01:20:00'),(589,22,'2013-10-15 12:10:00'),(590,22,'2013-10-15 15:45:00'),(591,22,'2013-10-15 01:20:00'),(592,22,'2013-10-16 12:10:00'),(593,22,'2013-10-16 15:45:00'),(594,22,'2013-10-16 01:20:00'),(595,23,'2013-10-09 14:00:00'),(596,23,'2013-10-09 17:35:00'),(597,23,'2013-10-09 00:45:00'),(598,23,'2013-10-10 14:00:00'),(599,23,'2013-10-10 17:35:00'),(600,23,'2013-10-10 00:45:00'),(601,23,'2013-10-11 14:00:00'),(602,23,'2013-10-11 17:35:00'),(603,23,'2013-10-11 00:45:00'),(604,23,'2013-10-12 14:00:00'),(605,23,'2013-10-12 17:35:00'),(606,23,'2013-10-12 00:45:00'),(607,23,'2013-10-13 14:00:00'),(608,23,'2013-10-13 17:35:00'),(609,23,'2013-10-13 00:45:00'),(610,23,'2013-10-14 14:00:00'),(611,23,'2013-10-14 17:35:00'),(612,23,'2013-10-14 00:45:00'),(613,23,'2013-10-15 14:00:00'),(614,23,'2013-10-15 17:35:00'),(615,23,'2013-10-15 00:45:00'),(616,23,'2013-10-16 14:00:00'),(617,23,'2013-10-16 17:35:00'),(618,23,'2013-10-16 00:45:00'),(619,24,'2013-10-16 19:00:00'),(620,24,'2013-10-17 19:00:00'),(621,25,'2013-10-17 16:00:00'),(622,25,'2013-10-18 16:00:00'),(623,26,'2013-10-18 19:00:00'),(624,26,'2013-10-19 19:00:00'),(625,27,'2013-10-25 19:00:00'),(626,27,'2013-10-26 19:00:00'),(627,28,'2013-10-26 18:00:00'),(628,28,'2013-10-27 18:00:00'),(629,29,'2013-10-30 19:00:00'),(630,29,'2013-10-31 19:00:00'),(631,30,'2013-10-31 19:00:00'),(632,30,'2013-11-01 19:00:00'),(633,31,'2013-10-18 19:00:00'),(634,31,'2013-10-19 19:00:00'),(635,32,'2013-10-19 18:00:00'),(636,32,'2013-10-20 18:00:00'),(637,33,'2013-10-20 18:00:00'),(638,33,'2013-10-21 18:00:00'),(639,34,'2013-10-25 19:00:00'),(640,34,'2013-10-26 19:00:00'),(641,35,'2013-10-26 18:00:00'),(642,35,'2013-10-27 18:00:00'),(643,36,'2013-10-27 18:00:00'),(644,36,'2013-10-28 18:00:00'),(645,37,'2013-10-19 19:00:00'),(646,37,'2013-10-20 19:00:00'),(647,38,'2013-10-26 19:00:00'),(648,38,'2013-10-27 19:00:00'),(649,39,'2013-10-18 19:00:00'),(650,39,'2013-10-19 19:00:00'),(651,40,'2013-10-24 19:00:00'),(652,40,'2013-10-25 19:00:00'),(653,41,'2013-10-31 00:00:00'),(654,41,'2013-11-01 00:00:00'),(655,45,'2013-10-19 18:00:00'),(656,45,'2013-10-20 18:00:00'),(657,46,'2013-10-20 18:00:00'),(658,46,'2013-10-21 18:00:00'),(659,47,'2013-10-27 18:00:00'),(660,47,'2013-10-28 18:00:00'),(661,48,'2013-10-31 19:00:00'),(662,48,'2013-11-01 19:00:00'),(663,49,'2013-10-18 19:00:00'),(664,49,'2013-10-19 19:00:00'),(665,50,'2013-10-26 19:00:00'),(666,50,'2013-10-27 19:00:00'),(667,51,'2013-10-28 19:00:00'),(668,51,'2013-10-29 19:00:00'),(669,52,'2013-11-23 19:00:00'),(670,52,'2013-11-24 19:00:00'),(671,54,'2013-11-03 18:00:00'),(672,54,'2013-11-04 18:00:00'),(673,55,'2013-10-22 19:00:00'),(674,55,'2013-10-23 19:00:00'),(675,56,'2013-10-22 18:30:00'),(676,56,'2013-10-23 18:30:00'),(677,60,'2013-08-05 00:00:00'),(678,60,'2013-08-05 00:00:00'),(679,60,'2013-08-05 00:00:00'),(680,60,'2013-08-06 00:00:00'),(681,60,'2013-08-06 00:00:00'),(682,60,'2013-08-06 00:00:00'),(683,69,'2013-10-01 00:00:00'),(684,69,'2013-10-01 00:00:00'),(685,69,'2013-10-01 00:00:00'),(686,69,'2013-10-02 00:00:00'),(687,69,'2013-10-02 00:00:00'),(688,69,'2013-10-02 00:00:00'),(689,69,'2013-10-03 00:00:00'),(690,69,'2013-10-03 00:00:00'),(691,69,'2013-10-03 00:00:00'),(692,69,'2013-10-04 00:00:00'),(693,69,'2013-10-04 00:00:00'),(694,69,'2013-10-04 00:00:00'),(695,69,'2013-10-05 00:00:00'),(696,69,'2013-10-05 00:00:00'),(697,69,'2013-10-05 00:00:00'),(698,69,'2013-10-06 00:00:00'),(699,69,'2013-10-06 00:00:00'),(700,69,'2013-10-06 00:00:00'),(701,69,'2013-10-07 00:00:00'),(702,69,'2013-10-07 00:00:00'),(703,69,'2013-10-07 00:00:00'),(704,69,'2013-10-08 00:00:00'),(705,69,'2013-10-08 00:00:00'),(706,69,'2013-10-08 00:00:00'),(707,69,'2013-10-09 00:00:00'),(708,69,'2013-10-09 00:00:00'),(709,69,'2013-10-09 00:00:00'),(710,69,'2013-10-10 00:00:00'),(711,69,'2013-10-10 00:00:00'),(712,69,'2013-10-10 00:00:00'),(713,69,'2013-10-11 00:00:00'),(714,69,'2013-10-11 00:00:00'),(715,69,'2013-10-11 00:00:00'),(716,69,'2013-10-12 00:00:00'),(717,69,'2013-10-12 00:00:00'),(718,69,'2013-10-12 00:00:00'),(719,69,'2013-10-13 00:00:00'),(720,69,'2013-10-13 00:00:00'),(721,69,'2013-10-13 00:00:00'),(722,69,'2013-10-14 00:00:00'),(723,69,'2013-10-14 00:00:00'),(724,69,'2013-10-14 00:00:00'),(725,69,'2013-10-15 00:00:00'),(726,69,'2013-10-15 00:00:00'),(727,69,'2013-10-15 00:00:00'),(728,69,'2013-10-16 00:00:00'),(729,69,'2013-10-16 00:00:00'),(730,69,'2013-10-16 00:00:00'),(731,69,'2013-10-17 00:00:00'),(732,69,'2013-10-17 00:00:00'),(733,69,'2013-10-17 00:00:00'),(734,69,'2013-10-18 00:00:00'),(735,69,'2013-10-18 00:00:00'),(736,69,'2013-10-18 00:00:00'),(737,69,'2013-10-19 00:00:00'),(738,69,'2013-10-19 00:00:00'),(739,69,'2013-10-19 00:00:00'),(740,69,'2013-10-20 00:00:00'),(741,69,'2013-10-20 00:00:00'),(742,69,'2013-10-20 00:00:00'),(743,69,'2013-10-21 00:00:00'),(744,69,'2013-10-21 00:00:00'),(745,69,'2013-10-21 00:00:00'),(746,69,'2013-10-22 00:00:00'),(747,69,'2013-10-22 00:00:00'),(748,69,'2013-10-22 00:00:00'),(749,69,'2013-10-23 00:00:00'),(750,69,'2013-10-23 00:00:00'),(751,69,'2013-10-23 00:00:00'),(752,69,'2013-10-24 00:00:00'),(753,69,'2013-10-24 00:00:00'),(754,69,'2013-10-24 00:00:00'),(755,69,'2013-10-25 00:00:00'),(756,69,'2013-10-25 00:00:00'),(757,69,'2013-10-25 00:00:00'),(758,69,'2013-10-26 00:00:00'),(759,69,'2013-10-26 00:00:00'),(760,69,'2013-10-26 00:00:00'),(761,69,'2013-10-27 00:00:00'),(762,69,'2013-10-27 00:00:00'),(763,69,'2013-10-27 00:00:00'),(764,69,'2013-10-28 00:00:00'),(765,69,'2013-10-28 00:00:00'),(766,69,'2013-10-28 00:00:00'),(767,69,'2013-10-29 00:00:00'),(768,69,'2013-10-29 00:00:00'),(769,69,'2013-10-29 00:00:00'),(770,69,'2013-10-30 00:00:00'),(771,69,'2013-10-30 00:00:00'),(772,69,'2013-10-30 00:00:00'),(773,69,'2013-10-31 00:00:00'),(774,69,'2013-10-31 00:00:00'),(775,69,'2013-10-31 00:00:00'),(776,69,'2013-11-01 00:00:00'),(777,69,'2013-11-01 00:00:00'),(778,69,'2013-11-01 00:00:00'),(779,69,'2013-11-02 00:00:00'),(780,69,'2013-11-02 00:00:00'),(781,69,'2013-11-02 00:00:00'),(782,69,'2013-11-03 00:00:00'),(783,69,'2013-11-03 00:00:00'),(784,69,'2013-11-03 00:00:00'),(785,69,'2013-11-04 00:00:00'),(786,69,'2013-11-04 00:00:00'),(787,69,'2013-11-04 00:00:00'),(788,69,'2013-11-05 00:00:00'),(789,69,'2013-11-05 00:00:00'),(790,69,'2013-11-05 00:00:00'),(791,69,'2013-11-06 00:00:00'),(792,69,'2013-11-06 00:00:00'),(793,69,'2013-11-06 00:00:00'),(794,69,'2013-11-07 00:00:00'),(795,69,'2013-11-07 00:00:00'),(796,69,'2013-11-07 00:00:00'),(797,69,'2013-11-08 00:00:00'),(798,69,'2013-11-08 00:00:00'),(799,69,'2013-11-08 00:00:00'),(800,69,'2013-11-09 00:00:00'),(801,69,'2013-11-09 00:00:00'),(802,69,'2013-11-09 00:00:00'),(803,69,'2013-11-10 00:00:00'),(804,69,'2013-11-10 00:00:00'),(805,69,'2013-11-10 00:00:00'),(806,70,'2013-10-03 00:00:00'),(807,70,'2013-10-03 00:00:00'),(808,70,'2013-10-03 00:00:00'),(809,70,'2013-10-04 00:00:00'),(810,70,'2013-10-04 00:00:00'),(811,70,'2013-10-04 00:00:00'),(812,70,'2013-10-05 00:00:00'),(813,70,'2013-10-05 00:00:00'),(814,70,'2013-10-05 00:00:00'),(815,70,'2013-10-06 00:00:00'),(816,70,'2013-10-06 00:00:00'),(817,70,'2013-10-06 00:00:00'),(818,70,'2013-10-07 00:00:00'),(819,70,'2013-10-07 00:00:00'),(820,70,'2013-10-07 00:00:00'),(821,70,'2013-10-08 00:00:00'),(822,70,'2013-10-08 00:00:00'),(823,70,'2013-10-08 00:00:00'),(824,70,'2013-10-09 00:00:00'),(825,70,'2013-10-09 00:00:00'),(826,70,'2013-10-09 00:00:00'),(827,70,'2013-10-10 00:00:00'),(828,70,'2013-10-10 00:00:00'),(829,70,'2013-10-10 00:00:00'),(830,70,'2013-10-11 00:00:00'),(831,70,'2013-10-11 00:00:00'),(832,70,'2013-10-11 00:00:00'),(833,70,'2013-10-12 00:00:00'),(834,70,'2013-10-12 00:00:00'),(835,70,'2013-10-12 00:00:00'),(836,70,'2013-10-13 00:00:00'),(837,70,'2013-10-13 00:00:00'),(838,70,'2013-10-13 00:00:00'),(839,70,'2013-10-14 00:00:00'),(840,70,'2013-10-14 00:00:00'),(841,70,'2013-10-14 00:00:00'),(842,70,'2013-10-15 00:00:00'),(843,70,'2013-10-15 00:00:00'),(844,70,'2013-10-15 00:00:00'),(845,70,'2013-10-16 00:00:00'),(846,70,'2013-10-16 00:00:00'),(847,70,'2013-10-16 00:00:00'),(848,70,'2013-10-17 00:00:00'),(849,70,'2013-10-17 00:00:00'),(850,70,'2013-10-17 00:00:00'),(851,70,'2013-10-18 00:00:00'),(852,70,'2013-10-18 00:00:00'),(853,70,'2013-10-18 00:00:00'),(854,70,'2013-10-19 00:00:00'),(855,70,'2013-10-19 00:00:00'),(856,70,'2013-10-19 00:00:00'),(857,70,'2013-10-20 00:00:00'),(858,70,'2013-10-20 00:00:00'),(859,70,'2013-10-20 00:00:00'),(860,70,'2013-10-21 00:00:00'),(861,70,'2013-10-21 00:00:00'),(862,70,'2013-10-21 00:00:00'),(863,70,'2013-10-22 00:00:00'),(864,70,'2013-10-22 00:00:00'),(865,70,'2013-10-22 00:00:00'),(866,70,'2013-10-23 00:00:00'),(867,70,'2013-10-23 00:00:00'),(868,70,'2013-10-23 00:00:00'),(869,70,'2013-10-24 00:00:00'),(870,70,'2013-10-24 00:00:00'),(871,70,'2013-10-24 00:00:00'),(872,70,'2013-10-25 00:00:00'),(873,70,'2013-10-25 00:00:00'),(874,70,'2013-10-25 00:00:00'),(875,70,'2013-10-26 00:00:00'),(876,70,'2013-10-26 00:00:00'),(877,70,'2013-10-26 00:00:00'),(878,70,'2013-10-27 00:00:00'),(879,70,'2013-10-27 00:00:00'),(880,70,'2013-10-27 00:00:00'),(881,70,'2013-10-28 00:00:00'),(882,70,'2013-10-28 00:00:00'),(883,70,'2013-10-28 00:00:00'),(884,70,'2013-10-29 00:00:00'),(885,70,'2013-10-29 00:00:00'),(886,70,'2013-10-29 00:00:00'),(887,70,'2013-10-30 00:00:00'),(888,70,'2013-10-30 00:00:00'),(889,70,'2013-10-30 00:00:00'),(890,70,'2013-10-31 00:00:00'),(891,70,'2013-10-31 00:00:00'),(892,70,'2013-10-31 00:00:00'),(893,70,'2013-11-01 00:00:00'),(894,70,'2013-11-01 00:00:00'),(895,70,'2013-11-01 00:00:00'),(896,70,'2013-11-02 00:00:00'),(897,70,'2013-11-02 00:00:00'),(898,70,'2013-11-02 00:00:00'),(899,71,'2013-10-01 00:00:00'),(900,71,'2013-10-01 00:00:00'),(901,71,'2013-10-01 00:00:00'),(902,71,'2013-10-02 00:00:00'),(903,71,'2013-10-02 00:00:00'),(904,71,'2013-10-02 00:00:00'),(905,71,'2013-10-03 00:00:00'),(906,71,'2013-10-03 00:00:00'),(907,71,'2013-10-03 00:00:00'),(908,71,'2013-10-04 00:00:00'),(909,71,'2013-10-04 00:00:00'),(910,71,'2013-10-04 00:00:00'),(911,71,'2013-10-05 00:00:00'),(912,71,'2013-10-05 00:00:00'),(913,71,'2013-10-05 00:00:00'),(914,71,'2013-10-06 00:00:00'),(915,71,'2013-10-06 00:00:00'),(916,71,'2013-10-06 00:00:00'),(917,71,'2013-10-07 00:00:00'),(918,71,'2013-10-07 00:00:00'),(919,71,'2013-10-07 00:00:00'),(920,71,'2013-10-08 00:00:00'),(921,71,'2013-10-08 00:00:00'),(922,71,'2013-10-08 00:00:00'),(923,71,'2013-10-09 00:00:00'),(924,71,'2013-10-09 00:00:00'),(925,71,'2013-10-09 00:00:00'),(926,71,'2013-10-10 00:00:00'),(927,71,'2013-10-10 00:00:00'),(928,71,'2013-10-10 00:00:00'),(929,71,'2013-10-11 00:00:00'),(930,71,'2013-10-11 00:00:00'),(931,71,'2013-10-11 00:00:00'),(932,71,'2013-10-12 00:00:00'),(933,71,'2013-10-12 00:00:00'),(934,71,'2013-10-12 00:00:00'),(935,71,'2013-10-13 00:00:00'),(936,71,'2013-10-13 00:00:00'),(937,71,'2013-10-13 00:00:00'),(938,71,'2013-10-14 00:00:00'),(939,71,'2013-10-14 00:00:00'),(940,71,'2013-10-14 00:00:00'),(941,71,'2013-10-15 00:00:00'),(942,71,'2013-10-15 00:00:00'),(943,71,'2013-10-15 00:00:00'),(944,71,'2013-10-16 00:00:00'),(945,71,'2013-10-16 00:00:00'),(946,71,'2013-10-16 00:00:00'),(947,71,'2013-10-17 00:00:00'),(948,71,'2013-10-17 00:00:00'),(949,71,'2013-10-17 00:00:00'),(950,71,'2013-10-18 00:00:00'),(951,71,'2013-10-18 00:00:00'),(952,71,'2013-10-18 00:00:00'),(953,71,'2013-10-19 00:00:00'),(954,71,'2013-10-19 00:00:00'),(955,71,'2013-10-19 00:00:00'),(956,71,'2013-10-20 00:00:00'),(957,71,'2013-10-20 00:00:00'),(958,71,'2013-10-20 00:00:00'),(959,71,'2013-10-21 00:00:00'),(960,71,'2013-10-21 00:00:00'),(961,71,'2013-10-21 00:00:00'),(962,71,'2013-10-22 00:00:00'),(963,71,'2013-10-22 00:00:00'),(964,71,'2013-10-22 00:00:00'),(965,71,'2013-10-23 00:00:00'),(966,71,'2013-10-23 00:00:00'),(967,71,'2013-10-23 00:00:00'),(968,71,'2013-10-24 00:00:00'),(969,71,'2013-10-24 00:00:00'),(970,71,'2013-10-24 00:00:00'),(971,71,'2013-10-25 00:00:00'),(972,71,'2013-10-25 00:00:00'),(973,71,'2013-10-25 00:00:00'),(974,71,'2013-10-26 00:00:00'),(975,71,'2013-10-26 00:00:00'),(976,71,'2013-10-26 00:00:00'),(977,71,'2013-10-27 00:00:00'),(978,71,'2013-10-27 00:00:00'),(979,71,'2013-10-27 00:00:00'),(980,71,'2013-10-28 00:00:00'),(981,71,'2013-10-28 00:00:00'),(982,71,'2013-10-28 00:00:00'),(983,71,'2013-10-29 00:00:00'),(984,71,'2013-10-29 00:00:00'),(985,71,'2013-10-29 00:00:00'),(986,71,'2013-10-30 00:00:00'),(987,71,'2013-10-30 00:00:00'),(988,71,'2013-10-30 00:00:00'),(989,71,'2013-10-31 00:00:00'),(990,71,'2013-10-31 00:00:00'),(991,71,'2013-10-31 00:00:00'),(992,73,'2013-10-25 00:00:00'),(993,73,'2013-10-25 00:00:00'),(994,73,'2013-10-25 00:00:00'),(995,73,'2013-10-25 00:00:00'),(996,73,'2013-10-26 00:00:00'),(997,73,'2013-10-26 00:00:00'),(998,73,'2013-10-26 00:00:00'),(999,73,'2013-10-26 00:00:00'),(1000,73,'2013-10-27 00:00:00'),(1001,73,'2013-10-27 00:00:00'),(1002,73,'2013-10-27 00:00:00'),(1003,73,'2013-10-27 00:00:00'),(1004,73,'2013-10-28 00:00:00'),(1005,73,'2013-10-28 00:00:00'),(1006,73,'2013-10-28 00:00:00'),(1007,73,'2013-10-28 00:00:00'),(1008,73,'2013-10-29 00:00:00'),(1009,73,'2013-10-29 00:00:00'),(1010,73,'2013-10-29 00:00:00'),(1011,73,'2013-10-29 00:00:00'),(1012,73,'2013-10-30 00:00:00'),(1013,73,'2013-10-30 00:00:00'),(1014,73,'2013-10-30 00:00:00'),(1015,73,'2013-10-30 00:00:00'),(1016,73,'2013-10-31 00:00:00'),(1017,73,'2013-10-31 00:00:00'),(1018,73,'2013-10-31 00:00:00'),(1019,73,'2013-10-31 00:00:00'),(1020,73,'2013-11-01 00:00:00'),(1021,73,'2013-11-01 00:00:00'),(1022,73,'2013-11-01 00:00:00'),(1023,73,'2013-11-01 00:00:00'),(1024,73,'2013-11-02 00:00:00'),(1025,73,'2013-11-02 00:00:00'),(1026,73,'2013-11-02 00:00:00'),(1027,73,'2013-11-02 00:00:00'),(1028,73,'2013-11-03 00:00:00'),(1029,73,'2013-11-03 00:00:00'),(1030,73,'2013-11-03 00:00:00'),(1031,73,'2013-11-03 00:00:00'),(1032,73,'2013-11-04 00:00:00'),(1033,73,'2013-11-04 00:00:00'),(1034,73,'2013-11-04 00:00:00'),(1035,73,'2013-11-04 00:00:00'),(1036,73,'2013-11-05 00:00:00'),(1037,73,'2013-11-05 00:00:00'),(1038,73,'2013-11-05 00:00:00'),(1039,73,'2013-11-05 00:00:00'),(1040,73,'2013-11-06 00:00:00'),(1041,73,'2013-11-06 00:00:00'),(1042,73,'2013-11-06 00:00:00'),(1043,73,'2013-11-06 00:00:00'),(1044,73,'2013-11-07 00:00:00'),(1045,73,'2013-11-07 00:00:00'),(1046,73,'2013-11-07 00:00:00'),(1047,73,'2013-11-07 00:00:00'),(1048,73,'2013-11-08 00:00:00'),(1049,73,'2013-11-08 00:00:00'),(1050,73,'2013-11-08 00:00:00'),(1051,73,'2013-11-08 00:00:00'),(1052,73,'2013-11-09 00:00:00'),(1053,73,'2013-11-09 00:00:00'),(1054,73,'2013-11-09 00:00:00'),(1055,73,'2013-11-09 00:00:00'),(1056,73,'2013-11-10 00:00:00'),(1057,73,'2013-11-10 00:00:00'),(1058,73,'2013-11-10 00:00:00'),(1059,73,'2013-11-10 00:00:00'),(1060,73,'2013-11-11 00:00:00'),(1061,73,'2013-11-11 00:00:00'),(1062,73,'2013-11-11 00:00:00'),(1063,73,'2013-11-11 00:00:00'),(1064,73,'2013-11-12 00:00:00'),(1065,73,'2013-11-12 00:00:00'),(1066,73,'2013-11-12 00:00:00'),(1067,73,'2013-11-12 00:00:00'),(1068,75,'2013-10-17 19:30:00'),(1069,75,'2013-10-18 19:30:00'),(1070,76,'2013-10-18 23:00:00'),(1071,76,'2013-10-19 23:00:00'),(1072,77,'2013-10-19 18:00:00'),(1073,77,'2013-10-20 18:00:00'),(1074,79,'2013-12-20 19:00:00'),(1075,79,'2013-12-21 19:00:00'),(1076,80,'2013-10-26 23:00:00'),(1077,80,'2013-10-27 23:00:00'),(1078,81,'2013-11-02 19:00:00'),(1079,81,'2013-11-03 19:00:00'),(1080,82,'2013-10-17 18:00:00'),(1081,82,'2013-10-18 18:00:00'),(1082,82,'2013-10-19 18:00:00'),(1083,82,'2013-10-20 18:00:00'),(1084,84,'2013-10-15 19:00:00'),(1085,84,'2013-10-16 19:00:00'),(1086,85,'2013-10-16 19:30:00'),(1087,85,'2013-10-17 19:30:00'),(1088,86,'2013-10-18 19:00:00'),(1089,86,'2013-10-19 19:00:00'),(1090,87,'2013-10-20 15:00:00'),(1091,87,'2013-10-21 15:00:00'),(1092,88,'2013-10-27 19:00:00'),(1093,88,'2013-10-28 19:00:00'),(1094,89,'2013-11-03 17:00:00'),(1095,89,'2013-11-04 17:00:00'),(1096,91,'2013-10-16 14:00:00'),(1097,91,'2013-10-17 14:00:00'),(1098,92,'2013-10-18 15:00:00'),(1099,92,'2013-10-19 15:00:00'),(1100,93,'2013-10-23 16:00:00'),(1101,93,'2013-10-24 16:00:00'),(1102,96,'2013-10-19 14:00:00'),(1103,96,'2013-10-20 14:00:00'),(1104,97,'2013-10-20 12:00:00'),(1105,97,'2013-10-21 12:00:00'),(1106,98,'2013-10-27 12:00:00'),(1107,98,'2013-10-28 12:00:00'),(1108,99,'2013-10-20 12:00:00'),(1109,99,'2013-10-21 12:00:00'),(1110,100,'2013-10-27 12:00:00'),(1111,100,'2013-10-28 12:00:00'),(1112,101,'2013-10-16 19:00:00'),(1113,101,'2013-10-17 19:00:00'),(1114,102,'2013-10-19 11:00:00'),(1115,102,'2013-10-19 13:00:00'),(1116,102,'2013-10-20 11:00:00'),(1117,102,'2013-10-20 13:00:00'),(1118,103,'2013-10-20 11:00:00'),(1119,103,'2013-10-20 13:00:00'),(1120,103,'2013-10-21 11:00:00'),(1121,103,'2013-10-21 13:00:00'),(1122,104,'2013-10-26 11:00:00'),(1123,104,'2013-10-26 13:00:00'),(1124,104,'2013-10-27 11:00:00'),(1125,104,'2013-10-27 13:00:00'),(1126,105,'2013-10-21 12:00:00'),(1127,105,'2013-10-21 14:00:00'),(1128,105,'2013-10-22 12:00:00'),(1129,105,'2013-10-22 14:00:00'),(1130,106,'2013-10-20 14:00:00'),(1131,106,'2013-10-21 14:00:00'),(1132,108,'2013-10-17 12:30:00'),(1133,108,'2013-10-18 12:30:00'),(1134,109,'2013-10-20 12:00:00'),(1135,109,'2013-10-21 12:00:00'),(1136,110,'2013-10-27 12:00:00'),(1137,110,'2013-10-28 12:00:00'),(1138,111,'2013-09-01 00:00:00'),(1139,111,'2013-09-02 00:00:00'),(1140,111,'2013-09-03 00:00:00'),(1141,111,'2013-09-04 00:00:00'),(1142,111,'2013-09-05 00:00:00'),(1143,111,'2013-09-06 00:00:00'),(1144,111,'2013-09-07 00:00:00'),(1145,111,'2013-09-08 00:00:00'),(1146,111,'2013-09-09 00:00:00'),(1147,111,'2013-09-10 00:00:00'),(1148,111,'2013-09-11 00:00:00'),(1149,111,'2013-09-12 00:00:00'),(1150,111,'2013-09-13 00:00:00'),(1151,111,'2013-09-14 00:00:00'),(1152,111,'2013-09-15 00:00:00'),(1153,111,'2013-09-16 00:00:00'),(1154,111,'2013-09-17 00:00:00'),(1155,111,'2013-09-18 00:00:00'),(1156,111,'2013-09-19 00:00:00'),(1157,111,'2013-09-20 00:00:00'),(1158,111,'2013-09-21 00:00:00'),(1159,111,'2013-09-22 00:00:00'),(1160,111,'2013-09-23 00:00:00'),(1161,111,'2013-09-24 00:00:00'),(1162,111,'2013-09-25 00:00:00'),(1163,111,'2013-09-26 00:00:00'),(1164,111,'2013-09-27 00:00:00'),(1165,111,'2013-09-28 00:00:00'),(1166,111,'2013-09-29 00:00:00'),(1167,111,'2013-09-30 00:00:00'),(1168,111,'2013-10-01 00:00:00'),(1169,111,'2013-10-02 00:00:00'),(1170,111,'2013-10-03 00:00:00'),(1171,111,'2013-10-04 00:00:00'),(1172,111,'2013-10-05 00:00:00'),(1173,111,'2013-10-06 00:00:00'),(1174,111,'2013-10-07 00:00:00'),(1175,111,'2013-10-08 00:00:00'),(1176,111,'2013-10-09 00:00:00'),(1177,111,'2013-10-10 00:00:00'),(1178,111,'2013-10-11 00:00:00'),(1179,111,'2013-10-12 00:00:00'),(1180,111,'2013-10-13 00:00:00'),(1181,111,'2013-10-14 00:00:00'),(1182,111,'2013-10-15 00:00:00'),(1183,111,'2013-10-16 00:00:00'),(1184,111,'2013-10-17 00:00:00'),(1185,111,'2013-10-18 00:00:00'),(1186,111,'2013-10-19 00:00:00'),(1187,111,'2013-10-20 00:00:00'),(1188,111,'2013-10-21 00:00:00'),(1189,111,'2013-10-22 00:00:00'),(1190,111,'2013-10-23 00:00:00'),(1191,111,'2013-10-24 00:00:00'),(1192,111,'2013-10-25 00:00:00'),(1193,111,'2013-10-26 00:00:00'),(1194,111,'2013-10-27 00:00:00'),(1195,111,'2013-10-28 00:00:00'),(1196,111,'2013-10-29 00:00:00'),(1197,111,'2013-10-30 00:00:00'),(1198,111,'2013-10-31 00:00:00'),(1199,112,'2013-09-01 00:00:00'),(1200,112,'2013-09-02 00:00:00'),(1201,112,'2013-09-03 00:00:00'),(1202,112,'2013-09-04 00:00:00'),(1203,112,'2013-09-05 00:00:00'),(1204,112,'2013-09-06 00:00:00'),(1205,112,'2013-09-07 00:00:00'),(1206,112,'2013-09-08 00:00:00'),(1207,112,'2013-09-09 00:00:00'),(1208,112,'2013-09-10 00:00:00'),(1209,112,'2013-09-11 00:00:00'),(1210,112,'2013-09-12 00:00:00'),(1211,112,'2013-09-13 00:00:00'),(1212,112,'2013-09-14 00:00:00'),(1213,112,'2013-09-15 00:00:00'),(1214,112,'2013-09-16 00:00:00'),(1215,112,'2013-09-17 00:00:00'),(1216,112,'2013-09-18 00:00:00'),(1217,112,'2013-09-19 00:00:00'),(1218,112,'2013-09-20 00:00:00'),(1219,112,'2013-09-21 00:00:00'),(1220,112,'2013-09-22 00:00:00'),(1221,112,'2013-09-23 00:00:00'),(1222,112,'2013-09-24 00:00:00'),(1223,112,'2013-09-25 00:00:00'),(1224,112,'2013-09-26 00:00:00'),(1225,112,'2013-09-27 00:00:00'),(1226,112,'2013-09-28 00:00:00'),(1227,112,'2013-09-29 00:00:00'),(1228,112,'2013-09-30 00:00:00'),(1229,112,'2013-10-01 00:00:00'),(1230,112,'2013-10-02 00:00:00'),(1231,112,'2013-10-03 00:00:00'),(1232,112,'2013-10-04 00:00:00'),(1233,112,'2013-10-05 00:00:00'),(1234,112,'2013-10-06 00:00:00'),(1235,112,'2013-10-07 00:00:00'),(1236,112,'2013-10-08 00:00:00'),(1237,112,'2013-10-09 00:00:00'),(1238,112,'2013-10-10 00:00:00'),(1239,112,'2013-10-11 00:00:00'),(1240,112,'2013-10-12 00:00:00'),(1241,112,'2013-10-13 00:00:00'),(1242,112,'2013-10-14 00:00:00'),(1243,112,'2013-10-15 00:00:00'),(1244,112,'2013-10-16 00:00:00'),(1245,112,'2013-10-17 00:00:00'),(1246,112,'2013-10-18 00:00:00'),(1247,112,'2013-10-19 00:00:00'),(1248,112,'2013-10-20 00:00:00'),(1249,112,'2013-10-21 00:00:00'),(1250,112,'2013-10-22 00:00:00'),(1251,112,'2013-10-23 00:00:00'),(1252,112,'2013-10-24 00:00:00'),(1253,112,'2013-10-25 00:00:00'),(1254,112,'2013-10-26 00:00:00'),(1255,112,'2013-10-27 00:00:00'),(1256,112,'2013-10-28 00:00:00'),(1257,112,'2013-10-29 00:00:00'),(1258,112,'2013-10-30 00:00:00'),(1259,112,'2013-10-31 00:00:00'),(1260,113,'2013-09-01 00:00:00'),(1261,113,'2013-09-02 00:00:00'),(1262,113,'2013-09-03 00:00:00'),(1263,113,'2013-09-04 00:00:00'),(1264,113,'2013-09-05 00:00:00'),(1265,113,'2013-09-06 00:00:00'),(1266,113,'2013-09-07 00:00:00'),(1267,113,'2013-09-08 00:00:00'),(1268,113,'2013-09-09 00:00:00'),(1269,113,'2013-09-10 00:00:00'),(1270,113,'2013-09-11 00:00:00'),(1271,113,'2013-09-12 00:00:00'),(1272,113,'2013-09-13 00:00:00'),(1273,113,'2013-09-14 00:00:00'),(1274,113,'2013-09-15 00:00:00'),(1275,113,'2013-09-16 00:00:00'),(1276,113,'2013-09-17 00:00:00'),(1277,113,'2013-09-18 00:00:00'),(1278,113,'2013-09-19 00:00:00'),(1279,113,'2013-09-20 00:00:00'),(1280,113,'2013-09-21 00:00:00'),(1281,113,'2013-09-22 00:00:00'),(1282,113,'2013-09-23 00:00:00'),(1283,113,'2013-09-24 00:00:00'),(1284,113,'2013-09-25 00:00:00'),(1285,113,'2013-09-26 00:00:00'),(1286,113,'2013-09-27 00:00:00'),(1287,113,'2013-09-28 00:00:00'),(1288,113,'2013-09-29 00:00:00'),(1289,113,'2013-09-30 00:00:00'),(1290,113,'2013-10-01 00:00:00'),(1291,113,'2013-10-02 00:00:00'),(1292,113,'2013-10-03 00:00:00'),(1293,113,'2013-10-04 00:00:00'),(1294,113,'2013-10-05 00:00:00'),(1295,113,'2013-10-06 00:00:00'),(1296,113,'2013-10-07 00:00:00'),(1297,113,'2013-10-08 00:00:00'),(1298,113,'2013-10-09 00:00:00'),(1299,113,'2013-10-10 00:00:00'),(1300,113,'2013-10-11 00:00:00'),(1301,113,'2013-10-12 00:00:00'),(1302,113,'2013-10-13 00:00:00'),(1303,113,'2013-10-14 00:00:00'),(1304,113,'2013-10-15 00:00:00'),(1305,113,'2013-10-16 00:00:00'),(1306,113,'2013-10-17 00:00:00'),(1307,113,'2013-10-18 00:00:00'),(1308,113,'2013-10-19 00:00:00'),(1309,113,'2013-10-20 00:00:00'),(1310,113,'2013-10-21 00:00:00'),(1311,113,'2013-10-22 00:00:00'),(1312,113,'2013-10-23 00:00:00'),(1313,113,'2013-10-24 00:00:00'),(1314,113,'2013-10-25 00:00:00'),(1315,113,'2013-10-26 00:00:00'),(1316,113,'2013-10-27 00:00:00'),(1317,113,'2013-10-28 00:00:00'),(1318,113,'2013-10-29 00:00:00'),(1319,113,'2013-10-30 00:00:00'),(1320,113,'2013-10-31 00:00:00'),(1321,114,'2013-09-01 00:00:00'),(1322,114,'2013-09-02 00:00:00'),(1323,114,'2013-09-03 00:00:00'),(1324,114,'2013-09-04 00:00:00'),(1325,114,'2013-09-05 00:00:00'),(1326,114,'2013-09-06 00:00:00'),(1327,114,'2013-09-07 00:00:00'),(1328,114,'2013-09-08 00:00:00'),(1329,114,'2013-09-09 00:00:00'),(1330,114,'2013-09-10 00:00:00'),(1331,114,'2013-09-11 00:00:00'),(1332,114,'2013-09-12 00:00:00'),(1333,114,'2013-09-13 00:00:00'),(1334,114,'2013-09-14 00:00:00'),(1335,114,'2013-09-15 00:00:00'),(1336,114,'2013-09-16 00:00:00'),(1337,114,'2013-09-17 00:00:00'),(1338,114,'2013-09-18 00:00:00'),(1339,114,'2013-09-19 00:00:00'),(1340,114,'2013-09-20 00:00:00'),(1341,114,'2013-09-21 00:00:00'),(1342,114,'2013-09-22 00:00:00'),(1343,114,'2013-09-23 00:00:00'),(1344,114,'2013-09-24 00:00:00'),(1345,114,'2013-09-25 00:00:00'),(1346,114,'2013-09-26 00:00:00'),(1347,114,'2013-09-27 00:00:00'),(1348,114,'2013-09-28 00:00:00'),(1349,114,'2013-09-29 00:00:00'),(1350,114,'2013-09-30 00:00:00'),(1351,114,'2013-10-01 00:00:00'),(1352,114,'2013-10-02 00:00:00'),(1353,114,'2013-10-03 00:00:00'),(1354,114,'2013-10-04 00:00:00'),(1355,114,'2013-10-05 00:00:00'),(1356,114,'2013-10-06 00:00:00'),(1357,114,'2013-10-07 00:00:00'),(1358,114,'2013-10-08 00:00:00'),(1359,114,'2013-10-09 00:00:00'),(1360,114,'2013-10-10 00:00:00'),(1361,114,'2013-10-11 00:00:00'),(1362,114,'2013-10-12 00:00:00'),(1363,114,'2013-10-13 00:00:00'),(1364,114,'2013-10-14 00:00:00'),(1365,114,'2013-10-15 00:00:00'),(1366,114,'2013-10-16 00:00:00'),(1367,114,'2013-10-17 00:00:00'),(1368,114,'2013-10-18 00:00:00'),(1369,114,'2013-10-19 00:00:00'),(1370,114,'2013-10-20 00:00:00'),(1371,114,'2013-10-21 00:00:00'),(1372,114,'2013-10-22 00:00:00'),(1373,114,'2013-10-23 00:00:00'),(1374,114,'2013-10-24 00:00:00'),(1375,114,'2013-10-25 00:00:00'),(1376,114,'2013-10-26 00:00:00'),(1377,114,'2013-10-27 00:00:00'),(1378,114,'2013-10-28 00:00:00'),(1379,114,'2013-10-29 00:00:00'),(1380,114,'2013-10-30 00:00:00'),(1381,114,'2013-10-31 00:00:00'),(1382,115,'2013-09-01 00:00:00'),(1383,115,'2013-09-02 00:00:00'),(1384,115,'2013-09-03 00:00:00'),(1385,115,'2013-09-04 00:00:00'),(1386,115,'2013-09-05 00:00:00'),(1387,115,'2013-09-06 00:00:00'),(1388,115,'2013-09-07 00:00:00'),(1389,115,'2013-09-08 00:00:00'),(1390,115,'2013-09-09 00:00:00'),(1391,115,'2013-09-10 00:00:00'),(1392,115,'2013-09-11 00:00:00'),(1393,115,'2013-09-12 00:00:00'),(1394,115,'2013-09-13 00:00:00'),(1395,115,'2013-09-14 00:00:00'),(1396,115,'2013-09-15 00:00:00'),(1397,115,'2013-09-16 00:00:00'),(1398,115,'2013-09-17 00:00:00'),(1399,115,'2013-09-18 00:00:00'),(1400,115,'2013-09-19 00:00:00'),(1401,115,'2013-09-20 00:00:00'),(1402,115,'2013-09-21 00:00:00'),(1403,115,'2013-09-22 00:00:00'),(1404,115,'2013-09-23 00:00:00'),(1405,115,'2013-09-24 00:00:00'),(1406,115,'2013-09-25 00:00:00'),(1407,115,'2013-09-26 00:00:00'),(1408,115,'2013-09-27 00:00:00'),(1409,115,'2013-09-28 00:00:00'),(1410,115,'2013-09-29 00:00:00'),(1411,115,'2013-09-30 00:00:00'),(1412,115,'2013-10-01 00:00:00'),(1413,115,'2013-10-02 00:00:00'),(1414,115,'2013-10-03 00:00:00'),(1415,115,'2013-10-04 00:00:00'),(1416,115,'2013-10-05 00:00:00'),(1417,115,'2013-10-06 00:00:00'),(1418,115,'2013-10-07 00:00:00'),(1419,115,'2013-10-08 00:00:00'),(1420,115,'2013-10-09 00:00:00'),(1421,115,'2013-10-10 00:00:00'),(1422,115,'2013-10-11 00:00:00'),(1423,115,'2013-10-12 00:00:00'),(1424,115,'2013-10-13 00:00:00'),(1425,115,'2013-10-14 00:00:00'),(1426,115,'2013-10-15 00:00:00'),(1427,115,'2013-10-16 00:00:00'),(1428,115,'2013-10-17 00:00:00'),(1429,115,'2013-10-18 00:00:00'),(1430,115,'2013-10-19 00:00:00'),(1431,115,'2013-10-20 00:00:00'),(1432,115,'2013-10-21 00:00:00'),(1433,115,'2013-10-22 00:00:00'),(1434,115,'2013-10-23 00:00:00'),(1435,115,'2013-10-24 00:00:00'),(1436,115,'2013-10-25 00:00:00'),(1437,115,'2013-10-26 00:00:00'),(1438,115,'2013-10-27 00:00:00'),(1439,115,'2013-10-28 00:00:00'),(1440,115,'2013-10-29 00:00:00'),(1441,115,'2013-10-30 00:00:00'),(1442,115,'2013-10-31 00:00:00'),(1443,116,'2013-09-01 00:00:00'),(1444,116,'2013-09-02 00:00:00'),(1445,116,'2013-09-03 00:00:00'),(1446,116,'2013-09-04 00:00:00'),(1447,116,'2013-09-05 00:00:00'),(1448,116,'2013-09-06 00:00:00'),(1449,116,'2013-09-07 00:00:00'),(1450,116,'2013-09-08 00:00:00'),(1451,116,'2013-09-09 00:00:00'),(1452,116,'2013-09-10 00:00:00'),(1453,116,'2013-09-11 00:00:00'),(1454,116,'2013-09-12 00:00:00'),(1455,116,'2013-09-13 00:00:00'),(1456,116,'2013-09-14 00:00:00'),(1457,116,'2013-09-15 00:00:00'),(1458,116,'2013-09-16 00:00:00'),(1459,116,'2013-09-17 00:00:00'),(1460,116,'2013-09-18 00:00:00'),(1461,116,'2013-09-19 00:00:00'),(1462,116,'2013-09-20 00:00:00'),(1463,116,'2013-09-21 00:00:00'),(1464,116,'2013-09-22 00:00:00'),(1465,116,'2013-09-23 00:00:00'),(1466,116,'2013-09-24 00:00:00'),(1467,116,'2013-09-25 00:00:00'),(1468,116,'2013-09-26 00:00:00'),(1469,116,'2013-09-27 00:00:00'),(1470,116,'2013-09-28 00:00:00'),(1471,116,'2013-09-29 00:00:00'),(1472,116,'2013-09-30 00:00:00'),(1473,116,'2013-10-01 00:00:00'),(1474,116,'2013-10-02 00:00:00'),(1475,116,'2013-10-03 00:00:00'),(1476,116,'2013-10-04 00:00:00'),(1477,116,'2013-10-05 00:00:00'),(1478,116,'2013-10-06 00:00:00'),(1479,116,'2013-10-07 00:00:00'),(1480,116,'2013-10-08 00:00:00'),(1481,116,'2013-10-09 00:00:00'),(1482,116,'2013-10-10 00:00:00'),(1483,116,'2013-10-11 00:00:00'),(1484,116,'2013-10-12 00:00:00'),(1485,116,'2013-10-13 00:00:00'),(1486,116,'2013-10-14 00:00:00'),(1487,116,'2013-10-15 00:00:00'),(1488,116,'2013-10-16 00:00:00'),(1489,116,'2013-10-17 00:00:00'),(1490,116,'2013-10-18 00:00:00'),(1491,116,'2013-10-19 00:00:00'),(1492,116,'2013-10-20 00:00:00'),(1493,116,'2013-10-21 00:00:00'),(1494,116,'2013-10-22 00:00:00'),(1495,116,'2013-10-23 00:00:00'),(1496,116,'2013-10-24 00:00:00'),(1497,116,'2013-10-25 00:00:00'),(1498,116,'2013-10-26 00:00:00'),(1499,116,'2013-10-27 00:00:00'),(1500,116,'2013-10-28 00:00:00'),(1501,116,'2013-10-29 00:00:00'),(1502,116,'2013-10-30 00:00:00'),(1503,116,'2013-10-31 00:00:00'),(1504,117,'2013-10-26 17:00:00'),(1505,117,'2013-10-27 17:00:00');
/*!40000 ALTER TABLE `actions_schedule` ENABLE KEYS */;
UNLOCK TABLES;

--
-- Table structure for table `ad_advert_requests`
--

DROP TABLE IF EXISTS `ad_advert_requests`;
/*!40101 SET @saved_cs_client     = @@character_set_client */;
/*!40101 SET character_set_client = utf8 */;
CREATE TABLE `ad_advert_requests` (
  `id` bigint(20) NOT NULL AUTO_INCREMENT,
  `account_id` bigint(20) NOT NULL,
  `ad_id` bigint(20) NOT NULL,
  `in_interesting` bit(1) NOT NULL DEFAULT b'0',
  `pin_to_list` bit(1) NOT NULL DEFAULT b'0',
  PRIMARY KEY (`id`)
) ENGINE=InnoDB AUTO_INCREMENT=2 DEFAULT CHARSET=utf8;
/*!40101 SET character_set_client = @saved_cs_client */;

--
-- Dumping data for table `ad_advert_requests`
--

LOCK TABLES `ad_advert_requests` WRITE;
/*!40000 ALTER TABLE `ad_advert_requests` DISABLE KEYS */;
INSERT INTO `ad_advert_requests` VALUES (1,21,12,'','');
/*!40000 ALTER TABLE `ad_advert_requests` ENABLE KEYS */;
UNLOCK TABLES;

--
-- Table structure for table `ad_advertisments`
--

DROP TABLE IF EXISTS `ad_advertisments`;
/*!40101 SET @saved_cs_client     = @@character_set_client */;
/*!40101 SET character_set_client = utf8 */;
CREATE TABLE `ad_advertisments` (
  `id` bigint(20) NOT NULL AUTO_INCREMENT,
  `account_id` bigint(20) DEFAULT NULL,
  `category_id` bigint(20) NOT NULL,
  `created_date` datetime DEFAULT NULL,
  `title` varchar(245) NOT NULL,
  `description` text,
  `price` float NOT NULL DEFAULT '0',
  `name` varchar(100) DEFAULT NULL,
  `phone` varchar(100) DEFAULT NULL,
  `email` varchar(100) DEFAULT NULL,
  `view_count` int(11) NOT NULL DEFAULT '0',
  `on_main` bit(1) NOT NULL DEFAULT b'0',
  `in_interesting` bit(1) NOT NULL DEFAULT b'0',
  `pin_to_list` bit(1) NOT NULL DEFAULT b'0',
  `url` varchar(255) DEFAULT NULL,
  PRIMARY KEY (`id`)
) ENGINE=InnoDB AUTO_INCREMENT=180 DEFAULT CHARSET=utf8;
/*!40101 SET character_set_client = @saved_cs_client */;

--
-- Dumping data for table `ad_advertisments`
--

LOCK TABLES `ad_advertisments` WRITE;
/*!40000 ALTER TABLE `ad_advertisments` DISABLE KEYS */;
INSERT INTO `ad_advertisments` VALUES (15,1,14,'2013-10-11 06:15:44','Однокомнатная квартира, Попова ул, 119','Продам 1 ком.  кв.  в новом доме улучшенной планировки,  с хорошим ремонтом,  лоджия застеклена,  остается встроенная кухня,  отличный район,  развитая инфраструктура.  Дому 5 лет.',1850000,'','','',0,'\0','\0','\0','http://smolensk.irr.ru/real-estate/apartments-sale/secondary/1-kom-kv-v-novom-dome-advert293371848.html'),(16,1,14,'2013-10-11 06:15:50','Однокомнатная квартира, Смоленск','-Вы живете в квартире,  которая вас не устраивает и хотите приобрести достойный вариант? \n-Даже при таком богатом рынке недвижимости вы не можете найти себе подходящего варианта?\n- И все-таки Вы хотите купить Хорошую  квартиру и не думать по поводу предстоящего ремонта?\nТогда я советую вам  обратить внимание на этот замечательный вариант: \nОднокомнатная квартира малосемейного типа  с дизайнерским ремонтом в центре Заднепровского района.  Квартира находится на 2 этаже 5 этажного дома,  не угловая и очень теплая.  Все новое (см фото).   Остается встроенная кухня и ключи от квартиры)\nРассмотрю любую форму оплаты (сертификаты,  наличные,  ипотека).  \nЗВОНИТЕ!  Собственник!',1250000,'XXXXXXXXXXX  Андрей','','',1,'\0','\0','\0','http://smolensk.irr.ru/real-estate/apartments-sale/secondary/1-komn-kvartira-2-5-ploschad-obschaya-19-kv-m-advert293486413.html'),(17,1,14,'2013-10-11 06:15:56','Однокомнатная квартира, Нахимова, 23','срочно',2300000,'Любовь','','',1,'\0','\0','\0','http://smolensk.irr.ru/real-estate/apartments-sale/secondary/1-komn-kvartira-Nahimova-23-2-10-ploschad-obschaya-advert293291732.html'),(18,1,14,'2013-10-11 06:16:01','Однокомнатная квартира, Попова ул, 116','Продам 1-на комнатную квартиру,  улучшенной планировки,  общей площадью 34 кв.  м.  Квартира не угловая,  хорошее состояние,  с/у совмещен,  встроенная кухня,  лоджия застеклена,  документы готовы',1840000,'','','',1,'\0','\0','\0','http://smolensk.irr.ru/real-estate/apartments-sale/secondary/1-komn-kvartira-Popova-ul-116-7-10-ploschad-obschaya-advert293241414.html'),(19,1,14,'2013-10-11 06:16:13','Однокомнатная квартира, Ломоносова ул','Продам 1к квартиру с инд.  отоплением в новостройке от &quot;Гражданстроя&quot;.  Дом сдан.',1980000,'XXXXXXXXXXX  Ольга','','',1,'\0','\0','\0','http://smolensk.irr.ru/real-estate/apartments-sale/secondary/1-komn-kvartira-Lomonosova-ul-2-10-ploschad-obschaya-advert293227229.html'),(20,1,14,'2013-10-11 06:16:16','Однокомнатная квартира, Рыленкова ул, 50','Продам 1к квартиру улучшенной планировки.  Ремонт:  окна пластик,  пол ламинат.  Дому 10 лет.  Рядом школа,  д/сад,  детская поликлиника',1750000,'XXXXXXXXXXX  Ольга','','',2,'\0','\0','\0','http://smolensk.irr.ru/real-estate/apartments-sale/secondary/1-komn-kvartira-Rylenkova-ul-50-3-10-ploschad-advert293226953.html'),(21,1,14,'2013-10-11 06:16:22','Однокомнатная квартира, Нахимова ул','Продам Ул. Нахимова. 1 ком. квартира 30,8кв. м 1 этаже 5-этажного кирпичного дома от собственника. 1этаж угловая. Одно окно на дорогу, два во двор. (под офис т п д)на против центра Нахимовский',1950000,'алексей','','',0,'\0','\0','\0','http://smolensk.irr.ru/real-estate/apartments-sale/secondary/1-komn-kvartira-Nahimova-ul-1-5-ploschad-obschaya-advert293190014.html'),(22,1,14,'2013-10-11 06:16:27','Однокомнатная квартира, Минская ул','Продается 1 ком.  квартира,  п.  Печерск,  ул.  Минская.  1/2кирп.  дома.  31,5/16/8.  С/у совм.  Окна пластиковые,  новые межком.  двери.  В квартире имеется погреб для заготовок.  В подъезде сделан ремонт.  Возле дома участок земли и сарай.  Рядом остановка,  школа,  д/сад,  сбербанк и остальная инфраструктура.',1250000,'Елена','','',0,'\0','\0','\0','http://smolensk.irr.ru/real-estate/apartments-sale/secondary/1-komn-kvartira-Minskaya-ul-1-2-ploschad-obschaya-advert293180735.html'),(23,1,14,'2013-10-11 06:16:36','Однокомнатная квартира, Нахимова ул, 7','Продается 1 комнатная квартира - студия. Угловая. В отличном состоянии.  С/у совмещен в плитке,  окна ПВХ,  балкон застеклен. На полу ламинат. Остается встроенная кухня,  установлен бойлер.',1670000,'X XXX XXX XX XX','','',0,'\0','\0','\0','http://smolensk.irr.ru/real-estate/apartments-sale/secondary/1-komn-kvartira-Nahimova-ul-7-2-5-ploschad-obschaya-advert293112192.html'),(24,1,14,'2013-10-11 06:16:42','Однокомнатная квартира, Шевченко ул, 73А','1-ком.  Квартира,  по адресу Шевченко 73А, промышленный район.  Площадь  28,6/17,2/6. м. кв.  2/9 этаж кирпичного дома,  не угловая.  С/У  совместный,  на полу и стенах плитка.  Квартира чистая,  уютная косметический ремонт,  на полу линолеум,  стены - обои.  В квартире остается шкаф,  хорошая встроенная кухня.',1550000,'X-XXX-XXX-XX-XX','','',0,'\0','\0','\0','http://smolensk.irr.ru/real-estate/apartments-sale/secondary/1-komn-kvartira-Shevchenko-ul-73A-2-9-ploschad-advert293011124.html'),(25,1,14,'2013-10-11 06:16:52','Однокомнатная квартира, Петра Алексеева, 8','1-ком.  Квартира,  по улице Петра Алексеева  д. 8. Промышленный район.  38/19/9 м.  кв.  1/9 этаж панельного дома,  не угловая.  С/у  совместный,  в плитке.  Просторный балкон.  В квартире Хороший дизайнерский ремонт.  (евро ремонт).  В комнатах на полу ламинат,  стены выровнены - покрашены.  Просторная,  большая кухня.  Рядом  с домом Киселевский рынок,  множество магазинов,  школы,  дед. сады,  почта России,  банки и отличная транспортная развязка.',1970000,'X-XXX-XXX-XX-XX','','',0,'\0','\0','\0','http://smolensk.irr.ru/real-estate/apartments-sale/secondary/1-komn-kvartira-Petra-Alekseeva-8-1-9-ploschad-advert293005663.html'),(26,1,14,'2013-10-11 06:17:04','Однокомнатная квартира, Красный Бор ул','Продам однокомнатную квартиру, не угловая, косметический ремонт 32/19/8 С/у совмещен, пластиковые трубы, новая сантехника, счетчики на воду. Пластиковые окна, железная дверь, балкон не застеклен. Чистый тихий подъезд, хорошие соседи, магазин в доме, кап. ремонт крыши. Сухая, теплая, нет отключений гор. воды. Остановка в двух минутах ходьбы, рядом санаторий-профилакторий, озеро Ключевое. СОБСТВЕННИК!!!!',1250000,'XXXXXXXXXXX  Татьяна','','',0,'\0','\0','\0','http://smolensk.irr.ru/real-estate/apartments-sale/secondary/1-komn-kvartira-Krasnyy-Bor-ul-5-5-ploschad-obschaya-advert292961774.html'),(27,1,14,'2013-10-11 06:17:12','Однокомнатная квартира, Твардовского ул, 22а','Твардовского ул.,  дом 22а,  однокомнатная квартира улучшенной планировки,  1/10 кирпич,  46,6/ 16,7/11,6 кв метров,  коридор 10 кв метров,  кладовка 4 кв метра,  лоджия 6 кв м застеклена,  санузел совмещенный,  состояние хорошее,  центр города,  документы готовы,  угловая,  документы готовы.',1950000,'XXXXXXXXXXX','','',0,'\0','\0','\0','http://smolensk.irr.ru/real-estate/apartments-sale/secondary/1-komn-kvartira-Tvardovskogo-ul-22a-1-10-ploschad-advert292803758.html'),(28,1,14,'2013-10-11 06:17:14','Однокомнатная квартира, Марии Октябрьской ул, 12Б','Продам 1-комнатную квартиру,  ул.  М.  Октябрьской,  д.  12 Б,  3\\5 кирпич,  не угловая,  32/18/6,  балкон,  кладовка,  счетчики на воду.  Развитая инфраструктура района.  Квартира свободна,  чистая продажа.',1450000,'','','',0,'\0','\0','\0','http://smolensk.irr.ru/real-estate/apartments-sale/secondary/Prodam-1-komnatnuyu-kvartiru-v-Promyshlennom-advert291440865.html'),(29,1,14,'2013-10-11 06:17:21','Однокомнатная квартира, Н-Неман, 23а','Квартира сухая,  сделан капремонт крыши,  стены утеплены,  есть техэтаж.  Отличный район:  школы,  дет.  сад,  магазины,  банк,  поликлиники,  транспорт,  рынок - все рядом.  Возможна продажа с мебелью и техникой.',2000000,'XXXXXXXXXXX  собственник','','',0,'\0','\0','\0','http://smolensk.irr.ru/real-estate/apartments-sale/secondary/1-komn-kvartira-N-Neman-23a-10-10-ploschad-obschaya-advert292411879.html'),(30,1,14,'2013-10-11 06:17:28','Однокомнатная квартира, Петра Алексеева ул, 22/72','Квартира улучшенной планировки 37,4 /19 /9.5,  не угловая,  окна пластиковые,  балкон застеклён, на полу ламинат, трубы полипропилен, счётчики на воду, в ванной новая плитка, есть кладовка, в собственности более 3-х лет, рядом школа,  дет. сад, остановка возле дома.  Всё в шаговой доступности!',1750000,'Андрей','','',0,'\0','\0','\0','http://smolensk.irr.ru/real-estate/apartments-sale/secondary/1-komn-kvartira-Petra-Alekseeva-ul-22-72-3-9-advert292370168.html'),(31,1,14,'2013-10-11 06:17:37','Однокомнатная квартира, Лавочкина ул','Обычное состояние.  33/21/6',1160000,'Сергей','','',0,'\0','\0','\0','http://smolensk.irr.ru/real-estate/apartments-sale/secondary/1-komn-kvartira-Lavochkina-ul-2-2-ploschad-obschaya-advert291632838.html'),(32,1,14,'2013-10-11 06:17:41','Однокомнатная квартира, Маршала Соколовского ул','Малосемейка,  состояние обычное,  свой с/у,  окна во двор,  хорошие соседи',1050000,'Сергей','','',0,'\0','\0','\0','http://smolensk.irr.ru/real-estate/apartments-sale/secondary/1-komn-kvartira-Marshala-Sokolovskogo-ul-3-5-advert291632107.html'),(33,1,14,'2013-10-11 06:17:48','Однокомнатная квартира, Маршала Еременко ул, 22','1/9 пан.  дома,  36,8/19,7/9 кв.  м,  большая кладовка,  лоджия не застеклена,  с\\у совмещен,  счетчики на воду,  развитая инфраструктура.  Собственник',1600000,'Ольга','','',0,'\0','\0','\0','http://smolensk.irr.ru/real-estate/apartments-sale/secondary/1-komn-kvartira-Marshala-Eremenko-ul-22-1-9-advert291578739.html'),(34,1,14,'2013-10-11 06:17:55','Однокомнатная квартира, улица Крупской, 55-Б','комната - 18,1 кухня - 10,7,  с/у совмещенный,  трубы заменены,  установлены счетчики,  на кухне установлено пластиковое окно,  лоджия застеклена,  дом кирпичный,  интернет сети всех провайдеров',1800000,'Алексей','','',0,'\0','\0','\0','http://smolensk.irr.ru/real-estate/apartments-sale/secondary/1-komn-kvartira-ulica-Krupskoy-55-B-2-5-ploschad-advert291558925.html'),(35,1,14,'2013-10-11 06:18:02','Однокомнатная квартира, улица Гарабурды, 3','Продам 1-комнатную квартиру,  ул.  Гарабурды,  д.  3.  Монолитный дом повышенной комфортности,  6 этаж 10-этажного дома,  41/18/10,  индивидуальное отопление,  не угловая,  застекленная лоджия,  пластиковые окна,  высота потолков 280 см,  черновая отделка,  грузовой лифт.',1870000,'XXXXXXXXXXX  Владимир','','',0,'\0','\0','\0','http://smolensk.irr.ru/real-estate/apartments-sale/new/1-komn-kv-ulica-Garaburdy-3-6-10-ploschad-obschaya-advert291212675.html'),(36,1,14,'2013-10-11 06:18:07','Однокомнатная квартира, Южный мкр','Продам квартиру с ЕВРО ремонтом 52 м.. кв,  с мебелью и финской сауной.  В квартире сделан качественный ремонт стоимостью (1 000 000 руб. ) Квартира продается вместе со всей мебелью.  От собственника.',2300000,'Елена','','',0,'\0','\0','\0','http://smolensk.irr.ru/real-estate/apartments-sale/secondary/1-komn-kvartira-Yuzhnyy-mkr-1-5-ploschad-obschaya-advert291129748.html'),(37,1,14,'2013-10-11 06:18:18','Однокомнатная квартира, Петра Алексеева ул','1-КОМ. КВАРТИРА, УЛ. Петра Алексеева.   3/9 этаж панельного дома,  промышленный район, 37,4/20/10 кв. м. Квартира не угловая.  С/У совместный.  Хорошая застекленная пластиком лоджия.  Окна выходят на улицу.  Хороший косметический ремонт,  пластиковые окна,  на полу ламинат,  новые обои,  С/У везде плитка, на кухне линолеум, подвесной потолок. Рядом с домом школы,  дед.  сады,  магазины,  больницы,  в двух шагах от дома киселевский рынок,  хорошая транспортная развязка',1820000,'X-XXX-XXX-XX-XX','','',0,'\0','\0','\0','http://smolensk.irr.ru/real-estate/apartments-sale/secondary/1-komn-kvartira-Petra-Alekseeva-ul-3-9-ploschad-advert290952321.html'),(38,1,14,'2013-10-11 06:18:26','Однокомнатная квартира, Автозаводская ул, 35','1-но комнатная с отличным ремонтом,  всё новое,  делалось для себя.  Срочный переезд',1680000,'XXXXXXXXXXX  Ольга XXXXXX','','',0,'\0','\0','\0','http://smolensk.irr.ru/real-estate/apartments-sale/secondary/1-komn-kvartira-Avtozavodskaya-ul-35-2-12-ploschad-advert290946706.html'),(39,1,14,'2013-10-11 06:18:29','Однокомнатная квартира, Шевченко ул, 93','Продается 1-комн квартира по ул. Юбилейная,  д. 4.  новый дом.  8/10 кирпичного дома,  индивидуальное отопление.  41/15/10.  Неугловая.  Сделан качественный ремонт:  натяжные потолки,  на полу плитка и ламинат,  лоджия 6 метров,  остекленная пластиком (выход из кухни),  утепленная.  В квартире есть просторная кладовка (гардеробная),  с/у совмещен,  новая сантехника,  установлены счетчики.  Дорогие стильные обои.  Южная сторона,  очень красивый вид из окна - виден весь город и крепостная стена.',2000000,'','','',0,'\0','\0','\0','http://smolensk.irr.ru/real-estate/apartments-sale/new/1-komn-kv-Shevchenko-ul-93-8-10-ploschad-obschaya-advert290899551.html'),(40,1,14,'2013-10-11 06:18:39','Однокомнатная квартира, Попова ул','Продам 1 ком.  кв.  в новом доме улучшенной планировки,  с хорошим ремонтом,  лоджия застеклена,  остается встроенная кухня,  отличный район,  развитая инфраструктура.  Дому 5 лет.',1850000,'Алексей','','',0,'\0','\0','\0','http://smolensk.irr.ru/real-estate/apartments-sale/secondary/1-komn-kvartira-Popova-ul-8-10-ploschad-obschaya-advert290790483.html'),(41,1,14,'2013-10-11 06:18:43','Однокомнатная квартира, Колхозная площадь, 6','В квартире высокие потолки,  большая прихожая (10,5 кв. м),  кладовка,  балкон.  \nОкна выходят во двор,  комната изолирована.  Тихо. \nЭтим летом сделана полностью новая крыша и отремонтирован фасад всего дома.',1550000,'XXXXXXXXXXX','','',0,'\0','\0','\0','http://smolensk.irr.ru/real-estate/apartments-sale/secondary/1-komn-kvartira-Kolhoznaya-ploschad-6-4-4-ploschad-advert290769033.html'),(42,1,14,'2013-10-11 06:18:47','Однокомнатная квартира, д.Киселёвка, 5','Предлагается на продажу 1-комнатная квартира в новом доме с ИНДИВИДУАЛЬНЫМ ОТОПЛЕНИЕМ по адресу д.  Киселёвка,  д.  5.  Площадь:  46/20/12 кв. м. (вместе с лоджией).  Не угловая.  Стены ошпаклёваны,  сантехника установлена,  на полу линолиум.  Квартиа в собственности 4 года!',1750000,'XXXXXXXXXXX  Александр','','',0,'\0','\0','\0','http://smolensk.irr.ru/real-estate/apartments-sale/secondary/1-komn-kvartira-d-Kiselevka-5-1-3-ploschad-obschaya-advert290747200.html'),(43,1,14,'2013-10-11 06:18:59','Однокомнатная квартира, Бакунина ул, 9','Продаётся  1-комнатная квартира,  в самом центре города,  рядом с городским центральным парком. \nПо адресу:  ул. Бакунина д. 9 кв. 72 (Ленинский р-он),  32/18,5/6 3/5этажного кирпичного дома,  с/у совместный,  окна выходят во двор. \nСостояние квартиры жилое,  везде межкомнатные двери нового образца,  пластиковые окна.  В комнате и коридоре на полу ламинат,  на стенах обои,  потолки выровнены.  В кухне на полу линолеум,  на стенах обои,  фартук плитка,  потолок выровнен,  есть точечное освещение.  В с/у плитка,  кафель,  потолок  сайдинг  с точечным освещением,  двойные входные двери.    \nВ квартире остаётся кухня,  мебель по договорённости. \nКвартира расположена в культурном центре города,  в шаговой доступности Городской парк культуры и отдыха,  филармония,  театр,  а так же различные учебные заведения,  магазины,  много кафе.',1900000,'Андрей','','',0,'\0','\0','\0','http://smolensk.irr.ru/real-estate/apartments-sale/secondary/1-komn-kvartira-Bakunina-ul-9-3-5-ploschad-obschaya-advert290664218.html'),(44,1,14,'2013-10-11 06:19:01','Однокомнатная квартира, Строителей пр-кт','Продается малосемейка на Проспекте Строителей,  Промышленный район,  19/12/4кв,  3/5 кирп,  угловая,  с/у/с (душ),  окно выходит во двор. Хороший косметический ремонт:  ковролин,  пластиковое окно,  натяжные потолки,  двери нового образца. Остаются кухонные шкафы. Хорошая инфраструктура района:  рядом с домом остановка транспорта,  гипермаркет,  магазины,  кафе,  в шаговой доступности рынок. Уютная теплая квартира,  есть кладовка.',1200000,'X-XXX-XXX-XX-XX','','',0,'\0','\0','\0','http://smolensk.irr.ru/real-estate/apartments-sale/secondary/1-komn-kvartira-Stroiteley-pr-kt-3-5-ploschad-advert290659188.html'),(45,1,14,'2013-10-11 06:19:07','Однокомнатная квартира, Рыленкова ул, 11-б','Продается однокомнатная квартира в доме № 11-Б по ул.  Рыленкова г.  Смоленска.  Квартира улучшенной планировки 41/19,5/9,  не угловая,  индивидуальное отопление.  Развитая инфраструктура.  Более трех лет в собственности.  Документы готовы к продаже. Цена 1.880.000 рублей.',1880000,'Елена','','',0,'\0','\0','\0','http://smolensk.irr.ru/real-estate/apartments-sale/secondary/1-komn-kvartira-Rylenkova-ul-11-b-10-10-ploschad-advert287985742.html'),(46,1,14,'2013-10-11 06:19:13','Однокомнатная квартира, Краснофлотский 2-й пер','Продается 1-ком.  квартира в тихом районе г. Смоленска.  Ленинский р-н,  2-ой краснофлотский пер. 2/5 эт.  кирп.  дом,  неугловая,  среднее состояние,  санузел совместный,  площадь:  33/17/7 кв. м.,  есть не застекленный балкон,  в квартире:  пол- ДВП,  стены- обои,  потолок побелен.  Окна выходят во двор.  Удобный подъезд к дому,  5 минут от Шарма,  очень доступная цена! Звоните!',1449000,'X-XXX-XXX-XX-XX','','',0,'\0','\0','\0','http://smolensk.irr.ru/real-estate/apartments-sale/secondary/1-komn-kvartira-Krasnoflotskiy-2-y-per-2-5-ploschad-advert290407445.html'),(47,1,14,'2013-10-11 06:19:21','Однокомнатная квартира, Урицкого ул, -','Продаётся в кирпичном доме 1комн. кв.   1этаж высокий,  на окнах решётки,  не угловая,  с/у совместный.  Есть гардеробная,  полы на кухне линолеум,  в комнате ДВП крашенный,  балкона нет,  потолок в комнате натяжной,  кухня и коридор потолочная плитка,  окна пластик,  выходят во двор,  мебель остаётся по желанию покупателя.',2100000,'X-XXX-XXX-XX-XX','','',0,'\0','\0','\0','http://smolensk.irr.ru/real-estate/apartments-sale/secondary/1-komn-kvartira-Urickogo-ul-1-5-ploschad-obschaya-advert290398505.html'),(48,1,14,'2013-10-11 06:19:30','Однокомнатная квартира, Санаторий борок','Продается 1-комнатная квартира в Сан.  Борок на 4/5 кирпичного дома.  31/19/6,  пластиковые окна, балкон застеклен пластиком,  очень хороший ремонт.',950000,'Оксана','','',0,'\0','\0','\0','http://smolensk.irr.ru/real-estate/apartments-sale/secondary/1-komn-kvartira-Sanatoriy-borok-4-5-ploschad-obschaya-advert290369210.html'),(49,1,14,'2013-10-11 06:19:36','Однокомнатная квартира, П.Алексеева, 22/72','1-к квартира 38 м² на 3 этаже 9-этажного панельного дома\nКвартира улучшенной планировки 38 /19 /9.5,  не угловая,  окна пластиковые,  балкон застеклён - алюминий, на полу ламинат, трубы полипропилен, счётчики на воду, в ванной новая плитка, в собственности 3 года, рядом школа, дет. сад, остановка возле дома, ОТ СОБСТВЕННИКА,  ЧИСТАЯ ПРОДАЖА',1790000,'Андрей  собственник','','',0,'\0','\0','\0','http://smolensk.irr.ru/real-estate/apartments-sale/secondary/1-komn-kvartira-P-Alekseeva-22-72-3-9-ploschad-advert290241573.html'),(50,1,14,'2013-10-11 06:19:45','Однокомнатная квартира, Марии Октябрьской ул','не угловая,  евроотделка,  с/у совмещ.  (плитка),  новые стояки и разводка,  счетчики,  стеклопакеты,  встроенный шкаф,  арочный проем,  дополнительная красивая подсветка,  теплая,  сухая,  светлая,  рядом транспорт,  магазины и школа,  любая форма расчета,  торг,  срочно.',1860000,'XXXXXXXXXXX XXXXXX','','',0,'\0','\0','\0','http://smolensk.irr.ru/real-estate/apartments-sale/secondary/1-komn-kvartira-Marii-Oktyabr-skoy-ul-5-9-ploschad-advert290224220.html'),(51,1,14,'2013-10-11 06:19:52','Однокомнатная квартира, Гарабурды ул','черновая отделка,  инд.  отопление',2000000,'XXXXXXXXXXX XXXXXX','','',0,'\0','\0','\0','http://smolensk.irr.ru/real-estate/apartments-sale/new/1-komn-kv-Garaburdy-ul-5-10-ploschad-obschaya-46-advert290223468.html'),(52,1,14,'2013-10-11 06:19:54','Однокомнатная квартира, Киселевка','инд.  отопление,  черновая отделка,  дом не сдан',1550000,'XXXXXXXXXXX XXXXXX','','',0,'\0','\0','\0','http://smolensk.irr.ru/real-estate/apartments-sale/new/1-komn-kv-Kiselevka-2-3-ploschad-obschaya-46-kv-m-advert290223225.html'),(53,1,14,'2013-10-11 06:19:57','Однокомнатная квартира, Гарабурды ул, 3','Продам квартиру в элитном доме.  Секция 2.  Корпус 3. Расчетная площадь 51кв. м.  Комната 20 кв. м..  Кухня 13 кв. м.  Продам квартиру в элитном доме.  Секция 2.  Корпус 3.  Для вас свободная планировка и шикарный метраж кухни и жилого помещения.  Лоджия 4 кв. м. \n    Детский сад во дворе.  Школа в шаговой доступности.  Много магазинов и аптек на Кловке.  По договору переуступки права собственности.',2150000,'Анна Геннадьевна','','',0,'\0','\0','\0','http://smolensk.irr.ru/real-estate/apartments-sale/new/1-komn-kv-Garaburdy-ul-3-8-10-ploschad-obschaya-51-advert290046250.html'),(54,1,14,'2013-10-11 06:20:00','Однокомнатная квартира, Запольный пер, 3','продается 1-но ком.  кв.  в  старом центре города (5 минут от пл.  Победы).  на 2 этаже 5-ти этажного  кирпичного дома,  не угловая.  Метраж 32/18/6,5 кв.  м.  балкон,  окна во двор.   Санузел совмещен,  трубы заменены,  горячая вода круглый год (без плановых отключений).  Тихий зеленый двор с детской площадкой,  сквер для прогулок,  рядом магазины,  почтовое отделение,  поликлиника.  Развитая инфраструктура.  Квартира свободна. Документы готовы. Чистая продажа! Рассматриваются все предложения.  В собственности более 3-х лет.',1570000,'Ирина','','',0,'\0','\0','\0','http://smolensk.irr.ru/real-estate/apartments-sale/secondary/1-komn-kvartira-Zapol-nyy-per-3-2-5-ploschad-obschaya-advert289931959.html'),(55,1,14,'2013-10-11 06:20:06','Однокомнатная квартира, Шевченко ул','Продается 1-комн квартира по ул. Юбилейная,  д. 4.  новый дом.  (Новосельцы) 8/10 кирпичного дома,  индивидуальное отопление.  41/15/10.  Сделан качественный ремонт:  натяжные потолки,  на полу плитка и ламинат,  лоджия 6 метров,  остекленная пластиком,  утепленная.  В квартире есть просторная кладовка (гардеробная),  с/у совмещен,  новая сантехника,  установлены счетчики.  Дорогие стильные обои.  Южная сторона,  очень красивый вид из окна - виден весь город и крепостная стена.',1900000,'','','',0,'\0','\0','\0','http://smolensk.irr.ru/real-estate/apartments-sale/new/1-komn-kv-Shevchenko-ul-8-10-ploschad-obschaya-41-advert289724757.html'),(56,1,14,'2013-10-11 06:20:18','Однокомнатная квартира, Нормандия-Неман ул','Однокомнатная квартира на Н-Неман\nВыставлена на продажу однокомнатная квартира по улице Н-Неман,  (Ленинский район);    38,8/19,3/9 кв.,  10/10 панельн;  н/у;  с/у/с (ванная);  застекленный балкон;  окна выходят на зеленый массив. \nЕвроремонт:  ламинат,  натяжные потолки,  плитка и кафель в санузле,  пластиковые окна,  новые межкомнатные двери. \nОстается встроенная кухня,  остальное по договоренности. \nХорошая инфраструктура района:  магазины,  кафе,  остановка транспорта возле дома,  школа,  сбербанк. \nВыровнены стены,  в собственности более 3-х лет,  центр города,  отличный вид на город с 10 этажа. \nПозвони сейчас – получи приятную скидку!!!',2050000,'','','',0,'\0','\0','\0','http://smolensk.irr.ru/real-estate/apartments-sale/secondary/1-komn-kvartira-Normandiya-Neman-ul-10-10-ploschad-advert289555635.html'),(57,1,14,'2013-10-11 06:20:31','Однокомнатная квартира, Королевка мкр, 9А','Заднепровский р-н,  мкр Королевка,  д. 9А\nЭтаж:  2/10\nПлощадь:  40/19/10 кв. м\nСанузел:  совмещенный\nНеугловая \nИнд.  отопл.  \nЛоджия застекл. утеплена, расписана под детскую \nСтеклопакеты,  плитка,   паркет,  кухня:  встроенная дуб,  натяж.  потолок.  В собственности более 3х лет',1900000,'Любовь собственник','','',0,'\0','\0','\0','http://smolensk.irr.ru/real-estate/apartments-sale/secondary/1-komn-kvartira-Korolevka-mkr-9A-2-10-ploschad-advert289516471.html'),(58,1,14,'2013-10-11 06:20:42','Однокомнатная квартира, Попова ул, 16','1-к квартира 32 м² на 2 этаже 5-этажного панельнoго дома\nНедорогая 1-к. квартира в спальном районе города. \nОтличный вариант для молодой семьи. \nРядом школы(образовательная, футбольная, раннего развития), садик, магазины, остановка транспорта. \nТихий двор, спокойный подъезд. \nПластиковые окна, балкон застеклен. \nУгловая(можно сделать перепланировку на 2 комнаты)\nСветлая, ухоженная. \nМетраж- 31\\19\\6\nВ Промышленном районе дешевле только малосемейки. \nПродаем срочно в связи с переездом в другой город.',1500000,'Татьяна','','',0,'\0','\0','\0','http://smolensk.irr.ru/real-estate/apartments-sale/secondary/1-komn-kvartira-Popova-ul-16-2-5-ploschad-obschaya-advert289503964.html'),(59,1,14,'2013-10-11 06:20:46','Однокомнатная квартира, Соболева ул, -','1-ком. кв. Промышленный район.  Ул. Соболева. 29,2/16,8/6 кв. м. Кирпичный дом 1/5 этажного дома,  не угловая.  Косметический ремонт,  на полу в линолеум,  на стенах обои.  На кухне плитка.  С/У совместный,  отопление центральное.  Стоят новые межкомнатные деревяные двери и пластиковые окна.  Рядом с домом магазины, остановка',1400000,'','','',0,'\0','\0','\0','http://smolensk.irr.ru/real-estate/apartments-sale/secondary/1-komn-kvartira-Soboleva-ul-1-5-ploschad-obschaya-advert289043624.html'),(60,1,14,'2013-10-11 06:20:58','Однокомнатная квартира, Пригородная ул','Продам 1 комнатную квартиру по ул. Пригородная. Общ. пл. -33,8 кв. м.,  жилая-18,2 кв. м.,  кухня-7,7 кв. м.,  туалет-1,3 кв. м.,  ванная-2,6 кв. м.,  прихожая-4 кв. м.,  с/узел раздельный.  В квартире хороший ремонт,  заменена проводка, пластиковые окна,  кладовка.  Остается новая кухня (а так же новая варочная панель,  новая вытяжка),  стенка,  кровать,  кухонный уголок.  хороший живописный вид из окна,  тихий район,  развитая инфраструктура,  в шаговой доступности школа, детский сад,  магазины.',1900000,'XXXXXXXXXXX','','',0,'\0','\0','\0','http://smolensk.irr.ru/real-estate/apartments-sale/secondary/1-komn-kvartira-Prigorodnaya-ul-6-9-ploschad-obschaya-advert288989628.html'),(61,1,14,'2013-10-11 06:21:06','Однокомнатная квартира, Викторова, 28','Отличный вариант приятной однушки на удобном 2-м этаже 5-ти этажного дома с зеленым двором!\n\nДля жизни - опрятная квартира со всеми удобствами (большая кухня, кладовка) в тихом районе,  бетонный сарай для хоз. нужд,  рядом магазины, автобус до города каждый 30 минут. \n\nДля детей - есть школа и детский сад. \n\nА для отдыха есть возможность недорого приобрести дачный участок недалеко от дома. \n\nКоличество предлагаемого товара ограниченно 1 экземпляром! Возможен торг.  Звоните прямо сейчас!',1450000,'Екатерина','','',0,'\0','\0','\0','http://smolensk.irr.ru/real-estate/apartments-sale/secondary/1-komn-kvartira-Viktorova-28-2-5-ploschad-obschaya-advert288725509.html'),(62,1,14,'2013-10-11 06:21:20','Однокомнатная квартира, Рыленкова ул','Вы ищите квартиру но не можете определится в выборе ? Вы хотите не дорогой,   но хороший и уютный вариант?   Тогда это именно то,  что вам нужно!\n Квартира улучшенной планировки  в Промышленном  районе,  по ул.  Рыленкова.   Не угловая  с центральным отоплениям, на 9/9 этаже панельного дома,  застекленная  лоджия, пластиковые окна выходящие во двор,   на детскую площадку.  с/у совмещенный,  хорошая инфраструктура,  транспортная развязка,  школы,  магазины,  развлекательные центры,  ламинат в зале,  кухня -линолеум, двери из  цельного дерева,  площадь  квартиры  37/20/9,5 кв м.  Документы готовы к продаже.',1849000,'XXXXXXXXXXX','','',0,'\0','\0','\0','http://smolensk.irr.ru/real-estate/apartments-sale/secondary/1-komn-kvartira-Rylenkova-ul-9-9-ploschad-obschaya-advert288500473.html'),(63,1,14,'2013-10-11 06:21:27','Однокомнатная квартира, Лавочкина ул, -','Вам интересна новая квартира,  но трудно сделать выбор? Вы устали выбирать среди дорогих и неликвидных вариантов ?  Мы вам в этом поможем! Вашему вниманию представляется  квартира улучшенной планировки  в Заднепровском районе,  по. ул.  Лавочкина.  Не угловая  с центральным отоплением,  площадь  квартиры  37/20/9,5 кв м. на  1/5 этаж кирпичного дома( высокий первый этаж- более 3 метров от земли), пластиковые окна выходящие во двор,   на детскую площадку,  с/у совмещенный( новая дорогая плитка),  ламинат в зале,  импортные обои,  качественные натяжные потолки,   кухня –линолеум,   двери из  цельного дерева,  качественная входная металлическая дверь.  хорошая инфраструктура,  транспортная развязка,  рядом все необходимые магазины.  Возле дома расположены остановки транспорта,  ведущие в различные концы города.   Документы готовы к продаже.   Цена 1549 000.  ТОРГ! Только до  16  сентября  приятные осенние скидки!',1549000,'Егор','','',0,'\0','\0','\0','http://smolensk.irr.ru/real-estate/apartments-sale/secondary/1-komn-kvartira-Lavochkina-ul-2-5-ploschad-obschaya-advert288491686.html'),(64,1,14,'2013-10-11 06:21:36','Однокомнатная квартира, улица Рыленкова, 50а','Продается однокомнатная квартира с индивидуальным отоплением в Промышленном районе города с развитой инфраструктурой (застройщик &quot;Гражданстрой&quot;).  Рядом остановки всех видов общественного транспорта,  торговые центры,  магазины,  кафе.  Квартира на третьем этаже десятиэтажного кирпичного дома,  в 1-ой блок-секции,  окна выходят на улицу Рыленкова.  Не угловая,  предчистовая отделка,  пластиковое остекление.  Металлическая входная дверь.   Собственник.  Торг.',1830000,'Юлия','','',0,'\0','\0','\0','http://smolensk.irr.ru/real-estate/apartments-sale/new/1-komn-kv-ulica-Rylenkova-50a-3-10-ploschad-obschaya-advert288125860.html'),(65,1,14,'2013-10-11 06:21:46','Однокомнатная квартира, Марии Октябрьской ул, 12б','ПРОДАМ 1-комнатную квартиру,  ул.  М.  Октябрьской,  д.  12 Б,  3\\5 кирпич,  неугловая,  32/18/6,  балкон,  кладовка,  счетчики на воду.  Развитая инфраструктура района.  Квартира свободна,  чистая продажа,  документы готовы.',1430000,'Владимир','','',0,'\0','\0','\0','http://smolensk.irr.ru/real-estate/apartments-sale/secondary/1-komn-kvartira-Marii-Oktyabr-skoy-ul-12b-3-5-advert288054172.html'),(66,1,14,'2013-10-11 06:21:51','Однокомнатная квартира, Новосельцы ул','черновая отделка,  сдача 4 квартал 2013 года,  инд.  отопление',1750000,'XXXXXXXXXXX XXXXXX','','',0,'\0','\0','\0','http://smolensk.irr.ru/real-estate/apartments-sale/secondary/1-komn-kvartira-Novosel-cy-ul-7-10-ploschad-obschaya-advert287973323.html'),(67,1,14,'2013-10-11 06:22:03','Двухкомнатная квартира, Нахимова, 13Г','Продам 2-х комн. кв в Ленинском р-не. 2/9 панельного дома. 52.1+4.5 утепл. лоджия. комнаты и с/у раздельные. полы ламинат, натяжные и подвесные потолки, новые межкомнатные двери, стеклопакет, встроенная кухня.',2750000,'Людмила','','',0,'\0','\0','\0','http://smolensk.irr.ru/real-estate/apartments-sale/secondary/2-komn-kvartira-Nahimova-13G-2-9-ploschad-obschaya-advert285745798.html'),(68,1,14,'2013-10-11 06:22:11','Двухкомнатная квартира, Николаева ул, 52','Две сплит системы,  сигнализация,  интернет,  телефон,  домофон,  все стены и потолок гипсокартон,  встроенные светильники,  полы ламинат.  Прихожая встроенный зеркальный шкаф.  Ванная угловая акриловая,  итальянская сантехника.  Кухня фасады натуральное дерево.  Балкон сдвижные аллюминивые окна,  весь обшит гипсокартоном,  полы ламинат.  Сигнализация.  Отличное место расположение.   В пределах 50 метров без дорог;  д/сад,  школа,  2 продуктовых магазина (один из них круглосуточный «Николаевский»),  сбербанк,  магазин быт/химии «Бриз»,  остановка автобусов,  троллейбуса.  В пределах 1000 метров;  Ряадовский парк,  ресторан,  развлекательный цент с кинотеатрами и боулингом,  лицей для одаренных детей.  Хорошие соседи.  Прекрасный район для постоянного проживания.',2600000,'Сергей Борисович','','',0,'\0','\0','\0','http://smolensk.irr.ru/real-estate/apartments-sale/secondary/2-komn-kvartira-Nikolaeva-ul-52-7-9-ploschad-obschaya-advert285581262.html'),(69,1,14,'2013-10-11 06:22:19','Двухкомнатная квартира, Соболева ул, 109 в','2-х ком.  кв.  улучшенной планировки,  с хорошем ремонтом,  тройные стекло пакеты,  в ванной полы с подогревом,  остаётся практически вся мебель,  комнаты раздельные,  отличный район - тихий,  спокойный,  зелёный,  нет городского шума и пыли.',1820000,'','','',0,'\0','\0','\0','http://smolensk.irr.ru/real-estate/apartments-sale/secondary/2-h-kom-kv-v-tihom-rayone-advert293371844.html'),(70,1,14,'2013-10-11 06:22:27','Двухкомнатная квартира, Новосельцы ул, 4','Продам 2 комнатную квартиру с индивидуальным отоплением,  не крайний этаж,  не угловая,  Комнаты на две стороны.  Отличный ремонт,  ламинат,  двухуровневые потолки с двойным освещением,  сан.  узел раздельный -плитка,  большая застекленная лоджия из кухни.  Грузовой лифт.  Делали ремонт для себя,  но никто не жил.  Квартира свободна.',3600000,'XXXXXXXXXXX  Наталья','','',0,'\0','\0','\0','http://smolensk.irr.ru/real-estate/apartments-sale/new/2-komn-kv-Novosel-cy-ul-4-8-9-ploschad-obschaya-68-advert293457250.html'),(71,1,14,'2013-10-11 06:22:33','Двухкомнатная квартира, Нахимова ул, 27','Продам 2к квартиру с инд.  отоплением повышенной комфортности,  ремонт,  видеонаблюдение',4800000,'Ольга','','',0,'\0','\0','\0','http://smolensk.irr.ru/real-estate/apartments-sale/secondary/2-komn-kvartira-Nahimova-ul-27-3-10-ploschad-obschaya-advert293240983.html'),(72,1,14,'2013-10-11 06:22:39','Двухкомнатная квартира, Ленина ул','Продается 2 х комнатная квартира со всеми удобствами,  комнаты изолированы,  с/у раздельный,  среднее состояние,  документы готовы.  Цена 1330 000 возможен небольшой торг.',1330000,'','','',0,'\0','\0','\0','http://smolensk.irr.ru/real-estate/apartments-sale/secondary/2-komn-kvartira-Lenina-ul-1-2-ploschad-obschaya-41-advert293239824.html'),(73,1,14,'2013-10-11 06:22:45','Двухкомнатная квартира, Шевченко ул, 4','Продам 2 х комнатную квартиру в новом доме под нежилое,  общая площадь 67 кв.  м.,  черновая отделка,  индивидуальное отопление,  окна выходят на две стороны,  в собственности,  документы готовы. возможен торг.',2730000,'','','',0,'\0','\0','\0','http://smolensk.irr.ru/real-estate/apartments-sale/new/2-komn-kv-Shevchenko-ul-4-1-10-ploschad-obschaya-advert293237818.html'),(74,1,14,'2013-10-11 06:22:56','Двухкомнатная квартира, улица Николаева','не угловая,  в собственности более трёх лет,  5 этаж 10 - этажного дома,  с\\у раздельный,  состояние хорошее.',2400000,'Андрей','','',0,'\0','\0','\0','http://smolensk.irr.ru/real-estate/apartments-sale/secondary/2-komn-kvartira-ulica-Nikolaeva-5-10-ploschad-advert293085477.html'),(75,1,14,'2013-10-11 06:23:06','Двухкомнатная квартира, Попова ул, 130','2-х комнатная квартира ул.  Попова 130,  общ.  пл.  53 кв.  м,  1/10 этаж.  \nРемонт туалет,  ванна,  новая сантехника,  счетчики вода,  газ,  водонагреватель. \nХорошее состояние.',2700000,'XXXXXXXXXXX  Дмитрий','','',0,'\0','\0','\0','http://smolensk.irr.ru/real-estate/apartments-sale/secondary/2-komn-kvartira-Popova-ul-130-1-10-ploschad-obschaya-advert292976401.html'),(76,1,14,'2013-10-11 06:23:14','Двухкомнатная квартира, Николаева, 77','2-x комнатная квартира улучшенной планировки.  Недалеко парк &quot;Реадовка&quot;.  Развитая инфраструктура.',2400000,'Елена','','',0,'\0','\0','\0','http://smolensk.irr.ru/real-estate/apartments-sale/secondary/2-komn-kvartira-Nikolaeva-77-9-9-ploschad-obschaya-advert292776555.html'),(77,1,14,'2013-10-11 06:23:21','Двухкомнатная квартира, Оршанская ул, 16','Продам квартиру \n\n 2-к квартира 68 м² на 2 этаже 10-этажного кирпичного дома \n\n Продам квартиру по ул. Оршанская, центр города,  Новый кирпичный дом,  отличная планировка,  хороший ремонт.  с/у раздельный.  Балкон остеклён.  Комнаты рааздельные.  В собственности больше трёх лет.  Любая форма оплаты.',4250000,'XXXXXXXXXXX  Елена','','',0,'\0','\0','\0','http://smolensk.irr.ru/real-estate/apartments-sale/secondary/2-komn-kvartira-Orshanskaya-ul-16-6-9-ploschad-advert292287886.html'),(78,1,14,'2013-10-11 06:23:28','Двухкомнатная квартира, Соболева ул, 116','Продается 2-х комнатная квартира улучшенной планировки на 5/5 кирпичного дома 52/30/7,5.  Состояние квартиры обычное,  с/у раздельный,  балкон застеклен пластиком,  своя котельня.  Есть кладовка,  квартира очень теплая,  окна на обе стороны ( на дорогу не выходят ).',2100000,'Оксана','','',0,'\0','\0','\0','http://smolensk.irr.ru/real-estate/apartments-sale/secondary/2-komn-kvartira-Soboleva-ul-116-5-5-ploschad-obschaya-advert291788491.html'),(79,1,14,'2013-10-11 06:23:37','Двухкомнатная квартира, Монастырщинская ул','продам 2-х комн. кв, ул Монастырщинская, 1 очень высокий эт/3 эт кирпичн дома, 60/38/9 кв. м, чернов отделка, индивид отоплен, пластик окна, комнаты раздельные, холл-5 кв. м, с/у совмещ-5 кв. м, балкон не застеклен. Огорожен тер-я, свое парков место. имеется крытая парковка. В ШАГОВОЙ ДОСТУПН ШКОЛА И Д/САД, магаз.',2100000,'андрей','','',0,'\0','\0','\0','http://smolensk.irr.ru/real-estate/apartments-sale/new/2-komn-kv-Monastyrschinskaya-ul-1-3-ploschad-obschaya-advert291707224.html'),(80,1,14,'2013-10-11 06:23:45','Двухкомнатная квартира, Краснофлотский 5-й пер','Продам двухкомнатную квартиру на Краснофлотском переулке,  46/29/6.5,  кладовка,  стоит газовая колонка,  санузел раздельный,  балкон.  Срочно.',1800000,'авангард','','',0,'\0','\0','\0','http://smolensk.irr.ru/real-estate/apartments-sale/secondary/2-komn-kvartira-Krasnoflotskiy-5-y-per-4-5-ploschad-advert291654539.html'),(81,1,14,'2013-10-11 06:23:49','Двухкомнатная квартира, Рыленкова ул, 59','Продам квартиру/ 2-к квартира 76 м² на 7 этаже 10-этажного монолитного дома/ Предлагается на продажу двухкомнатная квартира в новом монолитном доме по адресу г.  Смоленск,  ул.  Рыленкова,  59А.  Квартира на седьмом этаже.  Сделан хороший ремонт.  На кухне,  в прихожей и сан. узлах - плитка.  В комнатах - ламинат.  2 Сан. узла.  Лоджия.  Металлическая входная дверь,  домофон,  интернет.  Замечательный вид из окна.  Дом находится в районе с развитой инфраструктурой,  рядом школа,  детский сад,  магазины.',4200000,'Елена','','',0,'\0','\0','\0','http://smolensk.irr.ru/real-estate/apartments-sale/secondary/2-komn-kvartira-Rylenkova-ul-59-7-10-ploschad-advert291651720.html'),(82,1,14,'2013-10-11 06:23:57','Двухкомнатная квартира, Маршала Еременко ул, 22','Продам уютную 2-х комнатную квартиру (54.9/27.2/8.6) - состояние &quot;въезжай и живи&quot;! на 2 этаже 9-ти этажного дома.  Заменены двери,  пластиковые окна,  в комнатах и прихожей - ламинат,  натяжной потолок,  санузел - раздельный.  Высота потолков - 2,65.  Зал - 17 м2,  комната - 10,3м2,  большая лоджия - 6,2 м2 застеклена. Кладовая.  Просторная прихожая.  Оставляем мебель в детской,  стенку в зале,  кухню и шкаф-купе в прихожей.  Интернет в двух комнатах.  НТВ Плюс.  Металлическая дверь. Железная решетка для двух квартир.  Идеальный вариант для семей с детками - в 2-х минутах ходьбы детский сад,  школы №32 и №36.  Есть место для прогулок - рядом футбольное поле,  баскетбольная и волейбольная площадки,  теннисный корт.  Отличное расположение подъезда - окна на восточной стороне,  тихий,  зеленый двор,  детская площадка прямо под окнами.  Чистый подъезд.  Оплата отопления только за отопительный сезон.  Реальному покупателю - скидка! Продажа от собственника',2260000,'Юлия','','',0,'\0','\0','\0','http://smolensk.irr.ru/real-estate/apartments-sale/secondary/2-komn-kvartira-Marshala-Eremenko-ul-22-2-9-advert291492643.html'),(83,1,14,'2013-10-11 06:24:01','Двухкомнатная квартира, Юрьева ул, 13','2-х к кв.,  ул.  Юрьева,  д. 13,  7/9,  площадь- 50 кв. м.,  кухня - 9 кв. м,  с/у раздельный.  Светлая,  не угловая,  панорамный вид на город.  Стеклопакеты,  лоджия застеклена (стеклопакеты);  заменены трубы,  установлены счетчики на воду.  Состояние хорошее.  Торг.  СОБСТВЕННИК.',2100000,'Елена Михайловна','','',0,'\0','\0','\0','http://smolensk.irr.ru/real-estate/apartments-sale/secondary/2-komn-kvartira-Yur-eva-ul-13-7-9-ploschad-obschaya-advert291480399.html'),(84,1,14,'2013-10-11 06:24:07','Двухкомнатная квартира, Шевченко ул, 91 а','1этаж из 5 этажей,  в собственности более 3 лет,  площадь 40 квадратных метров,  не угловая,  можно под нежилое. Собственник',1500000,'XXXXXXXXXXX  игорь','','',0,'\0','\0','\0','http://smolensk.irr.ru/real-estate/apartments-sale/secondary/2-komn-kvartira-Shevchenko-ul-91-a-5-5-ploschad-advert291469317.html'),(85,1,14,'2013-10-11 06:24:16','Двухкомнатная квартира, Гагарина пр-кт, 26','дом построен гражданстроем,  автономное отопление,  хорошее состояние,  санузел раздельный,  балкон,  окна во двор,  тихие соседи,  светлая квартира,  один собственник более трех лет.',3200000,'XXXXXXXXXXX  Сергей Александрович','','',0,'\0','\0','\0','http://smolensk.irr.ru/real-estate/apartments-sale/secondary/2-komn-kvartira-Gagarina-pr-kt-26-4-9-ploschad-advert291415593.html'),(86,1,14,'2013-10-11 06:24:20','Двухкомнатная квартира, пос. Лосня','Квартира улучшенной планировки,  не угловая,  состояние жилое.  Комнаты изолированы,  с/у раздельный.  Стеклопакеты,  новые трубы,  счетчики.  В шаговой доступности дет.  сад,  школа,  магазины,  остановка общественного транспорта.  Поселок окружен живописными местами,  рядом лесополоса,  поля,  озеро.  Рассмотрим любые варианты оплаты,  торг возможен.',980000,'Наталья','','',0,'\0','\0','\0','http://smolensk.irr.ru/real-estate/apartments-sale/secondary/2-komn-kvartira-pos-Losnya-2-5-ploschad-obschaya-advert291350989.html'),(87,1,14,'2013-10-11 06:24:32','Двухкомнатная квартира, Бакунина ул, 7б','Элитное жилье.',4900000,'','','',0,'\0','\0','\0','http://smolensk.irr.ru/real-estate/apartments-sale/secondary/2-komn-kvartira-Bakunina-ul-7b-3-5-ploschad-obschaya-advert291319118.html'),(88,1,14,'2013-10-11 06:24:35','Двухкомнатная квартира, Николаева ул, 81','Продается 2-х комнатная квартира улучшенной планировки в монолитно-кирпичном доме.   Дом сдан в 2009 г.,  квартира в хорошем состоянии,  дизайнерская кухня,  застекленная лоджия.  В квартире индивидуальное отопление,  полы с подогревом.  Спокойные соседи.  Рядом Реадовский парк.  Квартира более 3-х лет в собственности.',4000000,'Галина','','',0,'\0','\0','\0','http://smolensk.irr.ru/real-estate/apartments-sale/secondary/2-komn-kvartira-Nikolaeva-ul-81-2-9-ploschad-obschaya-advert290206537.html'),(89,1,14,'2013-10-11 06:24:43','Двухкомнатная квартира, Коммунистическая ул, 6','2-ух комнатная квартира (сталинка),  58.6 м2 на 3-ем этаже 4-этажного кирпичного дома,  кухня 8.6 м2,  высота потолков 3 м.,  санузел раздельный,  комнаты раздельные,  требует капитального ремонта.  Окна выходят на парк «Блонье».  В цену включены 2 ячейки сараев,  расположенные во дворе дома.',2600000,'XXXXXXXXXXX  Сергей','','',0,'\0','\0','\0','http://smolensk.irr.ru/real-estate/apartments-sale/secondary/2-komn-kvartira-Kommunisticheskaya-ul-6-3-4-advert291145203.html'),(90,1,14,'2013-10-11 06:24:49','Двухкомнатная квартира, Багратиона ул, 65','Две комнаты в четырехкомнатном блоке,  не угловые,  в хорошем состоянии,  с пластиковыми окнами и межкомнатными новыми дверями.  Соседи хорошие,  поддерживают чистоту.',1500000,'XXXXXXXXXXX  Ирина Анатольевна','','',0,'\0','\0','\0','http://smolensk.irr.ru/real-estate/apartments-sale/secondary/2-komn-kvartira-Bagrationa-ul-65-4-9-ploschad-advert290989423.html'),(91,1,14,'2013-10-11 06:24:57','Двухкомнатная квартира, улица Юрьева','2-х к кв., ул.  Юрьева,  д. 13,  7/9,  площадь- 50 кв. м.,  кухня - 9 кв. м,  с/у раздельный.  Светлая,  не угловая,  панорамный вид на город.  Стеклопакеты,  лоджия застеклена (стеклопакеты);  заменены трубы,  установлены счетчики на воду.  Состояние хорошее.  Торг.  СОБСТВЕННИК.',2180000,'Елена Михайловна','','',0,'\0','\0','\0','http://smolensk.irr.ru/real-estate/apartments-sale/secondary/2-komn-kvartira-ulica-Yur-eva-7-9-ploschad-obschaya-advert290876957.html'),(92,1,14,'2013-10-11 06:25:03','Двухкомнатная квартира, Соболева ул','2-х ком.  кв.  улучшенной планировки,  с хорошем ремонтом,  тройные стекло пакеты,  в ванной полы с подогревом,  остаётся практически вся мебель,  комнаты раздельные,  отличный район - тихий,  спокойный,  зелёный,  нет городского шума и пыли.',1820000,'Алексей','','',0,'\0','\0','\0','http://smolensk.irr.ru/real-estate/apartments-sale/secondary/2-komn-kvartira-Soboleva-ul-4-5-ploschad-obschaya-advert290785391.html'),(93,1,14,'2013-10-11 06:25:06','Двухкомнатная квартира, 8 Марта ул, 6','Хорошая уютная квартира.  Комнаты изолированы.  Новая сантехника.  Пластиковые окна,  оснащенные решетками.  Пол - ламинат.  Двери деревянные новые.  \nИндивидуальное отопление. \nВода в доме не отключается никогда! \nСчетчики стоят.  Трубы поменяны.  \nКухня и коридор остаются. \nЕсть чулан под лестницей,  в котором вы сможете хранить свои соленья или старые,  но &quot;нужные вещи&quot;,  которые жалко выкинуть,  а поставить негде. \nСоседи тихие и дружелюбные. \nИнфраструктура развита отлично (школа,  2 детских сада,  больница,  поликлиника). \nОтличная транспортная развязка.',1870000,'Людмила','','',0,'\0','\0','\0','http://smolensk.irr.ru/real-estate/apartments-sale/secondary/2-komn-kvartira-8-Marta-ul-6-1-2-ploschad-obschaya-advert290607918.html'),(94,1,14,'2013-10-11 06:25:12','Двухкомнатная квартира, Бакунина ул, 12','Сталинка в тихом центре около центрального парка,  дорогой ремонт,  пластиковые окна в тихий зеленый двор рядом со школой,  южная сторона,  в 100 метрах центральный парк,  магазины,  остановка транспорта. \nпродается двухкомнатная квартира в г.  Смоленск.,  центр города,  в минуте ходьбы от центрального парка,  рядом школа,  спокойный двор,  нет проблем со стоянкой,  в доме есть подвал,  потолки 3.30 м.  большая ванная комната,  двери из массива клена\nпол в ванной с подогревом\nстены из гипсоволокна и гипсокартона. \nсовмещенный санузел  11кв. м',3600000,'Лариса','','',0,'\0','\0','\0','http://smolensk.irr.ru/real-estate/apartments-sale/secondary/2-komn-kvartira-Bakunina-ul-12-2-5-ploschad-obschaya-advert290489648.html'),(95,1,14,'2013-10-11 06:25:17','Двухкомнатная квартира, Кронштадтский пер, 2','Продаю двухкомнатную квартиру 72,7/39,8/12,4 кв. м.,  с подземным паркингом,  квартира в черновой отделке с индивидуальным отоплением.  В квартире выполнены тёплые полы.  Дом расположен поодаль от проезжей части на уединенной,  огороженной территории (ворота автоматические) в живописной и исторической части города.',4700000,'XXXXXXXXXXX  Максим','','',0,'\0','\0','\0','http://smolensk.irr.ru/real-estate/apartments-sale/new/2-komn-kv-Kronshtadtskiy-per-2-5-6-ploschad-obschaya-advert290467485.html'),(96,1,14,'2013-10-11 06:25:24','Двухкомнатная квартира, Крупской ул','Продаётся 2х комнатная квартира,  по адресу Крупской дом 55 (Промышленный р-он) общ.  Площадь 67кв,  7/10 кирпичного дома.  \nНе угловая,  комнаты изолированные,  с/у совместный(оригинальный дизайн).  Очень большая лоджия(на полу ламинат,  стены – декоративная штукатурка),  застеклена.  \nШикарный евроремонт по индивидуальному дизайн проекту. \nВся мебель остаётся,  а так же бытовая  и встроенная техника. \nУдобный р-он с хорошо развитой инфраструктурой,  в 5ти минутах от Мед городка,   несколько торгово-развлекательных центров,  отделение сбербанка,  магазины.',4550000,'X-XXX-XXX-XX-XX','','',0,'\0','\0','\0','http://smolensk.irr.ru/real-estate/apartments-sale/secondary/2-komn-kvartira-Krupskoy-ul-7-10-ploschad-obschaya-advert290391644.html'),(97,1,14,'2013-10-11 06:25:31','Двухкомнатная квартира, улица Кловская, 23а','Не угловая,  отличное состояние,  с/у разд,  плитка,  натяжной потолок,  ламинат,  пласт. окна,  южная сторона,  инд. отопление.',3500000,'XXXXXXXXXXX','','',0,'\0','\0','\0','http://smolensk.irr.ru/real-estate/apartments-sale/new/2-komn-kv-ulica-Klovskaya-23a-8-10-ploschad-obschaya-advert290358054.html'),(98,1,14,'2013-10-11 06:25:36','Двухкомнатная квартира, Ломоносова ул, 16б','2комнатная квартира,   косметический ремонт,  тёплая,  центральное отопление, пластиковые окна, балкон с алюминевым профилем.  Продаётся  с мебелью и бытовой техникой.',1950000,'Анатолий','','',0,'\0','\0','\0','http://smolensk.irr.ru/real-estate/apartments-sale/secondary/2-komn-kvartira-Lomonosova-ul-16b-4-5-ploschad-advert290282345.html'),(99,1,14,'2013-10-11 06:25:40','Двухкомнатная квартира, Красный Бор ул','Красный Бор.  Продам 2ух комнатную квартиру в хорошем состоянии.  Комнаты изолированные,  сан узел раздельный,  квартира уютная,  светлая,  очень тёплая.  Детская площадка под окном.  Общая площадь 42/31/7 кв. м. торг уместен.',1350000,'Анна   Андрей','','',0,'\0','\0','\0','http://smolensk.irr.ru/real-estate/apartments-sale/secondary/2-komn-kvartira-Krasnyy-Bor-ul-1-ploschad-obschaya-advert290254445.html'),(100,1,14,'2013-10-11 06:25:44','Двухкомнатная квартира, Ново-Киевская ул, 1','продам 2 х комнатную квартиру на 5\\5 этажного кирпичного дома. косметический ремонт, пласт окна, балкон застеклен, интернет, комнаты смежные, санузел совмещ, новая газовая автомат колонка, трубы новые, окна выходят на юж сторону, рядом школа, магазины, остановка маршрут.  такси, до центр улицы Кирова 5 минут ходьбы, во дворе детсад, обращаться  татьяна григорьевна собственник, торг уместен',2000000,'XXXXXXXXXXX  татьяна григорьевна','','',0,'\0','\0','\0','http://smolensk.irr.ru/real-estate/apartments-sale/secondary/2-komn-kvartira-Novo-Kievskaya-ul-1-5-5-ploschad-advert290243418.html'),(101,1,14,'2013-10-11 06:25:52','Двухкомнатная квартира, Шевченко ул','комнаты изолированные (15,5 и 13 кв. м. ), кондиционеры,  с/у плитка,  стеклопакеты,  лоджия 6 кв. м.,  высокий техэтаж,  теплая,  сухая,  светлая,  рядом транспорт,  магазины и школа,  любая форма расчета,  торг,  срочно',2480000,'XXXXXXXXXXX XXXXXX','','',0,'\0','\0','\0','http://smolensk.irr.ru/real-estate/apartments-sale/secondary/2-komn-kvartira-Shevchenko-ul-10-10-ploschad-obschaya-advert290224437.html'),(102,1,14,'2013-10-11 06:25:57','Двухкомнатная квартира, ул. Раевского, дом 1.','2-к квартира,  45.4 м²,  1/4 эт. \nраевского',1800000,'XXXXXXXXXXX  ольга','','',0,'\0','\0','\0','http://smolensk.irr.ru/real-estate/apartments-sale/secondary/2-komn-kvartira-ul-Raevskogo-dom-1-1-4-ploschad-advert290200826.html'),(103,1,14,'2013-10-11 06:26:02','Двухкомнатная квартира, Маршала Соколовского ул','48/31/7\n\n    Квартира в доме рядом с садиком Ежик и школой (дорогу переходить не надо).  В шаговой доступности детская поликлиника.  Комнаты раздельные.  Возможность перепланировать коридор до 15 кв. м.,  если убрать кладовку.  С/у раздельный выложен плиткой.  Балкон застеклен ПВХ и обшит сайдингом.',2180000,'Анна Геннадьевна','','',0,'\0','\0','\0','http://smolensk.irr.ru/real-estate/apartments-sale/secondary/2-komn-kvartira-Marshala-Sokolovskogo-ul-3-5-advert290053868.html'),(104,1,14,'2013-10-11 06:26:09','Двухкомнатная квартира, Багратиона ул','48/31/7\n Квартира в доме за самолетом на Багратиона.   Первый этаж высокий.  Со стороны улицы как второй(на первом этаже ЖЭУ). \nВ шаговой доступности детская поликлиника,  школа,  детский сад и женская консультация. Комнаты раздельные.  Возможность перепланировать коридор до 15 кв. м.,  если убрать кладовку.  С/у раздельный.  Без балкона.',2030000,'','','',0,'\0','\0','\0','http://smolensk.irr.ru/real-estate/apartments-sale/secondary/2-komn-kvartira-Bagrationa-ul-1-5-ploschad-obschaya-advert290036652.html'),(105,1,14,'2013-10-11 06:26:19','Двухкомнатная квартира, улица Багратиона, 15','45/28/6 Квартира в хорошем состоянии,  комнаты раздельные,  саузел совмещен,  встроенная кладовка,  новые окна.',2200000,'Надежда','','',0,'\0','\0','\0','http://smolensk.irr.ru/real-estate/apartments-sale/secondary/2-komn-kvartira-ulica-Bagrationa-15-1-5-ploschad-advert289719476.html'),(106,1,14,'2013-10-11 06:26:26','Двухкомнатная квартира, Кирова ул','2-х ком.  кв-ра на 3 этаже 5-ти этажного кирпичного дома.  Не угловая,  комнаты смежные.  Входная дверь - металлическая.  Окна на 2 стороны.  Со стороны дороги окно пластиковое,  дабы избежать лишнего шума.  В комнатах потолочная плитка,  на кухне побелка,  на полу везде ДВП.  С/у совместный.  Состояние жилое,  требует небольшого косметического ремонта.  Сухая,  теплая квартира в центре города с хорошей транспортной развязкой.  Более 3-х лет в собственности!',1950000,'','','',0,'\0','\0','\0','http://smolensk.irr.ru/real-estate/apartments-sale/secondary/2-komn-kvartira-Kirova-ul-3-5-ploschad-obschaya-43-advert289613011.html'),(107,1,14,'2013-10-11 06:26:40','Двухкомнатная квартира, Автозаводская ул','2-ком.  Квартира, ул.  Автозаводская  д. 25. заднепровский район. 3/9 этаж кирпичного дома. 43/26/9 кв. м. С/у совместный  в хорошем состоянии,  пол и стены в плитке. Окна выходят во двор. Евро ремонт,  новые итальянские межкомнатные двери,  на полу ламинат,  на стенах хорошие обои,  новая встроенная современная кухня.',2250000,'','','',0,'\0','\0','\0','http://smolensk.irr.ru/real-estate/apartments-sale/secondary/2-komn-kvartira-Avtozavodskaya-ul-3-9-ploschad-advert289569116.html'),(108,1,14,'2013-10-11 06:26:48','Двухкомнатная квартира, Смольянинова, 15','2-х. комнатный блок по ул. Смольянинова (2 комнаты+раздельный сан. узел-ванная и туалет). \nВозможность переделки в 1-к. квартиру. \nХорошее состояние, в сан. узле плитка. \nНе угловая, ухоженная. \nВозможность продажи с мебелью. \nЕсть общая кухня. Хорошие соседи.',1295000,'Татьяна','','',0,'\0','\0','\0','http://smolensk.irr.ru/real-estate/apartments-sale/secondary/2-komn-kvartira-Smol-yaninova-15-3-5-ploschad-advert289507030.html'),(109,1,14,'2013-10-11 06:26:55','Двухкомнатная квартира, Смоленск','2х-комн.  квартира Гарабурды.   10/10эт кирпичного дома.  Угловая.  Комнаты изолированые.  Хорошая площадь.  Балкон застеклен.  Окна на обе стороны.  Хороший вид из окон.  Хорошие обои.  Пол деревянный лакированный.  С/у раздельный плитка.  Есть кладовка.  Окна пластик.  Входные двери металлические хорошие.  6 лет в собств.   Рядом магазины,  школа,  садик.  Индивидуальное отопление',3500000,'Роман','','',0,'\0','\0','\0','http://smolensk.irr.ru/real-estate/apartments-sale/secondary/2-komn-kvartira-10-10-ploschad-obschaya-70-kv-m-advert289269303.html'),(110,1,14,'2013-10-11 06:26:59','Двухкомнатная квартира, пр-т. Строителей','Продается квартира,  в районе магазина &quot;поле чудес&quot;,  не угловая,  состояние обычное жилое.  Район удобный для жизни:  школы рядом 11,  34 и 35,  детские сады,  хорошая транспортная развязка.',2050000,'XXXXXX  АН Проспект','','',0,'\0','\0','\0','http://smolensk.irr.ru/real-estate/apartments-sale/secondary/2-komn-kvartira-pr-t-Stroiteley-2-10-ploschad-advert289266940.html'),(111,1,14,'2013-10-11 06:27:07','Двухкомнатная квартира, М. Соколовского, 14','Хорошая квартира.  Пластиковые окна.  Лоджия не застеклена.  Двери новые деревянные,  входная - железная.  Счетчики стоят, трубы новые.  Натяжные потолки в кухне и маленькой комнате.  Новый лифт.  Развитая инфраструктура (магазины,  сауна,  детская площадка,  детский сад).  Хорошая транспортная развязка.',2530000,'Людмила','','',0,'\0','\0','\0','http://smolensk.irr.ru/real-estate/apartments-sale/secondary/2-komn-kvartira-M-Sokolovskogo-14-9-9-ploschad-advert289225310.html'),(112,1,14,'2013-10-11 06:27:13','Двухкомнатная квартира, Коммунистическая ул, 22','Сталинка,  обычное состояние.  Окна на ул.  Маршала Жукова.  Бетонные перекрытия.',2300000,'XXXXXXXXXXX  Денис','','',0,'\0','\0','\0','http://smolensk.irr.ru/real-estate/apartments-sale/secondary/2-komn-kvartira-Kommunisticheskaya-ul-22-3-4-advert289224401.html'),(113,1,14,'2013-10-11 06:27:16','Двухкомнатная квартира, Пронино п','2- комн.  кв.,  пос.  Пронино (за Красным Бором,  остановка маршрута № 12),  2/9- эт.  пан.  дома,  неугл.,  улучш.  план.,  общ.  пл.  53,7 кв. м.,  центральное отопление,  кухня 7,9 кв.  м.,  комнаты 19,0 и 14,0 кв. м.,  с/у разд.,  железная дверь,  домофон,  новые батареи и сантехника,  пласт.  трубы,  кухня- стеклопакет,  балкон застеклен,  зал- свежий ремонт,  новая электрика,  пол- фанера+ ламинат.',1550000,'Светлана','','',0,'\0','\0','\0','http://smolensk.irr.ru/real-estate/apartments-sale/secondary/2-komn-kvartira-Pronino-p-2-9-ploschad-obschaya-54-advert289221723.html'),(114,1,14,'2013-10-11 06:27:27','Двухкомнатная квартира, Шевченко ул, 80','2-х. ком. кв.  в кирпичнрм доме на 3 этаже общ. пл. 42кв. м., комнаты проходные, с/у совмещенный 4кв. м., кухня 6кв. м., спальня 9кв. м., кладовая 3кв. м., зал 17кв. м., балкон утеплён, застеклён. Окна и двери деревянные, пол деревянный покрыт двп, межкомнатные перегородки кирпичные.  Район очень тихий и зелёный, школы и дет. сады рядом в шаговой доступности.',1850000,'Лилия','','',0,'\0','\0','\0','http://smolensk.irr.ru/real-estate/apartments-sale/secondary/2-komn-kvartira-Shevchenko-ul-80-3-4-ploschad-advert289207982.html'),(115,1,14,'2013-10-11 06:27:39','Двухкомнатная квартира, Румянцева ул','2 комнатная квартира,  на 4эт 5ти этажного кирпичного дома,  не угловая,  комнаты изолированные,  была произведена перепланировка(узаконена),  с/у совместный,  центральное отоп,  есть балкон(застеклён),  окна пластик,  выходят во двор,  хороший косметический ремонт,  в комнатах на полу ламинат,  стены обои,  потолки натяжные,  в кухне на полу линолеум,  стены обои,  в с/у плитка,  кафель,  потолок сайдинг,  везде межкомнатные двери нового образца,  входные двери двойные(метал,  дерево),  из мебели остаётся прихожая,  в собственности более 3х лет,  Рядом гимназия,  школа,  ледовый дворец,  магазины,  хор.  транспортная развязка.',2100000,'Светлана','','',0,'\0','\0','\0','http://smolensk.irr.ru/real-estate/apartments-sale/secondary/2-komn-kvartira-Rumyanceva-ul-4-5-ploschad-obschaya-advert289033541.html'),(116,1,14,'2013-10-11 06:27:49','Двухкомнатная квартира, Мало-Краснофлотская ул, 33','СРОЧНО продам двух комнатную квартиру по ул. М-Красно-флотская, 3/3 кирпичного дома.  С/У совмещенный,  комнаты проходные, кладовка, новый газовый котел.  Балкон не застеклен,  состояние жилое. Рядом дет. сад,  автобусные остановки.',1350000,'XXXXXXXXXXX','','',0,'\0','\0','\0','http://smolensk.irr.ru/real-estate/apartments-sale/secondary/2-komn-kvartira-Malo-Krasnoflotskaya-ul-33-3-3-advert288995140.html'),(117,1,14,'2013-10-11 06:27:54','Двухкомнатная квартира, Краснинское ш, 6г','Продам 2-ух комнатную квартиру,   лоджия стеклопакеты,  ремонт (ламинат,  гипсокартоновые потолки,  плитка),  с/у раздельный.  индивидуальное отопление.',3400000,'Наталья','','',0,'\0','\0','\0','http://smolensk.irr.ru/real-estate/apartments-sale/secondary/2-komn-kvartira-Krasninskoe-sh-6g-10-10-ploschad-advert288795731.html'),(118,1,14,'2013-10-11 06:28:05','Двухкомнатная квартира, Нарвская, 17','Наличие:  в наличии\nНовый дом:  нет\nРайон:  Ленинский\nАдрес:  Россия,  Смоленская область,  Смоленск,  улица Нарвская, \nПлощадь:  44,5/30,3/6,9, \nСанузел:  раздельный\nКомнаты:  изолированные\nОтопление:  центральное отопление\nБалкон/Лоджия:  есть,  застеклен\nСтены:  панельные\nХорошее расположение дома, в шаговой доступности(5 мин) Парк культуры,  Стадион,  Кинотеатр Россия,  Багратионовский рынок.  Хорошая транспортная развязка,  все трамваи.  Звоните.',2200000,'XXXXXXXXXXX  Андрей','','',0,'\0','\0','\0','http://smolensk.irr.ru/real-estate/apartments-sale/secondary/2-komn-kvartira-Narvskaya-17-4-5-ploschad-obschaya-advert288700454.html'),(119,1,14,'2013-10-11 06:28:12','Двухкомнатная квартира, Кловская ул','Не угловая,  хорошее состояние,  свежий ремонт в ванной и туалете,  с/у раздельный,  комнаты изолированные.  Остается почти вся мебель и техника.  Приличные соседи.  Солнечная сторона.  Развитая инфраструктура,  рядом магазины,  остановка,  школа.  В собственности более 3х лет.',2050000,'XXXXXXXXXXX  Александра','','',0,'\0','\0','\0','http://smolensk.irr.ru/real-estate/apartments-sale/secondary/2-komn-kvartira-Klovskaya-ul-1-5-ploschad-obschaya-advert288476901.html'),(120,1,14,'2013-10-11 06:28:25','Трехкомнатная квартира, Фрунзе ул, 60','Продается 3-х ком кв,  4/5 кир,  59 м не угловая,  встроенная кухня,  встроенные шкафы,  отличный  ремонт,  ламинат,  стеклопакеты,  счетчики на воду и газ,  с/у совмешенный,   окна на две стороны,  балкон застеклен,  железная дверь.  Продается со всей мебелью.  Рядом остановка,  школа,  садик.  Документы готовы,  чистая продажа.',2750000,'XXXXXX   XXXXXXXXXXX','','',0,'\0','\0','\0','http://smolensk.irr.ru/real-estate/apartments-sale/secondary/3-komn-kvartira-Frunze-ul-60-4-5-ploschad-obschaya-advert290368181.html'),(121,1,14,'2013-10-11 06:28:34','Трехкомнатная квартира, Ново-Киевская ул, 7','Шикарная 3-х ком.  кв.  в престижном районе,  с индивидуальным отоплением,  сделан дорогой ремонт,  есть ванная и душевая кабинка,  встроенная кухня (16 кв.  м. ), просторный холл,  есть кладовка,  остаются встроенные шкафы,  в квартире никто не жил,  продаётся в связи с переездом в другой город.  Все интересующие вопросы по телефону',7000000,'','','',0,'\0','\0','\0','http://smolensk.irr.ru/real-estate/apartments-sale/secondary/3-h-kom-kv-v-prestizhnom-rayone-advert293371846.html'),(122,1,14,'2013-10-11 06:28:39','Трехкомнатная квартира, Автозаводская ул','Просторная 3-комн.  кв-ра улучшенной планировки общей площадью 65 кв. м.  на 8 этаже 12-этажного панельного дома в Заднепровском районе.  Комнаты изолир.,  с/у раздельный,  балкон - 6 кв. м.  Угловая,  окна на 2 стороны.  Жилое состояние,  счетчики на воду,  трубы новые,  стены утеплены.  В коридоре большой встроенный шкаф.  Тихий район,  рядом конечная остановка,  магазин,  детский сад,  начальная школа,  хорошие соседи,  есть грузовой лифт.',2350000,'XXXXXXXXXXX','','',0,'\0','\0','\0','http://smolensk.irr.ru/real-estate/apartments-sale/secondary/3-komn-kvartira-Avtozavodskaya-ul-8-12-ploschad-advert293340187.html'),(123,1,14,'2013-10-11 06:28:46','Трехкомнатная квартира, Докучаева ул, 8','Продам 3-х комнатную благоустроенную квартиру в центре города Смоленска,  комнаты изолированы,  с/у и ванная комната раздельные,  современный евроремонт,  новая (с оборудованием и мебелью) по индивидуальным размерам кухня,  застеклен балкон.',5000000,'Сергей Александрович','','',0,'\0','\0','\0','http://smolensk.irr.ru/real-estate/apartments-sale/secondary/3-komn-kvartira-Dokuchaeva-ul-8-4-4-ploschad-obschaya-advert293280683.html'),(124,1,14,'2013-10-11 06:28:54','Трехкомнатная квартира, Маршала Еременко ул, 14','Продам 3к квартиру улучшенной планировки.  Пол - ламинат,  окна - дер.  стеклопакеты.',2450000,'XXXXXXXXXXX  Ольга','','',0,'\0','\0','\0','http://smolensk.irr.ru/real-estate/apartments-sale/secondary/3-komn-kvartira-Marshala-Eremenko-ul-14-8-9-advert293227611.html'),(125,1,14,'2013-10-11 06:29:03','Трехкомнатная квартира, Твардовского ул, 22а','Продается 3-х комнатная квартира улучшенной планировки (из 4х комнатной) в самом центре города. \n\nИдеальное расположение дома.  Рядом детский сад,  ясли,  школа,  магазины,  банк,  аптеки. \n\nСостояние квартиры хорошее и ухоженное. \n\nВстроенная кухня,  просторный зал. \n\nРаздельный санузел. \n\nБольшая застекленная лоджия.',4300000,'Татьяна','','',0,'\0','\0','\0','http://smolensk.irr.ru/real-estate/apartments-sale/secondary/3-komn-kvartira-Tvardovskogo-ul-22a-2-9-ploschad-advert292952159.html'),(126,1,14,'2013-10-11 06:29:14','Трехкомнатная квартира, Южный мкр, 29 в','3-х комнатная квартира,  комнаты смежно-изолированные,  окна пластиковые,  балкон застеклён.  Рядом школа,  детский сад.',2080000,'Елена','','',0,'\0','\0','\0','http://smolensk.irr.ru/real-estate/apartments-sale/secondary/3-komn-kvartira-Yuzhnyy-mkr-29-v-2-5-ploschad-advert292779337.html'),(127,1,14,'2013-10-11 06:29:21','Трехкомнатная квартира, улица Багратиона','3-х комнатная квартира улучшенной планировки в центральной части города в тихом дворе.  Автономное отопление.',4950000,'Елена','','',0,'\0','\0','\0','http://smolensk.irr.ru/real-estate/apartments-sale/secondary/3-komn-kvartira-ulica-Bagrationa-5-6-ploschad-advert292778449.html'),(128,1,14,'2013-10-11 06:29:29','Трехкомнатная квартира, Николаева ул, 36','Продам 3-комнатную квартиру,  ул.  Николаева,  д.  36,  2 этаж 5-этажного кирпичного дома,  56/38/6,  не угловая,  комнаты смежно-изолированные,  кладовка,  интернет.  Развитая инфраструктура района.  Документы готовы.  Любая форма оплаты.',1980000,'','','',0,'\0','\0','\0','http://smolensk.irr.ru/real-estate/apartments-sale/secondary/Prodam-3-komn-kvartiru-Nikolaeva-ul-36-Smolensk-g-advert291440909.html'),(129,1,14,'2013-10-11 06:29:34','Трехкомнатная квартира, Пржевальского ул, 8','Продам 3-комнатную квартиру,  ул.  Пржевальского,  дом 8,  2/5 кирпич,  74/51/8,5,  комнаты изолированные,  санузел раздельный,  балкон,  кладовка,  пластиковые окна,  счетчики на воду,  высота потолков 290 см.  Вид на Лопатинский сад.',3500000,'','','',0,'\0','\0','\0','http://smolensk.irr.ru/real-estate/apartments-sale/secondary/Prodam-3-komnatnuyu-kvartiru-v-samom-centre-advert291440863.html'),(130,1,14,'2013-10-11 06:29:42','Трехкомнатная квартира, 2-й Рославльский переулок, 9','Три эксклюзивные квартиры-пентахаусы, S от 124м2 до 231м2, кухни-столовые, лоджия-балкон, дом постройки 2012г, предчистовая отделка, огороженная территория, место для парковки, индивидуальное отопление. Собственное ТСЖ. Тихое место в самом центре города, рядом Смол. энерго,  мед. академия.  Торопитесь цены от застройщика.',5100000,'Роман','','',0,'\0','\0','\0','http://smolensk.irr.ru/real-estate/apartments-sale/new/3-komn-kv-2-y-Roslavl-skiy-pereulok-9-3-4-ploschad-advert292383920.html'),(131,1,14,'2013-10-11 06:29:50','Трехкомнатная квартира, Десантников, 32к2','Продается с ремонтом,  мебелью и быт.  техникой.  Вся техника на гарантии.  Зел.  двор с детск.  площадками.  Тёплые полы (керамогранит).  Современный с/у в кафеле.  Заменены радиаторы.  2-ур.  потолки с карнизами и подсветкой,  неоновый «торшер».  Сдвоенный балкон,  панорамная балк.  дверь,  стеклопак.  Плавная регулировка освещ.  Заменена вся проводка,  «вечные» пластиковые трубы.  «Коралловая» спальня,  цвет «хамелеон».  Ниши с подсветкой.  Включены в цену,  остаются в квартире:  стильная встр.  кухня,  вытяжка,  м/волновка,  эл. духовка,  варочн.  панель,  посудомойка,  2-кам.  холод.,  стол,  полка;  ванна,  стир. машина-автомат,  раковина,  тумба,  зеркало;  ячеистый шкаф в прихожей;  кровать Ikea с матрасом «Султан»,  вертикальные полки;  тахта,  зеркальный платяной шкаф,  гарнитур – прикроватная тумба и комод;  стенка,  диван и 2 кресла,  журнальный столик,  встроенный электрокамин,  домашний кинотеатр с 5D-звуком! + экран и видеопроектор.  Заезжай и живи! Вид на зеленый двор и панорамный вид на мкр-н.  Более 3 лет.  Заезжай и живи!',6592000,'XXXXXXXXXXX  Вячеслав','','',0,'\0','\0','\0','http://smolensk.irr.ru/real-estate/apartments-sale/secondary/3-komn-kvartira-Desantnikov-32k2-9-12-ploschad-advert292317217.html'),(132,1,14,'2013-10-11 06:30:05','Трехкомнатная квартира, Рыленкова ул, 72','узаконенная перепланировка дизайнерский ремонт,  плитка,  итальянская сантехника,  джакузи,  гидро массаж,  аэро массаж,  деревянные двери,  современная встроенная пластиковая кухня,  техника,  натяжные потолки,  окна на две стороны,  охрана,  сигнализация,  рядом магазины,  школа, детская площадка,  остановки транспорта,  автостоянки',3250000,'XXXXXXXXXXX  людмила','','',0,'\0','\0','\0','http://smolensk.irr.ru/real-estate/apartments-sale/secondary/3-komn-kvartira-Rylenkova-ul-72-7-9-ploschad-obschaya-advert290720190.html'),(133,1,14,'2013-10-11 06:30:13','Трехкомнатная квартира, Нормандия-Неман ул, 23 а','Продается шикарная 3х комнатная квартира с качественным ремонтом,  все интересующие вопросы задавать по телефону',3600000,'Светлана','','',0,'\0','\0','\0','http://smolensk.irr.ru/real-estate/apartments-sale/secondary/3-komn-kvartira-Normandiya-Neman-ul-23-a-9-10-advert291412380.html'),(134,1,14,'2013-10-11 06:30:24','Трехкомнатная квартира, Черняховского','Продается 3 комн.  квартира в панельном доме 2/9  69/39/9 комнаты изолированные,  санузел раздельный,  телефон,  большая кладовая,  3 антресоли,  лоджия застеклена  (есть встроенные шкафы) во дворе дома большая спортивная площадка.  Вокруг дома много зелени,  рядом парк Реадовский,  детские сады,  школ №№26,  33.,   торг.',3700000,'Зоя Васильевна','','',0,'\0','\0','\0','http://smolensk.irr.ru/real-estate/apartments-sale/secondary/3-komn-kvartira-Chernyahovskogo-2-9-ploschad-obschaya-advert291378805.html'),(135,1,14,'2013-10-11 06:30:38','Трехкомнатная квартира, Маршала Еременко ул, 4','СРОЧНО продам:  3-комнатную квартиру,  2 этаж/14,  общая площадь 63.9 м,  жилая 39 м.,  кухня 7,5 м.,  лоджия 11 м.  по адресу г.  Смоленск,  ул.  М. Еременко,  д. 4. \n\nПродажа в связи с переездом.  Квартира находиться в отличном состоянии,  подвесные потолки (евро), мебель (возможна продажа), застекленный балкон.  Квартира на сигнализации,  есть интернет (выделен.  линия). В цену включены импортные двери (пр-во Италия).  Удобное расположение дома,  тихий благоустроенный двор с детской площадкой,  в шаговой доступности продуктовые магазины,  аптеки,   остановки маршрутного транспорта.  Рядом детские сады и школы. \n\nДо центра 15 минут езды.  Торг.  Продажа от хозяев.  Все документы готовы.  ОТЛИЧНОЕ СОСТОЯНИЕ!!!',2800000,'XXXXXXXXXXX  Юля','','',0,'\0','\0','\0','http://smolensk.irr.ru/real-estate/apartments-sale/secondary/3-komn-kvartira-Marshala-Eremenko-ul-4-2-14-advert291219040.html'),(136,1,14,'2013-10-11 06:30:46','Трехкомнатная квартира, ул.Нахимова, д.16','Продам 3-х комнатную квартиру по ул. Нахимова д. 16 (Собственник) с мебелью (можно под нежилое).  Этаж высокий.  Сделан ремонт полностью,  все трубы заменены,  новая сантехника,  встроенные шкафы-купе. Балкон-лоджия,  на окнах решетки. \nУдобное расположение комнат (смежных нет).  Круглый год-горячая вода (без отключения),  удобное расположение (рядом д/с,  школа,  рынок,  транспортная сеть)',3150000,'Людмила','','',0,'\0','\0','\0','http://smolensk.irr.ru/real-estate/apartments-sale/secondary/3-komn-kvartira-ul-Nahimova-d-16-1-9-ploschad-advert290692403.html'),(137,1,14,'2013-10-11 06:30:53','Трехкомнатная квартира, Петра Алексеева ул','3-ком.  квартира,  ул.  Петра Алексеева,  промышленный район. 64/41/12кв. м.  6/9 этаж панельного дома,  не угловая.  С/У раздельный.  Хорошая застекленная лоджия,  окна выходят на две стороны.  В квартире евро ремонт,  на полу ламинат,  на стенах новые обои,  потолки побеленные и натяжные,  везде пластиковые окна,  двери новые межкомнатные.  С/У  на полу плитка,  стены  пластиковые.  Хорошая просторная квартира.  Рядом с домом Киселевский рынок,  множество других магазинов,  школы,  дед.  сады,  больницы, хорошая транспортная развязка.',2950000,'X-XXX-XXX-XX-XX.X','','',0,'\0','\0','\0','http://smolensk.irr.ru/real-estate/apartments-sale/secondary/3-komn-kvartira-Petra-Alekseeva-ul-6-9-ploschad-advert290684956.html'),(138,1,14,'2013-10-11 06:31:02','Трехкомнатная квартира, Маршала Соколовского ул','Предлагаем вам хорошею квартиру в отличном промышленном  районе  .  по.  Ул.  м Соколовского.  д.  14.  хорошая инфраструктура.   Хороший  чистый   дом на, 9/10 этаже,  н / у.  63/40/9,3.  ком.  Комнаты изолированы.  с/у,  раздельный,   из дорогой плитки.  Лоджия застеклена.  Везде пластиковые окна,  выходящие на две стороны.   Двери из цельного дерева .  Дорогие обои.  Входные крепкие цельнометаллические двери.  Документы готовы',2800000,'X-XXX-XXX-XX-XX','','',0,'\0','\0','\0','http://smolensk.irr.ru/real-estate/apartments-sale/secondary/3-komn-kvartira-Marshala-Sokolovskogo-ul-9-10-advert290680567.html'),(139,1,14,'2013-10-11 06:31:09','Трехкомнатная квартира, Нормандия-Неман ул, 26','Очень теплая квартира не позволит Вам и членам Вашей семьи заболеть (а если заболели - быстро поправитесь).  Комнаты изолированны.  С/у раздельный.  2-е застекленные лоджии.  Пол - паркет.  Окна деревянные,  выходят на две стороны (на догогу и во двор). \nСтоят счетчики.  Имеется интернет,  кабельное телевиденье,  телефон.  Развитая инфраструктура (школа,  поликлиника,  магазины,  рынок). \nЧистая продажа. \nТорг.',3050000,'Людмила','','',0,'\0','\0','\0','http://smolensk.irr.ru/real-estate/apartments-sale/secondary/3-komn-kvartira-Normandiya-Neman-ul-26-8-9-ploschad-advert290611816.html'),(140,1,14,'2013-10-11 06:31:18','Трехкомнатная квартира, Строителей пр-кт,  26','Идеальная квартира для семьи с детьми.  Лоджия застеклена.  Пластиковые окна.  Хороший ремонт.  Раздельный с/у.  Изолированные комнаты.  \nОсенний водопад цен!',2750000,'Людмила','','',0,'\0','\0','\0','http://smolensk.irr.ru/real-estate/apartments-sale/secondary/3-komn-kvartira-Stroiteley-pr-kt-26-5-10-ploschad-advert290609188.html'),(141,1,14,'2013-10-11 06:31:24','Трехкомнатная квартира, Маршала Еременко, 48','СОБСТВЕННИК продает 3х комнатную квартиру,  комнаты раздельные,  с/у раздельный,  торг возможен,  требует косметического ремонта,  железная дверь,  чистый подъезд,  хорошие соседи.',1900000,'XXXXXXXXXXX  Андрей XXXXXXXXXXX  Андрей','','',0,'\0','\0','\0','http://smolensk.irr.ru/real-estate/apartments-sale/secondary/3-komn-kvartira-Marshala-Eremenko-48-4-5-ploschad-advert290425017.html'),(142,1,14,'2013-10-11 06:31:27','Трехкомнатная квартира, улица Рыленкова, 77','Не угловая,  хорошее состояние,  окна на обе стороны,  лоджия застеклена,  уютная рядом остановка.',2500000,'XXXXXXXXXXX','','',0,'\0','\0','\0','http://smolensk.irr.ru/real-estate/apartments-sale/secondary/3-komn-kvartira-ulica-Rylenkova-77-1-9-ploschad-advert290350168.html'),(143,1,14,'2013-10-11 06:31:38','Трехкомнатная квартира, Крупской ул','3-комн.  кв.  перепланирована в двухкомнатную,   ул.  Крупской (р-н Медакадемии),  67/30/24кв м,  7/10 кирп,  н/у,   дом 2002 года постройки,  Дизайнерский Евроремонт,  кухня совмещена с одной из комнат и коридором,  получилась кухня-гостиная 24кв. м.,  комн.  изолирован,  встроенная кухня,  полы комбинированные плитка с ламинатом,  везде где плитка полы с подогревом,  потолки двухуровневые натяжные с точечным освещением,  очень теплая и сухая квартира.  Остается вся мебель (см.  фото)',4550000,'Андрей','','',0,'\0','\0','\0','http://smolensk.irr.ru/real-estate/apartments-sale/secondary/3-komn-kvartira-Krupskoy-ul-7-10-ploschad-obschaya-advert290259190.html'),(144,1,14,'2013-10-11 06:31:45','Трехкомнатная квартира, 25 Сентября ул','есть кладовка,  комнаты большие и изолир.,  удачная планировка,  требует ремонта,  хороший район (рядом школа,  магазины,  поликлиника,  транспорт)',2450000,'XXXXXXXXXXX XXXXXX','','',0,'\0','\0','\0','http://smolensk.irr.ru/real-estate/apartments-sale/secondary/3-komn-kvartira-25-Sentyabrya-ul-5-9-ploschad-advert290224010.html'),(145,1,14,'2013-10-11 06:31:54','Трехкомнатная квартира, Ново-Киевская ул','3-комнатная кв-ра на 2-м этаже 5-ти этажного панельного дома.  Неугловая.  Балкон не застеклен.  С/у совместный,  в котором новые трубы,  унитаз,  потолок,  стены - пластик.  Есть газовая колонка.  Входная дверь - металлическая.  Частично мебелирована.  Большие,  просторные комнаты,  сухие потолки,  ровные стены,  почти в самом центре города.  Окна на 2 стороны.  Тихий двор с обоих сторон.  Рядом школа,  магазин,  кафе,  поликлиника,  остановка маршрутки.',2300000,'','','',0,'\0','\0','\0','http://smolensk.irr.ru/real-estate/apartments-sale/secondary/3-komn-kvartira-Novo-Kievskaya-ul-2-5-ploschad-advert289767235.html'),(146,1,14,'2013-10-11 06:32:01','Трехкомнатная квартира, Маршала Еременко ул','3-х комн.  кв-ра на 5 этаже 5-ти этажного кирпичного дома.  Угловая.  Комнаты смежно-изолир-е.  С/у раздельный.  Балкон не застеклен.  Окна выходят во двор.  Рядом школа,  магазин,  детский сад,  почта.  Тихий район.  Квартира в удовлетворительном состоянии,  отсюда и такая цена.',1650000,'','','',0,'\0','\0','\0','http://smolensk.irr.ru/real-estate/apartments-sale/secondary/3-komn-kvartira-Marshala-Eremenko-ul-5-5-ploschad-advert289760788.html'),(147,1,14,'2013-10-11 06:32:07','Трехкомнатная квартира, Крупской, 44б','Продается квартира в связи с переездом хозяев в Москву.  Теплая,  уютная.  Евроремонт.  Комнаты изолированные.  Лоджия застеклена.  Пол - ламинат,  плитка.  Двойная прихожая.  Диван в зале и кухня остаются.  Развитая инфраструктура (детский сад,  детская площадка,  магазины).  Хорошая транспортная развязка.',3650000,'Людмила','','',0,'\0','\0','\0','http://smolensk.irr.ru/real-estate/apartments-sale/secondary/3-komn-kvartira-Krupskoy-44b-9-10-ploschad-obschaya-advert289438302.html'),(148,1,14,'2013-10-11 06:32:17','Трехкомнатная квартира, 1-ый Краснофлотский пер.','Уютная хорошая квартира в тихом и красивом дворе.  Балкон и лоджия застеклены.  Пол - паркет,  ламинат.  Окна - деревянный стеклопакет.  Двери деревянные,  новые.  Отопление центральное.  Двойная прихожая. \nСемья преподавателя,  после того,  как их дети выросли,   больше не может содержать такую большую квартиру и хочет переехать в более маленькую.',2980000,'Людмила','','',0,'\0','\0','\0','http://smolensk.irr.ru/real-estate/apartments-sale/secondary/3-komn-kvartira-1-yy-Krasnoflotskiy-per-4-6-advert289226258.html'),(149,1,14,'2013-10-11 06:32:25','Трехкомнатная квартира, 2 линия красноармейской слободы, 7','Продается квартира,  состояние отличное,  расположена в центре города - за зданием ФСБ,  возможно переоформление под нежилое.  ремонт.  решетки на окнах. телефон,  интернет.  в комнатах паркет.  381702 звонить после 18 часов.',3700000,'XXXXXXXXXXX  галина','','',0,'\0','\0','\0','http://smolensk.irr.ru/real-estate/apartments-sale/secondary/3-komn-kvartira-2-liniya-krasnoarmeyskoy-slobody-7-advert289053270.html'),(150,1,14,'2013-10-11 06:32:30','Трехкомнатная квартира, Юннатов пер, 1','Квартира в хорошем состоянии,  в собственности более 3-х лет,  продажа желательно со всей обстановкой,',3800000,'Ольга','','',0,'\0','\0','\0','http://smolensk.irr.ru/real-estate/apartments-sale/secondary/3-komn-kvartira-Yunnatov-per-1-7-9-ploschad-obschaya-advert288855228.html'),(151,1,14,'2013-10-11 06:32:38','Трехкомнатная квартира, Нормандия-Неман ул, 30','Продам 3-комн. кв.  ул.  планировки,  комнаты изол.,  с/у разд..  удобная планировка,  2 заст.  лоджии,  удобна как для коммерческого использования,  так и для жизни,  пандусы,  рядом рынок,  магазины,  транспорт,  все в шаговой доступности.  возможен обмен на 2 к.  кв.  ул.  план.  с ремонтом,  желательно с инд.  отоплением.  Рассмотрим все варианты.',2650000,'XXXXXXXXXXX  Дина','','',0,'\0','\0','\0','http://smolensk.irr.ru/real-estate/apartments-sale/secondary/3-komn-kvartira-Normandiya-Neman-ul-30-1-9-ploschad-advert288463203.html'),(152,1,14,'2013-10-11 06:32:48','Трехкомнатная квартира, д.Киселевка, 5','Отличная квартира, два балкона(застеклен), 1-й этаж-гостиная и кухня (совмещено), санузел(душевая); 2-й этаж-2 комнаты, гардеробная, санузел(ванна).  Ремонт завершен, установлена кухня батареи(итальянские)',3500000,'андрей','','',0,'\0','\0','\0','http://smolensk.irr.ru/real-estate/apartments-sale/new/3-komn-kv-d-Kiselevka-5-3-4-ploschad-obschaya-71-5-advert288264604.html'),(153,1,14,'2013-10-11 06:33:01','Трехкомнатная квартира, Нахимова ул','хорошее жилое состояние,  квартира солнечная,  уютная,  теплая,  рядом школа и магазины,  хорошая транспортная развязка,  с/у плитка и пластик,  торг',2500000,'XXXXXXXXXXX XXXXXX','','',0,'\0','\0','\0','http://smolensk.irr.ru/real-estate/apartments-sale/secondary/3-komn-kvartira-Nahimova-ul-4-5-ploschad-obschaya-advert287977522.html'),(154,1,14,'2013-10-11 06:33:05','Трехкомнатная квартира, Колхозный пер','евроотделка,  душ.  кабина,  остается встроенная кухня,  шкаф,  прихожая,  хорошая жилая площадь,  высокий техэтаж,  торг,  любая форма расчета',3850000,'XXXXXXXXXXX XXXXXX','','',0,'\0','\0','\0','http://smolensk.irr.ru/real-estate/apartments-sale/secondary/3-komn-kvartira-Kolhoznyy-per-10-10-ploschad-obschaya-advert287972482.html'),(155,1,14,'2013-10-11 06:33:17','Трехкомнатная квартира, Нормандия-Неман ул, 4','Нормандии-Неман ул.,   д.  4,   трехкомнатная квартира,   брежневка,  2/5 кирпич,  59/42/6 кв.  м,  комнаты  смежно - изолированные,  счетчики,   состояние  хорошее,   санузел раздельный,   балкон не застеклен,    неугловая,    документы  готовы,    рядом  развитая  инфраструктура,  рынок,  магазины,  школы,  детский сад,    документы   готовы.',2350000,'XXXXXXXXXXX','','',0,'\0','\0','\0','http://smolensk.irr.ru/real-estate/apartments-sale/secondary/3-komn-kvartira-Normandiya-Neman-ul-4-2-5-ploschad-advert287924333.html'),(156,1,14,'2013-10-11 06:33:24','Трехкомнатная квартира, Крупской ул, 55а','3-комн.  кв.  перепланирована в двухкомнатную,  евроремонт по дизайн проекту,  кухня совмещена с одной из комнат и коридором,  получилась кухня-гостиная 25кв. м.  не угловая,  комн.  изолирован.  встроенная кухня,  полы комбинированные плитка с ламинатом,  везде где плитка полы с подгевом,  потолки двухуровневые натяжные с точечным освещением,  с\\у совмещён,  душевая кабина.  Вся мебель остается.',4499000,'X-XXX-XXX-XX-XX','','',0,'\0','\0','\0','http://smolensk.irr.ru/real-estate/apartments-sale/secondary/3-komn-kvartira-Krupskoy-ul-55a-7-10-ploschad-advert286602058.html'),(157,1,14,'2013-10-11 06:33:34','Трехкомнатная квартира, Оршанская ул','3 лоджии,  центр города,  отличный ремонт',5200000,'XXXXXXXXXXX XXXXXX','','',0,'\0','\0','\0','http://smolensk.irr.ru/real-estate/apartments-sale/secondary/3-komn-kvartira-Orshanskaya-ul-6-10-ploschad-obschaya-advert285172803.html'),(158,1,14,'2013-10-11 06:33:45','Трехкомнатная квартира, Рыленкова ул','торец дома,  под нежилое,  проходное место,  хороший подъезд,  первая линия,  хороший торг,  цена договорная',5100000,'XXXXXXXXXXX XXXXXX','','',0,'\0','\0','\0','http://smolensk.irr.ru/real-estate/apartments-sale/secondary/3-komn-kvartira-Rylenkova-ul-1-10-ploschad-obschaya-advert285169288.html'),(159,1,14,'2013-10-11 06:33:49','Трехкомнатная квартира, Батеки, кирпич','Кв-ра в отличном состоянии. Все раздельно. Подходит под любую форму оплаты.',1600000,'X-XXX-XXX-XX-XX','','',0,'\0','\0','\0','http://smolensk.irr.ru/real-estate/apartments-sale/secondary/3-komn-kvartira-Bateki-kirpich-2-2-ploschad-obschaya-advert283853794.html'),(160,1,14,'2013-10-11 06:33:56','Трехкомнатная квартира, улица Октября, 1','Выставлена на продажу  3 комнатная квартира по адресу:  город Смоленск,  Пер Октября,  д. 1а,   (район ближней Сортировки,  Заднепровский район),  площадь:  60,5/41,8/6 кв.  м,  « брежневка»,  1/5 кирп,  неугловая,  комнаты изолированы,  с/у/раздельный,  без балкона),  2 комнаты выходят на южную сторону.  \nХороший косметический ремонт:  в комнатах  - новые обои,  санузел – напольная плитка и кафель,  новая сантехника,  на кухне - потолок из пластиковых панелей с точечными светильниками,  металлическая входная дверь.  \nОстается:  вместительный встроенный шкаф в прихожей,  встроенная кухня (по договоренности),   интернет,  домофон,  городской телефон.  \nРядом с домом  остановка транспорта,   магазин на первом этаже,  строится торговый центр,   в шаговой доступности -  дом культуры,  детский сад,  школа,  поликлиника.  \nТакже из хороших и ощутимых плюсов можно добавить,  что квартира очень теплая,  поэтому зимой  обогреватели не требуются,  соседи по подъезду без в/п,  все документы собраны и готовы к продаже.  \nЕсть еще один не',1870000,'XXXXXXXXXXX','','',0,'\0','\0','\0','http://smolensk.irr.ru/real-estate/apartments-sale/secondary/3-komn-kvartira-ulica-Oktyabrya-1-1-5-ploschad-advert283335003.html'),(161,1,14,'2013-10-11 06:34:06','Трехкомнатная квартира, Николаева ул','Кирпичный дом повышенной комфортности, автономное отопление, дому 7 лет.  Дизайнерский ремонт, полностью мебелированна, быт. техника, кухня-гостинная 35 кв. м., ванная 10 кв. м.  с джакузи и душевой кабиной, 2 кондиционера, большая гардеробная.',7000000,'XXXXXXXXXXX  XXXX','','',0,'\0','\0','\0','http://smolensk.irr.ru/real-estate/apartments-sale/secondary/3-komn-kvartira-Nikolaeva-ul-10-11-ploschad-obschaya-advert282159220.html'),(162,1,14,'2013-10-11 06:34:10','Трехкомнатная квартира, дер.Киселёвка, 7а','Продаю трёх комнатную квартиру в два уровня в таунхаусе,  черновой вариант, стадия - под отделку. \n1 уровень:  кухня - 25 кв. м.,  комната - 43 кв. м.,  сан. узел,  корридор,  лоджия застеклённая, \n2 уровень:  комнаты - 23.5 кв. м.  и 24.5 кв. м,  сан. узел - 3 кв. м.,  корридор - 4 кв. м. \nиндивидуальное отопление,  2 кладовки,  тёплый пол, \nшикарный вид на небо с мансардных окон. \nОбзорный вид с лоджии,  отличная зона детской площадки, \nместо для парковки,  закрытый въезд на территорию танхауса!\nКвартира в таунхаусе прекрасно подойдет людям,  которые желают избежать суеты мегаполиса,  но не имеют желания или финансовой возможности приобретать отдельный дом за городом.  Это удобный,  комфортабельный и экономичный тип жилья для людей среднего и высокого класса.',4400000,'XXXXXXXXXXX  Елена','','',0,'\0','\0','\0','http://smolensk.irr.ru/real-estate/apartments-sale/secondary/3-komn-kvartira-der-Kiselevka-7a-3-3-ploschad-advert281166399.html'),(163,1,14,'2013-10-11 06:34:20','Трехкомнатная квартира, Кловская ул','Трехкомнатная брежневка,  комнаты смежно-изолированные,  раздельный санузел,  окна пластиковые,  новые межкомнатные двери,  без балкона,  в хорошем состоянии, Торг.',2380000,'XXXXXXXXXXX','','',0,'\0','\0','\0','http://smolensk.irr.ru/real-estate/apartments-sale/secondary/3-komn-kvartira-Klovskaya-ul-1-5-ploschad-obschaya-advert280408448.html'),(164,1,14,'2013-10-11 06:34:26','Трехкомнатная квартира, Ново-Киевская ул, 7б','Новокиевская ул.,  дом 7б,  трехкомнатная квартира повышенной комфортности на 5/10 этажного кирпичного дома,  112/58/14 кв метров,  комнаты изолированные,  два санузла,  качественный ремонт,  бойлерная,  гардеробная,  индивидуальное отопление,  застек-ленная лоджия,  просторные коридоры и вспомогательные помещения,  мебель – в подарок.  Рядом школа № 33,  транспорт,  детские сады и проч.  Документы готовы.',7300000,'XXXXXXXXXXX','','',1,'\0','\0','\0','http://smolensk.irr.ru/real-estate/apartments-sale/secondary/3-komn-kvartira-Novo-Kievskaya-ul-7b-5-10-ploschad-advert279464880.html'),(165,1,14,'2013-10-11 06:34:30','Трехкомнатная квартира, Валентины Гризодубовой ул, 5','Валентины Гризодубовой,  дом 5,  трехкомнатная квартира улучшенной планировки,  68/40/8,8 кв м,  9/9 кирпич,  очень светлая,   комнаты изолированные,  санузел раздельный,  ламинат,  плит-ка,   лоджия около 7 кв метров,  застеклена,  состояние отличное,   новая сантехника,  счетчики,   документы готовы.',2770000,'XXXXXXXXXXX','','',1,'\0','\0','\0','http://smolensk.irr.ru/real-estate/apartments-sale/secondary/3-komn-kvartira-Valentiny-Grizodubovoy-ul-5-9-9-advert279463816.html'),(166,1,14,'2013-10-11 06:34:41','Трехкомнатная квартира, Рыленкова ул, 74','Рыленкова ул.  дом 74,  трехкомнатная квартира улучшенной планировки,  68/41,5/8 кв метров,   5/9 панель,     комнаты изолированные,  санузел раздельный,  состояние от застройщика,  лоджия не застеклена,  Не угловая.  Документы готовы,  больше трех лет,  любая форма оплаты.',2550000,'XXXXXXXXXXX','','',0,'\0','\0','\0','http://smolensk.irr.ru/real-estate/apartments-sale/secondary/3-komn-kvartira-Rylenkova-ul-74-5-9-ploschad-obschaya-advert279463061.html'),(167,1,14,'2013-10-11 06:34:44','Трехкомнатная квартира, Крупской ул, 55&quot;А&quot;','Продам 3-х комнатную квартиру,  в отличном состоянии. Очень светлая и теплая. Готова к заселению. Полы с подогревом,  водонагреватель. Окна евродерево.  Большая лоджия, доп. кладовка.   Кухня с встроенной  бытовой техникой(посудомойка, холодильник, св. печь, духовка).',4500000,'Виталий','','',4,'\0','\0','\0','http://smolensk.irr.ru/real-estate/apartments-sale/secondary/3-komn-kvartira-Krupskoy-ul-55-A-7-10-ploschad-advert279326339.html'),(168,1,14,'2013-10-11 06:34:54','Трехкомнатная квартира, Печерск, Школьная','Продам 3х комн.  квартиру в п.  Печерск,  ул.  Школьная,  3/4 кирпич,  69/45/11,  лоджия застеклена,  с/у и комнаты раздельные,  ремонт,  хорошее состояние,  документы готовы. Приостановлена.',2950000,'X-XXX-XXX-XX-XX','','',0,'\0','\0','\0','http://smolensk.irr.ru/real-estate/apartments-sale/secondary/3-komn-kvartira-Pechersk-Shkol-naya-3-4-ploschad-advert275358074.html'),(169,1,14,'2013-10-11 06:35:00','Трехкомнатная квартира, Попова ул, 128','Кухня 9 кв.  м.  Квартира в отличном состоянии,  вложений не требует:  новые батареи,  счетчики,  окна,  очень хороший ремонт, лоджия.  Теплая,  сухая,  чистая.  Уютный двор,  рядом школы,  дет сады,  магазины,  остановки.',2800000,'','','',3,'\0','\0','\0','http://smolensk.irr.ru/real-estate/apartments-sale/secondary/3-komn-kvartira-Popova-ul-128-2-10-ploschad-obschaya-advert274511196.html'),(170,1,14,'2013-10-11 06:35:12','Трехкомнатная квартира, Петра Алексеева ул, 2/37','Продам 3х комн.  квартиру по ул.  Петра Алексеева,  д. 2/37,  8/9 панель,  64/41/9,  не угловая,  лоджия застеклена 6м,  с/у и комнаты раздельные,  окна во двор,  хорошая планировка,  теплый дом,  более 3х лет в собственности,  документы готовы.',2450000,'X-XXX-XXX-XX-XX','','',0,'\0','\0','\0','http://smolensk.irr.ru/real-estate/apartments-sale/secondary/3-komn-kvartira-Petra-Alekseeva-ul-2-37-8-9-advert274411075.html'),(171,1,14,'2013-10-11 06:35:20','Трехкомнатная квартира, Юннатов пер, 12','Инд.  отопление,  отличный район (рядом Реадовский парк,  школа,  множество магазинов),  хороший ремонт,  гардеробная,  джакузи с парилкой,  двухуровневые потолки,  теплый пол,  остается почти вся мебель,  собственник.',5300000,'XXXXXXXXXXX  Елена','','',0,'\0','\0','\0','http://smolensk.irr.ru/real-estate/apartments-sale/secondary/3-komn-kvartira-Yunnatov-per-12-10-10-ploschad-advert274390581.html'),(172,1,14,'2013-10-11 06:35:28','Трехкомнатная квартира, Кловская ул, 1','Продается 3-комн.  квартира под нежилое помещение,  общей площадью 72,8 кв. м.,  1/9 пан.  дома.  Комнаты и с/у раздельные,  одна комната с балконом выходит на дорогу,  место проходное,  рядом остановка,  магазины.  Удобно под салон,  офис,  и т. п.  Выгодное предложение для деловых людей.  Тел.  46-05-12,  Олег Алексеевич.',3300000,'XX-XX-XX','','',1,'\0','\0','\0','http://smolensk.irr.ru/real-estate/apartments-sale/secondary/3-komn-kvartira-Klovskaya-ul-1-1-9-ploschad-obschaya-advert273415300.html'),(173,1,14,'2013-10-11 06:35:35','Трехкомнатная квартира, ул. Заводская','Предлагается на продажу огромная 3-комнатная квартира в новом доме по ул.  Заводская,  д. 1 !! 8/10 кирпичного дома! 103/67/12.5 кв. м.  Автономное отопление.  Хороший ремонт,  в санузле плитка! Дорогие обои,  ламинат.  Лоджия застеклена! Гардеробная.  Свой тамбур с железной дверью ! Отличный вид из окна на собор! Тихий двор с детской площадкой! Любая форма оплаты! торг.',4800000,'XXXXXXXXXXX  Александр','','',0,'\0','\0','\0','http://smolensk.irr.ru/real-estate/apartments-sale/secondary/3-komn-kvartira-ul-Zavodskaya-8-10-ploschad-obschaya-advert271969047.html'),(174,1,14,'2013-10-11 06:35:42','Трехкомнатная квартира, Витебское шоссе, 28','67/45/7.5 Продам трёхкомнатную квартиру,  центальное отопление,  горячая вода,  газ,  потолки 3.2 метра,,  стены не несущие,  возможен перевод под нежилое,  первая линия домов от дороги,  хороший ремонт,  + бонус гараж,  рядом остановка общественного транспорта,  детский сад,  школа.  Торг.',2550000,'XXXXXXXXXXX  Андрей','','',2,'\0','\0','\0','http://smolensk.irr.ru/real-estate/apartments-sale/secondary/3-komn-kvartira-Vitebskoe-shosse-28-1-2-ploschad-advert268515068.html'),(175,1,14,'2013-10-11 06:36:01','Трехкомнатная квартира, Центральная ул, 1','Продается 3-х комнатная квартира в Сортировке (в 10 минутах езды от Колхозной площади).  \nПлощадь 60,2/40,8/6,7 м. \n2ой этаж трехэтажного кирпичного дома.  Сталинка – потолки 3 м.  Комнаты смежно-изолированные (одна проходная).  Санузел раздельный.  Балкона нет,  есть кладовка. \nХорошее жилое состояние.  Все окна пластиковые,  металлическая входная дверь.  Квартира теплая,  центральное отопление.  Установлены счетчики на воду.  Домофон,  телефон,  интернет.  Ремонт подъезда. \nРядом 2 школы,  детский сад,  поликлиника,  магазины,  банк,  до остановки 100 м. \nСобственник',2000000,'XXXXXXXXXXX  Анна','','',2,'\0','\0','\0','http://smolensk.irr.ru/real-estate/apartments-sale/secondary/3-komn-kvartira-Central-naya-ul-1-2-3-ploschad-advert268300431.html'),(176,1,14,'2013-10-11 06:36:14','Трехкомнатная квартира, Центральная ул','Продается 3 квартира,  общей площадью 60/40/7 кв. м.,  комнаты смежно-изолир.,,  пластик.  окна,  бойлер на гор.  воду,  хорошее состояние.  Торг при осмотре.',2150000,'XXXXXXXXXXX','','',18,'\0','\0','\0','http://smolensk.irr.ru/real-estate/apartments-sale/secondary/3-komn-kvartira-Central-naya-ul-2-3-obschaya-60-kv-advert268061460.html'),(178,2,21,'2013-10-17 17:13:09','Отдам котенка в добрые руки','<p>\r\n	Породистый, британская вислоухая.</p>\r\n',100,'Александр','','',9,'\0','\0','\0','');
/*!40000 ALTER TABLE `ad_advertisments` ENABLE KEYS */;
UNLOCK TABLES;

--
-- Table structure for table `ad_categories`
--

DROP TABLE IF EXISTS `ad_categories`;
/*!40101 SET @saved_cs_client     = @@character_set_client */;
/*!40101 SET character_set_client = utf8 */;
CREATE TABLE `ad_categories` (
  `id` bigint(20) NOT NULL AUTO_INCREMENT,
  `title` varchar(245) NOT NULL,
  `parent_id` bigint(20) DEFAULT NULL,
  PRIMARY KEY (`id`)
) ENGINE=InnoDB AUTO_INCREMENT=112 DEFAULT CHARSET=utf8;
/*!40101 SET character_set_client = @saved_cs_client */;

--
-- Dumping data for table `ad_categories`
--

LOCK TABLES `ad_categories` WRITE;
/*!40000 ALTER TABLE `ad_categories` DISABLE KEYS */;
INSERT INTO `ad_categories` VALUES (1,'Недвижимость',NULL),(2,'Животные и растения',NULL),(3,'Для дома и сада',NULL),(4,'Авто и мото',NULL),(5,'Электроника и техника',NULL),(6,'Строительство и ремонт',NULL),(7,'Товары для детей',NULL),(8,'Одежда, обувь, аксессуары',NULL),(9,'Спорт, туризм, отдых',NULL),(10,'Услуги и деятельность',NULL),(11,'Здоровье и красота',NULL),(12,'Знакомства',NULL),(13,'Другое',NULL),(14,'Квартиры',1),(15,'Комнаты',1),(16,'Дома, участки (дачи и огороды, земельные участки)',1),(17,'Гаражи, автостоянки',1),(18,'Коммерческая недвижимость (офисы, помещения, склады)',1),(19,'Разное (подвалы, сараи)',1),(20,'Собаки',2),(21,'Кошки',2),(22,'Птицы',2),(23,'Аквариумные',2),(24,'Грызуны',2),(25,'Другие животные',2),(26,'Аксессуары',2),(27,'Растения',2),(28,'Мебель',3),(29,'Предметы интерьера',3),(30,'Инструменты',3),(31,'Сантехника',3),(32,'Садовый инвентарь',3),(33,'Продукты питания',3),(34,'Легковые автомобили',4),(35,'Коммерческий транспорт',4),(36,'Автозапчасти и аксессуары',4),(37,'Колеса,шины и диски',4),(38,'Мото и вело',4),(39,'Автосервис и услуги',4),(40,'Другое',4),(41,'Мобильные телефоны',5),(42,'Компьютеры, планшеты',5),(43,'Ноутбуки',5),(44,'Переферийное оборудование',5),(45,'Компьютерные комплектующие',5),(46,'Аудио и видео',5),(47,'Фототехника',5),(48,'Портативная электроника, GPS навигаторы',5),(49,'Пылесосы',5),(50,'Электронные книги',5),(51,'Кухонная техника',5),(52,'Стиральные машины',5),(53,'Гладильное и швейное оборудование',5),(54,'Климатическая техника',5),(55,'Игры, игровые приставки',5),(56,'Индивидуальный уход',5),(57,'Двери',6),(58,'Окна',6),(59,'Балконы',6),(60,'Лестницы',6),(61,'Материалы',6),(62,'Электрика',6),(63,'Отопление',6),(64,'Готовые конструкции (дома, срубы, бани)',6),(65,'Насосы',6),(66,'Вентиляционные системы',6),(67,'Другое',6),(68,'Детская одежда и обувь',7),(69,'Коляски',7),(70,'Автокресла',7),(71,'Детская мебель',7),(72,'Товары для малышей',7),(73,'Игрушки',7),(74,'Постельные принадлежности',7),(75,'Для будущих мам',7),(76,'Товары для школы',7),(77,'Другое',7),(78,'Женская одежда',8),(79,'Мужская одежда',8),(80,'Женская обувь',8),(81,'Мужская обувь',8),(82,'Украшения, ювелирные изделия, бижутерия',8),(83,'Аксессуары',8),(84,'Все для свадьбы',8),(85,'Другое',8),(86,'Спортивные игры, виды спорта',9),(87,'Фитнес, атлетика, борьба',9),(88,'Велосипеды',9),(89,'Снаряжение для рыбалки, охоты, активного отдыха',9),(90,'Экскурсии, туры, круизы',9),(91,'Обучения и занятия',9),(92,'Другое',9),(93,'Строительные и ремонтные услуги',10),(94,'Транспортные услуги и аренда',10),(95,'Монтаж и ремонт оборудования',10),(96,'Астрология, магия, гадания',10),(97,'Организация праздников, фото-, видеосъемка',10),(98,'Безопасность, детективы',10),(99,'Адвокаты, нотариусы, специалисты',10),(100,'Агенства недвижимости',10),(101,'Ремонт и изготовление одежды и обуви',10),(102,'Помощь в оформлении документов',10),(103,'Услуги переводчиков',10),(104,'Услуги для животных',10),(105,'Другое',10),(106,'Парфюмерия',11),(107,'Косметика',11),(108,'Медицинская помощь',11),(109,'Косметология и коррекция',11),(110,'Массаж',11),(111,'Другое',11);
/*!40000 ALTER TABLE `ad_categories` ENABLE KEYS */;
UNLOCK TABLES;

--
-- Table structure for table `ad_field_descriptions`
--

DROP TABLE IF EXISTS `ad_field_descriptions`;
/*!40101 SET @saved_cs_client     = @@character_set_client */;
/*!40101 SET character_set_client = utf8 */;
CREATE TABLE `ad_field_descriptions` (
  `id` bigint(20) NOT NULL AUTO_INCREMENT,
  `title` varchar(245) NOT NULL,
  `ad_category_id` bigint(20) NOT NULL,
  `is_multiple` bit(1) DEFAULT NULL,
  `is_anyvalue` bit(1) DEFAULT NULL,
  PRIMARY KEY (`id`)
) ENGINE=InnoDB AUTO_INCREMENT=26 DEFAULT CHARSET=utf8;
/*!40101 SET character_set_client = @saved_cs_client */;

--
-- Dumping data for table `ad_field_descriptions`
--

LOCK TABLES `ad_field_descriptions` WRITE;
/*!40000 ALTER TABLE `ad_field_descriptions` DISABLE KEYS */;
INSERT INTO `ad_field_descriptions` VALUES (1,'Тип предложения',4,NULL,NULL),(2,'Марка',4,NULL,NULL),(3,'Модель',4,NULL,NULL),(4,'Год выпуска',4,NULL,NULL),(5,'Состояние',4,NULL,NULL),(6,'Пробег (тыс. км.)',34,NULL,NULL),(7,'Мощность (л.с.)',34,NULL,NULL),(8,'КПП',34,NULL,NULL),(9,'Тип предложения',1,NULL,NULL),(10,'Расположение',1,NULL,NULL),(11,'Площадь (кв. м.)',1,NULL,NULL),(12,'Тип',14,NULL,NULL),(13,'Тип дома',14,NULL,NULL),(14,'Комнаты',14,NULL,NULL),(15,'Тип предложения',2,NULL,NULL),(16,'Тип предложения',3,NULL,NULL),(17,'Тип предложения',5,NULL,NULL),(18,'Тип предложения',6,NULL,NULL),(19,'Тип предложения',7,NULL,NULL),(20,'Тип предложения',8,NULL,NULL),(21,'Тип предложения',9,NULL,NULL),(22,'Тип предложения',10,NULL,NULL),(23,'Тип предложения',11,NULL,NULL),(24,'Тип предложения',13,NULL,NULL),(25,'Тип предложения',12,NULL,NULL);
/*!40000 ALTER TABLE `ad_field_descriptions` ENABLE KEYS */;
UNLOCK TABLES;

--
-- Table structure for table `ad_fields`
--

DROP TABLE IF EXISTS `ad_fields`;
/*!40101 SET @saved_cs_client     = @@character_set_client */;
/*!40101 SET character_set_client = utf8 */;
CREATE TABLE `ad_fields` (
  `id` bigint(20) NOT NULL AUTO_INCREMENT,
  `ad_id` bigint(20) NOT NULL,
  `description_id` bigint(20) NOT NULL,
  `value_id` bigint(20) DEFAULT NULL,
  `value` varchar(245) DEFAULT NULL,
  PRIMARY KEY (`id`)
) ENGINE=InnoDB AUTO_INCREMENT=1034 DEFAULT CHARSET=utf8;
/*!40101 SET character_set_client = @saved_cs_client */;

--
-- Dumping data for table `ad_fields`
--

LOCK TABLES `ad_fields` WRITE;
/*!40000 ALTER TABLE `ad_fields` DISABLE KEYS */;
INSERT INTO `ad_fields` VALUES (61,15,9,17,''),(62,15,12,19,''),(63,15,10,0,'Попова ул, 119'),(64,15,11,0,'35'),(65,15,13,21,''),(66,15,14,25,''),(67,16,9,17,''),(68,16,12,19,''),(69,16,10,0,'Смоленск'),(70,16,11,0,'19'),(71,16,13,21,''),(72,16,14,25,''),(73,17,9,17,''),(74,17,12,19,''),(75,17,10,0,'Нахимова, 23'),(76,17,11,0,'39'),(77,17,13,21,''),(78,17,14,25,''),(79,18,9,17,''),(80,18,12,19,''),(81,18,10,0,'Попова ул, 116'),(82,18,11,0,'34'),(83,18,13,21,''),(84,18,14,25,''),(85,19,9,17,''),(86,19,12,19,''),(87,19,10,0,'Ломоносова ул'),(88,19,11,0,'40'),(89,19,13,21,''),(90,19,14,25,''),(91,20,9,17,''),(92,20,12,19,''),(93,20,10,0,'Рыленкова ул, 50'),(94,20,11,0,'38'),(95,20,13,21,''),(96,20,14,25,''),(97,21,9,17,''),(98,21,12,19,''),(99,21,10,0,'Нахимова ул'),(100,21,11,0,'31'),(101,21,13,21,''),(102,21,14,25,''),(103,22,9,17,''),(104,22,12,19,''),(105,22,10,0,'Минская ул'),(106,22,11,0,'31'),(107,22,13,21,''),(108,22,14,25,''),(109,23,9,17,''),(110,23,12,19,''),(111,23,10,0,'Нахимова ул, 7'),(112,23,11,0,'32'),(113,23,13,21,''),(114,23,14,25,''),(115,24,9,17,''),(116,24,12,19,''),(117,24,10,0,'Шевченко ул, 73А'),(118,24,11,0,'28.6'),(119,24,13,21,''),(120,24,14,25,''),(121,25,9,17,''),(122,25,12,19,''),(123,25,10,0,'Петра Алексеева, 8'),(124,25,11,0,'38'),(125,25,13,21,''),(126,25,14,25,''),(127,26,9,17,''),(128,26,12,19,''),(129,26,10,0,'Красный Бор ул'),(130,26,11,0,'32'),(131,26,13,21,''),(132,26,14,25,''),(133,27,9,17,''),(134,27,12,19,''),(135,27,10,0,'Твардовского ул, 22а'),(136,27,11,0,'46.6'),(137,27,13,21,''),(138,27,14,25,''),(139,28,9,17,''),(140,28,12,19,''),(141,28,10,0,'Марии Октябрьской ул, 12Б'),(142,28,11,0,'32'),(143,28,13,21,''),(144,28,14,25,''),(145,29,9,17,''),(146,29,12,19,''),(147,29,10,0,'Н-Неман, 23а'),(148,29,11,0,'39'),(149,29,13,21,''),(150,29,14,25,''),(151,30,9,17,''),(152,30,12,19,''),(153,30,10,0,'Петра Алексеева ул, 22/72'),(154,30,11,0,'37.4'),(155,30,13,21,''),(156,30,14,25,''),(157,31,9,17,''),(158,31,12,19,''),(159,31,10,0,'Лавочкина ул'),(160,31,11,0,'33'),(161,31,13,21,''),(162,31,14,25,''),(163,32,9,17,''),(164,32,12,19,''),(165,32,10,0,'Маршала Соколовского ул'),(166,32,11,0,'19'),(167,32,13,21,''),(168,32,14,25,''),(169,33,9,17,''),(170,33,12,19,''),(171,33,10,0,'Маршала Еременко ул, 22'),(172,33,11,0,'36.8'),(173,33,13,21,''),(174,33,14,25,''),(175,34,9,17,''),(176,34,12,19,''),(177,34,10,0,'улица Крупской, 55-Б'),(178,34,11,0,'36'),(179,34,13,21,''),(180,34,14,25,''),(181,35,9,17,''),(182,35,12,18,''),(183,35,10,0,'улица Гарабурды, 3'),(184,35,11,0,'41'),(185,35,13,21,''),(186,35,14,25,''),(187,36,9,17,''),(188,36,12,19,''),(189,36,10,0,'Южный мкр'),(190,36,11,0,'52'),(191,36,13,21,''),(192,36,14,25,''),(193,37,9,17,''),(194,37,12,19,''),(195,37,10,0,'Петра Алексеева ул'),(196,37,11,0,'37.4'),(197,37,13,21,''),(198,37,14,25,''),(199,38,9,17,''),(200,38,12,19,''),(201,38,10,0,'Автозаводская ул, 35'),(202,38,11,0,'39'),(203,38,13,21,''),(204,38,14,25,''),(205,39,9,17,''),(206,39,12,18,''),(207,39,10,0,'Шевченко ул, 93'),(208,39,11,0,'41'),(209,39,13,21,''),(210,39,14,25,''),(211,40,9,17,''),(212,40,12,19,''),(213,40,10,0,'Попова ул'),(214,40,11,0,'32'),(215,40,13,21,''),(216,40,14,25,''),(217,41,9,17,''),(218,41,12,19,''),(219,41,10,0,'Колхозная площадь, 6'),(220,41,11,0,'40'),(221,41,13,21,''),(222,41,14,25,''),(223,42,9,17,''),(224,42,12,19,''),(225,42,10,0,'д.Киселёвка, 5'),(226,42,11,0,'46'),(227,42,13,21,''),(228,42,14,25,''),(229,43,9,17,''),(230,43,12,19,''),(231,43,10,0,'Бакунина ул, 9'),(232,43,11,0,'32'),(233,43,13,21,''),(234,43,14,25,''),(235,44,9,17,''),(236,44,12,19,''),(237,44,10,0,'Строителей пр-кт'),(238,44,11,0,'19'),(239,44,13,21,''),(240,44,14,25,''),(241,45,9,17,''),(242,45,12,19,''),(243,45,10,0,'Рыленкова ул, 11-б'),(244,45,11,0,'41'),(245,45,13,21,''),(246,45,14,25,''),(247,46,9,17,''),(248,46,12,19,''),(249,46,10,0,'Краснофлотский 2-й пер'),(250,46,11,0,'33'),(251,46,13,21,''),(252,46,14,25,''),(253,47,9,17,''),(254,47,12,19,''),(255,47,10,0,'Урицкого ул, -'),(256,47,11,0,'34.1'),(257,47,13,21,''),(258,47,14,25,''),(259,48,9,17,''),(260,48,12,19,''),(261,48,10,0,'Санаторий борок'),(262,48,11,0,'31'),(263,48,13,21,''),(264,48,14,25,''),(265,49,9,17,''),(266,49,12,19,''),(267,49,10,0,'П.Алексеева, 22/72'),(268,49,11,0,'38'),(269,49,13,21,''),(270,49,14,25,''),(271,50,9,17,''),(272,50,12,19,''),(273,50,10,0,'Марии Октябрьской ул'),(274,50,11,0,'34'),(275,50,13,21,''),(276,50,14,25,''),(277,51,9,17,''),(278,51,12,18,''),(279,51,10,0,'Гарабурды ул'),(280,51,11,0,'46'),(281,51,13,21,''),(282,51,14,25,''),(283,52,9,17,''),(284,52,12,18,''),(285,52,10,0,'Киселевка'),(286,52,11,0,'46'),(287,52,13,21,''),(288,52,14,25,''),(289,53,9,17,''),(290,53,12,18,''),(291,53,10,0,'Гарабурды ул, 3'),(292,53,11,0,'51'),(293,53,13,21,''),(294,53,14,25,''),(295,54,9,17,''),(296,54,12,19,''),(297,54,10,0,'Запольный пер, 3'),(298,54,11,0,'32'),(299,54,13,21,''),(300,54,14,25,''),(301,55,9,17,''),(302,55,12,18,''),(303,55,10,0,'Шевченко ул'),(304,55,11,0,'41'),(305,55,13,21,''),(306,55,14,25,''),(307,56,9,17,''),(308,56,12,19,''),(309,56,10,0,'Нормандия-Неман ул'),(310,56,11,0,'38.8'),(311,56,13,21,''),(312,56,14,25,''),(313,57,9,17,''),(314,57,12,19,''),(315,57,10,0,'Королевка мкр, 9А'),(316,57,11,0,'40'),(317,57,13,21,''),(318,57,14,25,''),(319,58,9,17,''),(320,58,12,19,''),(321,58,10,0,'Попова ул, 16'),(322,58,11,0,'31'),(323,58,13,21,''),(324,58,14,25,''),(325,59,9,17,''),(326,59,12,19,''),(327,59,10,0,'Соболева ул, -'),(328,59,11,0,'29.2'),(329,59,13,21,''),(330,59,14,25,''),(331,60,9,17,''),(332,60,12,19,''),(333,60,10,0,'Пригородная ул'),(334,60,11,0,'33.8'),(335,60,13,21,''),(336,60,14,25,''),(337,61,9,17,''),(338,61,12,19,''),(339,61,10,0,'Викторова, 28'),(340,61,11,0,'37'),(341,61,13,21,''),(342,61,14,25,''),(343,62,9,17,''),(344,62,12,19,''),(345,62,10,0,'Рыленкова ул'),(346,62,11,0,'37'),(347,62,13,21,''),(348,62,14,25,''),(349,63,9,17,''),(350,63,12,19,''),(351,63,10,0,'Лавочкина ул, -'),(352,63,11,0,'32'),(353,63,13,21,''),(354,63,14,25,''),(355,64,9,17,''),(356,64,12,18,''),(357,64,10,0,'улица Рыленкова, 50а'),(358,64,11,0,'38'),(359,64,13,21,''),(360,64,14,25,''),(361,65,9,17,''),(362,65,12,19,''),(363,65,10,0,'Марии Октябрьской ул, 12б'),(364,65,11,0,'31'),(365,65,13,21,''),(366,65,14,25,''),(367,66,9,17,''),(368,66,12,19,''),(369,66,10,0,'Новосельцы ул'),(370,66,11,0,'40.5'),(371,66,13,21,''),(372,66,14,25,''),(373,67,9,17,''),(374,67,12,19,''),(375,67,10,0,'Нахимова, 13Г'),(376,67,11,0,'52.1'),(377,67,13,21,''),(378,67,14,26,''),(379,68,9,17,''),(380,68,12,19,''),(381,68,10,0,'Николаева ул, 52'),(382,68,11,0,'60'),(383,68,13,21,''),(384,68,14,26,''),(385,69,9,17,''),(386,69,12,19,''),(387,69,10,0,'Соболева ул, 109 в'),(388,69,11,0,'45'),(389,69,13,21,''),(390,69,14,26,''),(391,70,9,17,''),(392,70,12,18,''),(393,70,10,0,'Новосельцы ул, 4'),(394,70,11,0,'68'),(395,70,13,21,''),(396,70,14,26,''),(397,71,9,17,''),(398,71,12,19,''),(399,71,10,0,'Нахимова ул, 27'),(400,71,11,0,'80'),(401,71,13,21,''),(402,71,14,26,''),(403,72,9,17,''),(404,72,12,19,''),(405,72,10,0,'Ленина ул'),(406,72,11,0,'41'),(407,72,13,21,''),(408,72,14,26,''),(409,73,9,17,''),(410,73,12,18,''),(411,73,10,0,'Шевченко ул, 4'),(412,73,11,0,'67'),(413,73,13,21,''),(414,73,14,26,''),(415,74,9,17,''),(416,74,12,19,''),(417,74,10,0,'улица Николаева'),(418,74,11,0,'53'),(419,74,13,21,''),(420,74,14,26,''),(421,75,9,17,''),(422,75,12,19,''),(423,75,10,0,'Попова ул, 130'),(424,75,11,0,'53'),(425,75,13,21,''),(426,75,14,26,''),(427,76,9,17,''),(428,76,12,19,''),(429,76,10,0,'Николаева, 77'),(430,76,11,0,'52'),(431,76,13,21,''),(432,76,14,26,''),(433,77,9,17,''),(434,77,12,19,''),(435,77,10,0,'Оршанская ул, 16'),(436,77,11,0,'68'),(437,77,13,21,''),(438,77,14,26,''),(439,78,9,17,''),(440,78,12,19,''),(441,78,10,0,'Соболева ул, 116'),(442,78,11,0,'52'),(443,78,13,21,''),(444,78,14,26,''),(445,79,9,17,''),(446,79,12,18,''),(447,79,10,0,'Монастырщинская ул'),(448,79,11,0,'60'),(449,79,13,21,''),(450,79,14,26,''),(451,80,9,17,''),(452,80,12,19,''),(453,80,10,0,'Краснофлотский 5-й пер'),(454,80,11,0,'46'),(455,80,13,21,''),(456,80,14,26,''),(457,81,9,17,''),(458,81,12,19,''),(459,81,10,0,'Рыленкова ул, 59'),(460,81,11,0,'76'),(461,81,13,21,''),(462,81,14,26,''),(463,82,9,17,''),(464,82,12,19,''),(465,82,10,0,'Маршала Еременко ул, 22'),(466,82,11,0,'55'),(467,82,13,21,''),(468,82,14,26,''),(469,83,9,17,''),(470,83,12,19,''),(471,83,10,0,'Юрьева ул, 13'),(472,83,11,0,'50'),(473,83,13,21,''),(474,83,14,26,''),(475,84,9,17,''),(476,84,12,19,''),(477,84,10,0,'Шевченко ул, 91 а'),(478,84,11,0,'42'),(479,84,13,21,''),(480,84,14,26,''),(481,85,9,17,''),(482,85,12,19,''),(483,85,10,0,'Гагарина пр-кт, 26'),(484,85,11,0,'54'),(485,85,13,21,''),(486,85,14,26,''),(487,86,9,17,''),(488,86,12,19,''),(489,86,10,0,'пос. Лосня'),(490,86,11,0,'56'),(491,86,13,21,''),(492,86,14,26,''),(493,87,9,17,''),(494,87,12,19,''),(495,87,10,0,'Бакунина ул, 7б'),(496,87,11,0,'87'),(497,87,13,21,''),(498,87,14,26,''),(499,88,9,17,''),(500,88,12,19,''),(501,88,10,0,'Николаева ул, 81'),(502,88,11,0,'59'),(503,88,13,21,''),(504,88,14,26,''),(505,89,9,17,''),(506,89,12,19,''),(507,89,10,0,'Коммунистическая ул, 6'),(508,89,11,0,'58.6'),(509,89,13,21,''),(510,89,14,26,''),(511,90,9,17,''),(512,90,12,19,''),(513,90,10,0,'Багратиона ул, 65'),(514,90,11,0,'28'),(515,90,13,21,''),(516,90,14,26,''),(517,91,9,17,''),(518,91,12,19,''),(519,91,10,0,'улица Юрьева'),(520,91,11,0,'50'),(521,91,13,21,''),(522,91,14,26,''),(523,92,9,17,''),(524,92,12,19,''),(525,92,10,0,'Соболева ул'),(526,92,11,0,'44'),(527,92,13,21,''),(528,92,14,26,''),(529,93,9,17,''),(530,93,12,19,''),(531,93,10,0,'8 Марта ул, 6'),(532,93,11,0,'51'),(533,93,13,21,''),(534,93,14,26,''),(535,94,9,17,''),(536,94,12,19,''),(537,94,10,0,'Бакунина ул, 12'),(538,94,11,0,'60'),(539,94,13,21,''),(540,94,14,26,''),(541,95,9,17,''),(542,95,12,18,''),(543,95,10,0,'Кронштадтский пер, 2'),(544,95,11,0,'73'),(545,95,13,21,''),(546,95,14,26,''),(547,96,9,17,''),(548,96,12,19,''),(549,96,10,0,'Крупской ул'),(550,96,11,0,'67'),(551,96,13,21,''),(552,96,14,26,''),(553,97,9,17,''),(554,97,12,18,''),(555,97,10,0,'улица Кловская, 23а'),(556,97,11,0,'68'),(557,97,13,21,''),(558,97,14,26,''),(559,98,9,17,''),(560,98,12,19,''),(561,98,10,0,'Ломоносова ул, 16б'),(562,98,11,0,'45.5'),(563,98,13,21,''),(564,98,14,26,''),(565,99,9,17,''),(566,99,12,19,''),(567,99,10,0,'Красный Бор ул'),(568,99,11,0,'42'),(569,99,13,21,''),(570,99,14,26,''),(571,100,9,17,''),(572,100,12,19,''),(573,100,10,0,'Ново-Киевская ул, 1'),(574,100,11,0,'43'),(575,100,13,21,''),(576,100,14,26,''),(577,101,9,17,''),(578,101,12,19,''),(579,101,10,0,'Шевченко ул'),(580,101,11,0,'54'),(581,101,13,21,''),(582,101,14,26,''),(583,102,9,17,''),(584,102,12,19,''),(585,102,10,0,'ул. Раевского, дом 1.'),(586,102,11,0,'45.4'),(587,102,13,21,''),(588,102,14,26,''),(589,103,9,17,''),(590,103,12,19,''),(591,103,10,0,'Маршала Соколовского ул'),(592,103,11,0,'48'),(593,103,13,21,''),(594,103,14,26,''),(595,104,9,17,''),(596,104,12,19,''),(597,104,10,0,'Багратиона ул'),(598,104,11,0,'48'),(599,104,13,21,''),(600,104,14,26,''),(601,105,9,17,''),(602,105,12,19,''),(603,105,10,0,'улица Багратиона, 15'),(604,105,11,0,'45'),(605,105,13,21,''),(606,105,14,26,''),(607,106,9,17,''),(608,106,12,19,''),(609,106,10,0,'Кирова ул'),(610,106,11,0,'43.1'),(611,106,13,21,''),(612,106,14,26,''),(613,107,9,17,''),(614,107,12,19,''),(615,107,10,0,'Автозаводская ул'),(616,107,11,0,'43'),(617,107,13,21,''),(618,107,14,26,''),(619,108,9,17,''),(620,108,12,19,''),(621,108,10,0,'Смольянинова, 15'),(622,108,11,0,'33'),(623,108,13,21,''),(624,108,14,26,''),(625,109,9,17,''),(626,109,12,19,''),(627,109,10,0,'Смоленск'),(628,109,11,0,'70'),(629,109,13,21,''),(630,109,14,26,''),(631,110,9,17,''),(632,110,12,19,''),(633,110,10,0,'пр-т. Строителей'),(634,110,11,0,'43'),(635,110,13,21,''),(636,110,14,26,''),(637,111,9,17,''),(638,111,12,19,''),(639,111,10,0,'М. Соколовского, 14'),(640,111,11,0,'63'),(641,111,13,21,''),(642,111,14,26,''),(643,112,9,17,''),(644,112,12,19,''),(645,112,10,0,'Коммунистическая ул, 22'),(646,112,11,0,'57'),(647,112,13,21,''),(648,112,14,26,''),(649,113,9,17,''),(650,113,12,19,''),(651,113,10,0,'Пронино п'),(652,113,11,0,'54'),(653,113,13,21,''),(654,113,14,26,''),(655,114,9,17,''),(656,114,12,19,''),(657,114,10,0,'Шевченко ул, 80'),(658,114,11,0,'42'),(659,114,13,21,''),(660,114,14,26,''),(661,115,9,17,''),(662,115,12,19,''),(663,115,10,0,'Румянцева ул'),(664,115,11,0,'43.6'),(665,115,13,21,''),(666,115,14,26,''),(667,116,9,17,''),(668,116,12,19,''),(669,116,10,0,'Мало-Краснофлотская ул, 33'),(670,116,11,0,'44'),(671,116,13,21,''),(672,116,14,26,''),(673,117,9,17,''),(674,117,12,19,''),(675,117,10,0,'Краснинское ш, 6г'),(676,117,11,0,'53'),(677,117,13,21,''),(678,117,14,26,''),(679,118,9,17,''),(680,118,12,19,''),(681,118,10,0,'Нарвская, 17'),(682,118,11,0,'45'),(683,118,13,21,''),(684,118,14,26,''),(685,119,9,17,''),(686,119,12,19,''),(687,119,10,0,'Кловская ул'),(688,119,11,0,'40'),(689,119,13,21,''),(690,119,14,26,''),(691,120,9,17,''),(692,120,12,19,''),(693,120,10,0,'Фрунзе ул, 60'),(694,120,11,0,'59'),(695,120,13,21,''),(696,120,14,27,''),(697,121,9,17,''),(698,121,12,19,''),(699,121,10,0,'Ново-Киевская ул, 7'),(700,121,11,0,'114'),(701,121,13,21,''),(702,121,14,27,''),(703,122,9,17,''),(704,122,12,19,''),(705,122,10,0,'Автозаводская ул'),(706,122,11,0,'65'),(707,122,13,21,''),(708,122,14,27,''),(709,123,9,17,''),(710,123,12,19,''),(711,123,10,0,'Докучаева ул, 8'),(712,123,11,0,'76'),(713,123,13,21,''),(714,123,14,27,''),(715,124,9,17,''),(716,124,12,19,''),(717,124,10,0,'Маршала Еременко ул, 14'),(718,124,11,0,'64'),(719,124,13,21,''),(720,124,14,27,''),(721,125,9,17,''),(722,125,12,19,''),(723,125,10,0,'Твардовского ул, 22а'),(724,125,11,0,'77'),(725,125,13,21,''),(726,125,14,27,''),(727,126,9,17,''),(728,126,12,19,''),(729,126,10,0,'Южный мкр, 29 в'),(730,126,11,0,'60'),(731,126,13,21,''),(732,126,14,27,''),(733,127,9,17,''),(734,127,12,19,''),(735,127,10,0,'улица Багратиона'),(736,127,11,0,'87'),(737,127,13,21,''),(738,127,14,27,''),(739,128,9,17,''),(740,128,12,19,''),(741,128,10,0,'Николаева ул, 36'),(742,128,11,0,'56'),(743,128,13,21,''),(744,128,14,27,''),(745,129,9,17,''),(746,129,12,19,''),(747,129,10,0,'Пржевальского ул, 8'),(748,129,11,0,'74'),(749,129,13,21,''),(750,129,14,27,''),(751,130,9,17,''),(752,130,12,18,''),(753,130,10,0,'2-й Рославльский переулок, 9'),(754,130,11,0,'124'),(755,130,13,21,''),(756,130,14,27,''),(757,131,9,17,''),(758,131,12,19,''),(759,131,10,0,'Десантников, 32к2'),(760,131,11,0,'63'),(761,131,13,21,''),(762,131,14,27,''),(763,132,9,17,''),(764,132,12,19,''),(765,132,10,0,'Рыленкова ул, 72'),(766,132,11,0,'77'),(767,132,13,21,''),(768,132,14,27,''),(769,133,9,17,''),(770,133,12,19,''),(771,133,10,0,'Нормандия-Неман ул, 23 а'),(772,133,11,0,'63.4'),(773,133,13,21,''),(774,133,14,27,''),(775,134,9,17,''),(776,134,12,19,''),(777,134,10,0,'Черняховского'),(778,134,11,0,'69'),(779,134,13,21,''),(780,134,14,27,''),(781,135,9,17,''),(782,135,12,19,''),(783,135,10,0,'Маршала Еременко ул, 4'),(784,135,11,0,'63.9'),(785,135,13,21,''),(786,135,14,27,''),(787,136,9,17,''),(788,136,12,19,''),(789,136,10,0,'ул.Нахимова, д.16'),(790,136,11,0,'67.7'),(791,136,13,21,''),(792,136,14,27,''),(793,137,9,17,''),(794,137,12,19,''),(795,137,10,0,'Петра Алексеева ул'),(796,137,11,0,'64'),(797,137,13,21,''),(798,137,14,27,''),(799,138,9,17,''),(800,138,12,19,''),(801,138,10,0,'Маршала Соколовского ул'),(802,138,11,0,'63'),(803,138,13,21,''),(804,138,14,27,''),(805,139,9,17,''),(806,139,12,19,''),(807,139,10,0,'Нормандия-Неман ул, 26'),(808,139,11,0,'59'),(809,139,13,21,''),(810,139,14,27,''),(811,140,9,17,''),(812,140,12,19,''),(813,140,10,0,'Строителей пр-кт,  26'),(814,140,11,0,'64'),(815,140,13,21,''),(816,140,14,27,''),(817,141,9,17,''),(818,141,12,19,''),(819,141,10,0,'Маршала Еременко, 48'),(820,141,11,0,'61'),(821,141,13,21,''),(822,141,14,27,''),(823,142,9,17,''),(824,142,12,19,''),(825,142,10,0,'улица Рыленкова, 77'),(826,142,11,0,'67'),(827,142,13,21,''),(828,142,14,27,''),(829,143,9,17,''),(830,143,12,19,''),(831,143,10,0,'Крупской ул'),(832,143,11,0,'67'),(833,143,13,21,''),(834,143,14,27,''),(835,144,9,17,''),(836,144,12,19,''),(837,144,10,0,'25 Сентября ул'),(838,144,11,0,'60'),(839,144,13,21,''),(840,144,14,27,''),(841,145,9,17,''),(842,145,12,19,''),(843,145,10,0,'Ново-Киевская ул'),(844,145,11,0,'59'),(845,145,13,21,''),(846,145,14,27,''),(847,146,9,17,''),(848,146,12,19,''),(849,146,10,0,'Маршала Еременко ул'),(850,146,11,0,'52'),(851,146,13,21,''),(852,146,14,27,''),(853,147,9,17,''),(854,147,12,19,''),(855,147,10,0,'Крупской, 44б'),(856,147,11,0,'64'),(857,147,13,21,''),(858,147,14,27,''),(859,148,9,17,''),(860,148,12,19,''),(861,148,10,0,'1-ый Краснофлотский пер.'),(862,148,11,0,'60'),(863,148,13,21,''),(864,148,14,27,''),(865,149,9,17,''),(866,149,12,19,''),(867,149,10,0,'2 линия красноармейской слободы, 7'),(868,149,11,0,'63'),(869,149,13,21,''),(870,149,14,27,''),(871,150,9,17,''),(872,150,12,19,''),(873,150,10,0,'Юннатов пер, 1'),(874,150,11,0,'65'),(875,150,13,21,''),(876,150,14,27,''),(877,151,9,17,''),(878,151,12,19,''),(879,151,10,0,'Нормандия-Неман ул, 30'),(880,151,11,0,'63'),(881,151,13,21,''),(882,151,14,27,''),(883,152,9,17,''),(884,152,12,18,''),(885,152,10,0,'д.Киселевка, 5'),(886,152,11,0,'71.5'),(887,152,13,21,''),(888,152,14,27,''),(889,153,9,17,''),(890,153,12,19,''),(891,153,10,0,'Нахимова ул'),(892,153,11,0,'56'),(893,153,13,21,''),(894,153,14,27,''),(895,154,9,17,''),(896,154,12,19,''),(897,154,10,0,'Колхозный пер'),(898,154,11,0,'74'),(899,154,13,21,''),(900,154,14,27,''),(901,155,9,17,''),(902,155,12,19,''),(903,155,10,0,'Нормандия-Неман ул, 4'),(904,155,11,0,'59'),(905,155,13,21,''),(906,155,14,27,''),(907,156,9,17,''),(908,156,12,19,''),(909,156,10,0,'Крупской ул, 55а'),(910,156,11,0,'74'),(911,156,13,21,''),(912,156,14,27,''),(913,157,9,17,''),(914,157,12,19,''),(915,157,10,0,'Оршанская ул'),(916,157,11,0,'92'),(917,157,13,21,''),(918,157,14,27,''),(919,158,9,17,''),(920,158,12,19,''),(921,158,10,0,'Рыленкова ул'),(922,158,11,0,'72'),(923,158,13,21,''),(924,158,14,27,''),(925,159,9,17,''),(926,159,12,19,''),(927,159,10,0,'Батеки, кирпич'),(928,159,11,0,'65'),(929,159,13,21,''),(930,159,14,27,''),(931,160,9,17,''),(932,160,12,19,''),(933,160,10,0,'улица Октября, 1'),(934,160,11,0,'60'),(935,160,13,21,''),(936,160,14,27,''),(937,161,9,17,''),(938,161,12,19,''),(939,161,10,0,'Николаева ул'),(940,161,11,0,'108'),(941,161,13,21,''),(942,161,14,27,''),(943,162,9,17,''),(944,162,12,19,''),(945,162,10,0,'дер.Киселёвка, 7а'),(946,162,11,0,'119'),(947,162,13,21,''),(948,162,14,27,''),(949,163,9,17,''),(950,163,12,19,''),(951,163,10,0,'Кловская ул'),(952,163,11,0,'58.8'),(953,163,13,21,''),(954,163,14,27,''),(955,164,9,17,''),(956,164,12,19,''),(957,164,10,0,'Ново-Киевская ул, 7б'),(958,164,11,0,'112'),(959,164,13,21,''),(960,164,14,27,''),(961,165,9,17,''),(962,165,12,19,''),(963,165,10,0,'Валентины Гризодубовой ул, 5'),(964,165,11,0,'68'),(965,165,13,21,''),(966,165,14,27,''),(967,166,9,17,''),(968,166,12,19,''),(969,166,10,0,'Рыленкова ул, 74'),(970,166,11,0,'68'),(971,166,13,21,''),(972,166,14,27,''),(973,167,9,17,''),(974,167,12,19,''),(975,167,10,0,'Крупской ул, 55&quot;А&quot;'),(976,167,11,0,'67'),(977,167,13,21,''),(978,167,14,27,''),(979,168,9,17,''),(980,168,12,19,''),(981,168,10,0,'Печерск, Школьная'),(982,168,11,0,'69'),(983,168,13,21,''),(984,168,14,27,''),(985,169,9,17,''),(986,169,12,19,''),(987,169,10,0,'Попова ул, 128'),(988,169,11,0,'63'),(989,169,13,21,''),(990,169,14,27,''),(991,170,9,17,''),(992,170,12,19,''),(993,170,10,0,'Петра Алексеева ул, 2/37'),(994,170,11,0,'64'),(995,170,13,21,''),(996,170,14,27,''),(997,171,9,17,''),(998,171,12,19,''),(999,171,10,0,'Юннатов пер, 12'),(1000,171,11,0,'85'),(1001,171,13,21,''),(1002,171,14,27,''),(1003,172,9,17,''),(1004,172,12,19,''),(1005,172,10,0,'Кловская ул, 1'),(1006,172,11,0,'72'),(1007,172,13,21,''),(1008,172,14,27,''),(1009,173,9,17,''),(1010,173,12,19,''),(1011,173,10,0,'ул. Заводская'),(1012,173,11,0,'103'),(1013,173,13,21,''),(1014,173,14,27,''),(1015,174,9,17,''),(1016,174,12,19,''),(1017,174,10,0,'Витебское шоссе, 28'),(1018,174,11,0,'67'),(1019,174,13,21,''),(1020,174,14,27,''),(1021,175,9,17,''),(1022,175,12,19,''),(1023,175,10,0,'Центральная ул, 1'),(1024,175,11,0,'60'),(1025,175,13,21,''),(1026,175,14,27,''),(1027,176,9,17,''),(1028,176,12,19,''),(1029,176,10,0,'Центральная ул'),(1030,176,11,0,'60'),(1031,176,13,21,''),(1032,176,14,27,''),(1033,178,15,31,'');
/*!40000 ALTER TABLE `ad_fields` ENABLE KEYS */;
UNLOCK TABLES;

--
-- Table structure for table `ad_lookup_values`
--

DROP TABLE IF EXISTS `ad_lookup_values`;
/*!40101 SET @saved_cs_client     = @@character_set_client */;
/*!40101 SET character_set_client = utf8 */;
CREATE TABLE `ad_lookup_values` (
  `id` bigint(20) NOT NULL AUTO_INCREMENT,
  `description_id` bigint(20) NOT NULL,
  `value` varchar(245) NOT NULL,
  PRIMARY KEY (`id`)
) ENGINE=InnoDB AUTO_INCREMENT=80 DEFAULT CHARSET=utf8;
/*!40101 SET character_set_client = @saved_cs_client */;

--
-- Dumping data for table `ad_lookup_values`
--

LOCK TABLES `ad_lookup_values` WRITE;
/*!40000 ALTER TABLE `ad_lookup_values` DISABLE KEYS */;
INSERT INTO `ad_lookup_values` VALUES (1,1,'Куплю'),(2,1,'Продам'),(3,1,'Обменяю'),(4,1,'Даром'),(5,1,'Аренда'),(6,5,'Среднее'),(7,5,'Требует ремонта'),(8,5,'Хорошее'),(9,5,'Отличное'),(10,8,'Автоматическая'),(11,8,'Вариатор'),(12,8,'Механическая'),(13,8,'Роботизированная'),(14,9,'Аренда (длительный срок)'),(15,9,'Аренда (посуточно)'),(16,9,'Покупка'),(17,9,'Продажа'),(18,12,'Новостройка'),(19,12,'Вторичное жилье'),(20,13,'Монолит'),(21,13,'Панельный'),(22,13,'Ульяновка'),(23,13,'95 серия'),(24,14,'Студия'),(25,14,'1 комнатная'),(26,14,'2-х комнатная'),(27,14,'3-х комнатная'),(28,14,'4-х комнатная'),(29,15,'Куплю'),(30,15,'Продам'),(31,15,'Даром'),(32,15,'Вязка'),(33,15,'Найден'),(34,15,'Потерян'),(35,16,'Куплю'),(36,16,'Продам'),(37,16,'Обменяю'),(38,16,'Даром'),(39,16,'Аренда'),(40,17,'Куплю'),(41,17,'Продам'),(42,17,'Обменяю'),(43,17,'Даром'),(44,17,'Аренда'),(45,18,'Куплю'),(46,18,'Продам'),(47,18,'Обменяю'),(48,18,'Даром'),(49,18,'Аренда'),(50,19,'Куплю'),(51,19,'Продам'),(52,19,'Обменяю'),(53,19,'Даром'),(54,19,'Аренда'),(55,20,'Куплю'),(56,20,'Продам'),(57,20,'Обменяю'),(58,20,'Даром'),(59,20,'Аренда'),(60,21,'Куплю'),(61,21,'Продам'),(62,21,'Обменяю'),(63,21,'Даром'),(64,21,'Аренда'),(65,22,'Куплю'),(66,22,'Продам'),(67,22,'Обменяю'),(68,22,'Даром'),(69,23,'Куплю'),(70,23,'Продам'),(71,23,'Обменяю'),(72,23,'Даром'),(73,24,'Куплю'),(74,24,'Продам'),(75,24,'Обменяю'),(76,24,'Даром'),(77,24,'Аренда'),(78,25,'Ищу девушку'),(79,25,'Ищу парня');
/*!40000 ALTER TABLE `ad_lookup_values` ENABLE KEYS */;
UNLOCK TABLES;

--
-- Table structure for table `ad_photos`
--

DROP TABLE IF EXISTS `ad_photos`;
/*!40101 SET @saved_cs_client     = @@character_set_client */;
/*!40101 SET character_set_client = utf8 */;
CREATE TABLE `ad_photos` (
  `id` bigint(20) NOT NULL AUTO_INCREMENT,
  `ad_id` bigint(20) NOT NULL,
  `preview` varchar(64) DEFAULT NULL,
  `photo` varchar(64) DEFAULT NULL,
  `original` varchar(64) DEFAULT NULL,
  `create_date` datetime DEFAULT NULL,
  PRIMARY KEY (`id`)
) ENGINE=InnoDB AUTO_INCREMENT=932 DEFAULT CHARSET=utf8;
/*!40101 SET character_set_client = @saved_cs_client */;

--
-- Dumping data for table `ad_photos`
--

LOCK TABLES `ad_photos` WRITE;
/*!40000 ALTER TABLE `ad_photos` DISABLE KEYS */;
INSERT INTO `ad_photos` VALUES (1,1,'advert1_small.jpg','advert1.jpg',NULL,'2013-09-13 09:00:00'),(2,2,'advert2_small.jpg','advert2.jpg',NULL,'2013-09-13 09:00:00'),(3,3,'advert3_small.jpg','advert3.jpg',NULL,'2013-09-13 09:00:00'),(4,4,'advert4_small.jpg','advert4.jpg',NULL,'2013-09-13 09:00:00'),(5,5,'advert5_small.jpg','advert5.jpg',NULL,'2013-09-13 09:00:00'),(6,6,'advert6_small.jpg','advert6.jpg',NULL,'2013-09-13 09:00:00'),(7,7,'advert7_small.jpg','advert7.jpg',NULL,'2013-09-13 09:00:00'),(8,8,'advert8_small.jpg','advert8.jpg',NULL,'2013-09-13 09:00:00'),(9,13,'57e383a6-eb7f-4330-9b9f-5d6edbce7c31.png','75bfe015-6085-42b3-8f92-cd993108a595.png',NULL,'2013-10-02 19:34:38'),(10,12,'b2371481-a48e-4a21-8fb9-c0f026cb0cbd.small.png','b2371481-a48e-4a21-8fb9-c0f026cb0cbd.normal.png','b2371481-a48e-4a21-8fb9-c0f026cb0cbd.original.JPG','2013-10-02 20:54:22'),(11,12,'eed842c8-0af4-478a-9a6a-c9c26ebdb95a.small.png','eed842c8-0af4-478a-9a6a-c9c26ebdb95a.normal.png','eed842c8-0af4-478a-9a6a-c9c26ebdb95a.original.JPG','2013-10-03 12:14:01'),(12,12,'caf96f94-d666-4301-a805-3e81dc14c224.small.png','caf96f94-d666-4301-a805-3e81dc14c224.normal.png','caf96f94-d666-4301-a805-3e81dc14c224.original.JPG','2013-10-03 12:14:01'),(13,12,'ac167a0c-f5ef-43cf-8edb-21856be7321d.small.png','ac167a0c-f5ef-43cf-8edb-21856be7321d.normal.png','ac167a0c-f5ef-43cf-8edb-21856be7321d.original.JPG','2013-10-03 12:15:17'),(14,15,'e0b85b7c-8cad-4e4e-af3c-51641e1d7c9f.small.jpg','e0b85b7c-8cad-4e4e-af3c-51641e1d7c9f.mid.jpg','e0b85b7c-8cad-4e4e-af3c-51641e1d7c9f.original.jpg','2013-10-11 06:15:45'),(15,15,'b9c02425-5ef2-490f-a413-c55fa7ded808.small.jpg','b9c02425-5ef2-490f-a413-c55fa7ded808.mid.jpg','b9c02425-5ef2-490f-a413-c55fa7ded808.original.jpg','2013-10-11 06:15:46'),(16,15,'90824d65-a5ce-45b0-bb61-a8dad173c68c.small.jpg','90824d65-a5ce-45b0-bb61-a8dad173c68c.mid.jpg','90824d65-a5ce-45b0-bb61-a8dad173c68c.original.jpg','2013-10-11 06:15:47'),(17,15,'1ebe66ef-6c04-4e36-873c-d5eee8172617.small.jpg','1ebe66ef-6c04-4e36-873c-d5eee8172617.mid.jpg','1ebe66ef-6c04-4e36-873c-d5eee8172617.original.jpg','2013-10-11 06:15:47'),(18,15,'f3bc27a9-a3d6-4e1e-af24-0ce049a88461.small.jpg','f3bc27a9-a3d6-4e1e-af24-0ce049a88461.mid.jpg','f3bc27a9-a3d6-4e1e-af24-0ce049a88461.original.jpg','2013-10-11 06:15:47'),(19,16,'7134a7fd-769d-41cb-b32f-bdd7b80883ab.small.jpg','7134a7fd-769d-41cb-b32f-bdd7b80883ab.mid.jpg','7134a7fd-769d-41cb-b32f-bdd7b80883ab.original.jpg','2013-10-11 06:15:50'),(20,16,'20517ffb-2440-4632-a747-533e9dd1d5db.small.jpg','20517ffb-2440-4632-a747-533e9dd1d5db.mid.jpg','20517ffb-2440-4632-a747-533e9dd1d5db.original.jpg','2013-10-11 06:15:51'),(21,16,'31a55efa-c751-43c1-9ae8-68504a5cf39d.small.jpg','31a55efa-c751-43c1-9ae8-68504a5cf39d.mid.jpg','31a55efa-c751-43c1-9ae8-68504a5cf39d.original.jpg','2013-10-11 06:15:52'),(22,16,'d6b1b88d-406e-4d94-ac2c-71e861abf6f2.small.jpg','d6b1b88d-406e-4d94-ac2c-71e861abf6f2.mid.jpg','d6b1b88d-406e-4d94-ac2c-71e861abf6f2.original.jpg','2013-10-11 06:15:52'),(23,16,'1f169fd9-6b6c-4582-98c8-3481a1e8114c.small.jpg','1f169fd9-6b6c-4582-98c8-3481a1e8114c.mid.jpg','1f169fd9-6b6c-4582-98c8-3481a1e8114c.original.jpg','2013-10-11 06:15:53'),(24,17,'ecb25e1e-c294-491d-8773-4f93cf25ec72.small.jpg','ecb25e1e-c294-491d-8773-4f93cf25ec72.mid.jpg','ecb25e1e-c294-491d-8773-4f93cf25ec72.original.jpg','2013-10-11 06:15:57'),(25,17,'85e4625f-9cba-46e5-ba99-1f0a2c954207.small.jpg','85e4625f-9cba-46e5-ba99-1f0a2c954207.mid.jpg','85e4625f-9cba-46e5-ba99-1f0a2c954207.original.jpg','2013-10-11 06:15:57'),(26,17,'85f37596-1147-4d90-887a-15e51b0601bc.small.jpg','85f37596-1147-4d90-887a-15e51b0601bc.mid.jpg','85f37596-1147-4d90-887a-15e51b0601bc.original.jpg','2013-10-11 06:15:58'),(27,17,'562c50e9-8a3b-488d-9235-439a5633ebf2.small.jpg','562c50e9-8a3b-488d-9235-439a5633ebf2.mid.jpg','562c50e9-8a3b-488d-9235-439a5633ebf2.original.jpg','2013-10-11 06:15:59'),(28,18,'ad5fc564-5d58-4e78-85f1-978b86c8e6a0.small.jpg','ad5fc564-5d58-4e78-85f1-978b86c8e6a0.mid.jpg','ad5fc564-5d58-4e78-85f1-978b86c8e6a0.original.jpg','2013-10-11 06:16:02'),(29,18,'c7e7f71e-648e-4dfb-b3ee-14266bfd970a.small.jpg','c7e7f71e-648e-4dfb-b3ee-14266bfd970a.mid.jpg','c7e7f71e-648e-4dfb-b3ee-14266bfd970a.original.jpg','2013-10-11 06:16:03'),(30,18,'4d75f9f0-9322-44f1-b24a-d6948b7b4ecf.small.jpg','4d75f9f0-9322-44f1-b24a-d6948b7b4ecf.mid.jpg','4d75f9f0-9322-44f1-b24a-d6948b7b4ecf.original.jpg','2013-10-11 06:16:04'),(31,18,'70e6eb0f-983e-46ec-bc8c-d6a41d96fcbf.small.jpg','70e6eb0f-983e-46ec-bc8c-d6a41d96fcbf.mid.jpg','70e6eb0f-983e-46ec-bc8c-d6a41d96fcbf.original.jpg','2013-10-11 06:16:04'),(32,18,'07a4c82c-132a-463a-a518-f4d4dab7c599.small.jpg','07a4c82c-132a-463a-a518-f4d4dab7c599.mid.jpg','07a4c82c-132a-463a-a518-f4d4dab7c599.original.jpg','2013-10-11 06:16:05'),(33,18,'86915151-547e-4219-a4ef-6a8c382fa08a.small.jpg','86915151-547e-4219-a4ef-6a8c382fa08a.mid.jpg','86915151-547e-4219-a4ef-6a8c382fa08a.original.jpg','2013-10-11 06:16:06'),(34,18,'593fbbb7-a860-4560-a85c-964b8f0c8270.small.jpg','593fbbb7-a860-4560-a85c-964b8f0c8270.mid.jpg','593fbbb7-a860-4560-a85c-964b8f0c8270.original.jpg','2013-10-11 06:16:07'),(35,18,'e294e5fc-a020-411d-ab57-b3871fdc2249.small.jpg','e294e5fc-a020-411d-ab57-b3871fdc2249.mid.jpg','e294e5fc-a020-411d-ab57-b3871fdc2249.original.jpg','2013-10-11 06:16:07'),(36,18,'b43d4412-b35e-4589-979e-dd7f9a587717.small.jpg','b43d4412-b35e-4589-979e-dd7f9a587717.mid.jpg','b43d4412-b35e-4589-979e-dd7f9a587717.original.jpg','2013-10-11 06:16:09'),(37,18,'52b7e468-9a86-45b5-a4e9-0df59eb1cc51.small.jpg','52b7e468-9a86-45b5-a4e9-0df59eb1cc51.mid.jpg','52b7e468-9a86-45b5-a4e9-0df59eb1cc51.original.jpg','2013-10-11 06:16:10'),(38,19,'3179f8df-1c74-4289-acce-d3872c573404.small.jpg','3179f8df-1c74-4289-acce-d3872c573404.mid.jpg','3179f8df-1c74-4289-acce-d3872c573404.original.jpg','2013-10-11 06:16:13'),(39,20,'b82abceb-53d9-4393-bae4-dd331370dc10.small.jpg','b82abceb-53d9-4393-bae4-dd331370dc10.mid.jpg','b82abceb-53d9-4393-bae4-dd331370dc10.original.jpg','2013-10-11 06:16:16'),(40,20,'fe4ea71a-373b-4c50-ba8b-8281b4fbc6d7.small.jpg','fe4ea71a-373b-4c50-ba8b-8281b4fbc6d7.mid.jpg','fe4ea71a-373b-4c50-ba8b-8281b4fbc6d7.original.jpg','2013-10-11 06:16:17'),(41,20,'560acccc-fe1d-4ec8-a7b3-3617ac92d69b.small.jpg','560acccc-fe1d-4ec8-a7b3-3617ac92d69b.mid.jpg','560acccc-fe1d-4ec8-a7b3-3617ac92d69b.original.jpg','2013-10-11 06:16:17'),(42,21,'d757d7d4-4bb3-4e35-a0e7-59ed6cebb4b8.small.jpg','d757d7d4-4bb3-4e35-a0e7-59ed6cebb4b8.mid.jpg','d757d7d4-4bb3-4e35-a0e7-59ed6cebb4b8.original.jpg','2013-10-11 06:16:23'),(43,21,'d6fcea46-74ca-4059-8b3b-1f11e351315c.small.jpg','d6fcea46-74ca-4059-8b3b-1f11e351315c.mid.jpg','d6fcea46-74ca-4059-8b3b-1f11e351315c.original.jpg','2013-10-11 06:16:25'),(44,22,'2d3b7b3b-c1c9-4b8a-91d1-99efcf922581.small.jpg','2d3b7b3b-c1c9-4b8a-91d1-99efcf922581.mid.jpg','2d3b7b3b-c1c9-4b8a-91d1-99efcf922581.original.jpg','2013-10-11 06:16:28'),(45,22,'ca4c4c29-47cb-46d0-800c-d5fdff352f12.small.jpg','ca4c4c29-47cb-46d0-800c-d5fdff352f12.mid.jpg','ca4c4c29-47cb-46d0-800c-d5fdff352f12.original.jpg','2013-10-11 06:16:30'),(46,22,'c433340d-ce1d-45a6-b1ce-35d74d89f192.small.jpg','c433340d-ce1d-45a6-b1ce-35d74d89f192.mid.jpg','c433340d-ce1d-45a6-b1ce-35d74d89f192.original.jpg','2013-10-11 06:16:31'),(47,22,'4442a22e-5360-4a4b-a723-a8510fd49bcb.small.jpg','4442a22e-5360-4a4b-a723-a8510fd49bcb.mid.jpg','4442a22e-5360-4a4b-a723-a8510fd49bcb.original.jpg','2013-10-11 06:16:31'),(48,22,'36cac0d0-2bb7-420f-99e8-3146c71b9461.small.jpg','36cac0d0-2bb7-420f-99e8-3146c71b9461.mid.jpg','36cac0d0-2bb7-420f-99e8-3146c71b9461.original.jpg','2013-10-11 06:16:32'),(49,22,'49031331-c32e-4f67-913b-a0a770e2367b.small.jpg','49031331-c32e-4f67-913b-a0a770e2367b.mid.jpg','49031331-c32e-4f67-913b-a0a770e2367b.original.jpg','2013-10-11 06:16:33'),(50,22,'2e81a73f-7288-4518-b966-b19e7155270e.small.jpg','2e81a73f-7288-4518-b966-b19e7155270e.mid.jpg','2e81a73f-7288-4518-b966-b19e7155270e.original.jpg','2013-10-11 06:16:33'),(51,23,'34905a11-6a75-42c4-b91c-871208e9e043.small.jpg','34905a11-6a75-42c4-b91c-871208e9e043.mid.jpg','34905a11-6a75-42c4-b91c-871208e9e043.original.jpg','2013-10-11 06:16:37'),(52,23,'27cd572e-c4e9-414d-a9d7-3c0ecc23b1d9.small.jpg','27cd572e-c4e9-414d-a9d7-3c0ecc23b1d9.mid.jpg','27cd572e-c4e9-414d-a9d7-3c0ecc23b1d9.original.jpg','2013-10-11 06:16:37'),(53,23,'6353d7d7-ac2a-49f2-af4d-e5e6f5a373ee.small.jpg','6353d7d7-ac2a-49f2-af4d-e5e6f5a373ee.mid.jpg','6353d7d7-ac2a-49f2-af4d-e5e6f5a373ee.original.jpg','2013-10-11 06:16:38'),(54,23,'49b7618b-a137-4e46-8c22-a392d84bb64f.small.jpg','49b7618b-a137-4e46-8c22-a392d84bb64f.mid.jpg','49b7618b-a137-4e46-8c22-a392d84bb64f.original.jpg','2013-10-11 06:16:39'),(55,23,'63062f6b-289d-4b30-83be-b6734b055cf8.small.jpg','63062f6b-289d-4b30-83be-b6734b055cf8.mid.jpg','63062f6b-289d-4b30-83be-b6734b055cf8.original.jpg','2013-10-11 06:16:40'),(56,24,'4cc2447a-7e7e-4d18-afdc-cb5e566f143e.small.jpg','4cc2447a-7e7e-4d18-afdc-cb5e566f143e.mid.jpg','4cc2447a-7e7e-4d18-afdc-cb5e566f143e.original.jpg','2013-10-11 06:16:43'),(57,24,'7cd7414d-6cee-49aa-86fc-ef8b51290143.small.jpg','7cd7414d-6cee-49aa-86fc-ef8b51290143.mid.jpg','7cd7414d-6cee-49aa-86fc-ef8b51290143.original.jpg','2013-10-11 06:16:44'),(58,24,'8b27438f-72ee-4434-a577-2632a76c5d23.small.jpg','8b27438f-72ee-4434-a577-2632a76c5d23.mid.jpg','8b27438f-72ee-4434-a577-2632a76c5d23.original.jpg','2013-10-11 06:16:45'),(59,24,'7080f4ae-388b-4abe-ac19-99645ce6751e.small.jpg','7080f4ae-388b-4abe-ac19-99645ce6751e.mid.jpg','7080f4ae-388b-4abe-ac19-99645ce6751e.original.jpg','2013-10-11 06:16:45'),(60,24,'4ad057d0-bf26-483a-ad12-f043e92187ea.small.jpg','4ad057d0-bf26-483a-ad12-f043e92187ea.mid.jpg','4ad057d0-bf26-483a-ad12-f043e92187ea.original.jpg','2013-10-11 06:16:46'),(61,24,'de58439c-ea66-452e-867a-1c70df243458.small.jpg','de58439c-ea66-452e-867a-1c70df243458.mid.jpg','de58439c-ea66-452e-867a-1c70df243458.original.jpg','2013-10-11 06:16:46'),(62,24,'727a7810-dacd-4451-b090-a2e86e6dbab8.small.jpg','727a7810-dacd-4451-b090-a2e86e6dbab8.mid.jpg','727a7810-dacd-4451-b090-a2e86e6dbab8.original.jpg','2013-10-11 06:16:48'),(63,24,'20835882-7522-4a9f-93f1-52e23d1d5bea.small.jpg','20835882-7522-4a9f-93f1-52e23d1d5bea.mid.jpg','20835882-7522-4a9f-93f1-52e23d1d5bea.original.jpg','2013-10-11 06:16:49'),(64,24,'a93e9544-f7ea-4168-b0a8-d3b6d7354803.small.jpg','a93e9544-f7ea-4168-b0a8-d3b6d7354803.mid.jpg','a93e9544-f7ea-4168-b0a8-d3b6d7354803.original.jpg','2013-10-11 06:16:50'),(65,24,'ac4c31b5-301b-4fb2-b95c-2346d51c2019.small.jpg','ac4c31b5-301b-4fb2-b95c-2346d51c2019.mid.jpg','ac4c31b5-301b-4fb2-b95c-2346d51c2019.original.jpg','2013-10-11 06:16:50'),(66,25,'e9c6e0d0-6489-4d54-99cf-06218fd3fb87.small.jpg','e9c6e0d0-6489-4d54-99cf-06218fd3fb87.mid.jpg','e9c6e0d0-6489-4d54-99cf-06218fd3fb87.original.jpg','2013-10-11 06:16:52'),(67,25,'29aae970-ac42-4e32-8ee2-d73bc78bac76.small.jpg','29aae970-ac42-4e32-8ee2-d73bc78bac76.mid.jpg','29aae970-ac42-4e32-8ee2-d73bc78bac76.original.jpg','2013-10-11 06:16:53'),(68,25,'93e909cf-7a7f-4079-8825-7c5da10cd6a5.small.jpg','93e909cf-7a7f-4079-8825-7c5da10cd6a5.mid.jpg','93e909cf-7a7f-4079-8825-7c5da10cd6a5.original.jpg','2013-10-11 06:16:54'),(69,25,'a7254868-106a-466f-bbbf-2845b9c4975c.small.jpg','a7254868-106a-466f-bbbf-2845b9c4975c.mid.jpg','a7254868-106a-466f-bbbf-2845b9c4975c.original.jpg','2013-10-11 06:16:54'),(70,25,'050b0d06-45d4-4ed5-bd27-f04bd470c554.small.jpg','050b0d06-45d4-4ed5-bd27-f04bd470c554.mid.jpg','050b0d06-45d4-4ed5-bd27-f04bd470c554.original.jpg','2013-10-11 06:16:56'),(71,25,'80ccf9f5-46e6-4581-9e74-8990b411c77c.small.jpg','80ccf9f5-46e6-4581-9e74-8990b411c77c.mid.jpg','80ccf9f5-46e6-4581-9e74-8990b411c77c.original.jpg','2013-10-11 06:16:58'),(72,25,'dad14117-2773-4480-84b8-0a6dfbb061ba.small.jpg','dad14117-2773-4480-84b8-0a6dfbb061ba.mid.jpg','dad14117-2773-4480-84b8-0a6dfbb061ba.original.jpg','2013-10-11 06:16:59'),(73,25,'a87f3ac2-480a-47a8-b3a7-cf1b4b275814.small.jpg','a87f3ac2-480a-47a8-b3a7-cf1b4b275814.mid.jpg','a87f3ac2-480a-47a8-b3a7-cf1b4b275814.original.jpg','2013-10-11 06:16:59'),(74,25,'8e618c7d-7c86-4c03-92ea-6d0bb30df9c2.small.jpg','8e618c7d-7c86-4c03-92ea-6d0bb30df9c2.mid.jpg','8e618c7d-7c86-4c03-92ea-6d0bb30df9c2.original.jpg','2013-10-11 06:17:00'),(75,25,'4eb50236-1030-4210-920d-77d5ebcf263e.small.jpg','4eb50236-1030-4210-920d-77d5ebcf263e.mid.jpg','4eb50236-1030-4210-920d-77d5ebcf263e.original.jpg','2013-10-11 06:17:01'),(76,26,'304d517f-b97d-42fd-981b-44214f5bfa01.small.jpg','304d517f-b97d-42fd-981b-44214f5bfa01.mid.jpg','304d517f-b97d-42fd-981b-44214f5bfa01.original.jpg','2013-10-11 06:17:05'),(77,26,'20b43783-15f4-41d8-9e83-e958a846ede4.small.jpg','20b43783-15f4-41d8-9e83-e958a846ede4.mid.jpg','20b43783-15f4-41d8-9e83-e958a846ede4.original.jpg','2013-10-11 06:17:06'),(78,26,'3babcd33-9072-41ed-ac7d-3f05b1f59ddb.small.jpg','3babcd33-9072-41ed-ac7d-3f05b1f59ddb.mid.jpg','3babcd33-9072-41ed-ac7d-3f05b1f59ddb.original.jpg','2013-10-11 06:17:06'),(79,26,'9fde153c-7bff-472b-8dae-f3258d5e6184.small.jpg','9fde153c-7bff-472b-8dae-f3258d5e6184.mid.jpg','9fde153c-7bff-472b-8dae-f3258d5e6184.original.jpg','2013-10-11 06:17:07'),(80,26,'cba0a59c-c7ac-43d0-9805-4f6f5cc651aa.small.jpg','cba0a59c-c7ac-43d0-9805-4f6f5cc651aa.mid.jpg','cba0a59c-c7ac-43d0-9805-4f6f5cc651aa.original.jpg','2013-10-11 06:17:07'),(81,26,'c06f412f-5cf2-45ff-aa2b-a01dc02a05f6.small.jpg','c06f412f-5cf2-45ff-aa2b-a01dc02a05f6.mid.jpg','c06f412f-5cf2-45ff-aa2b-a01dc02a05f6.original.jpg','2013-10-11 06:17:09'),(82,26,'6dee6a52-0fdf-4d0a-8716-3af1b768ed2e.small.jpg','6dee6a52-0fdf-4d0a-8716-3af1b768ed2e.mid.jpg','6dee6a52-0fdf-4d0a-8716-3af1b768ed2e.original.jpg','2013-10-11 06:17:09'),(83,26,'5e3e3c02-f4fd-4f06-87c9-287dc15d8b74.small.jpg','5e3e3c02-f4fd-4f06-87c9-287dc15d8b74.mid.jpg','5e3e3c02-f4fd-4f06-87c9-287dc15d8b74.original.jpg','2013-10-11 06:17:10'),(84,27,'b1185066-ba25-42d0-9a27-5350872cdbcf.small.jpg','b1185066-ba25-42d0-9a27-5350872cdbcf.mid.jpg','b1185066-ba25-42d0-9a27-5350872cdbcf.original.jpg','2013-10-11 06:17:12'),(85,28,'d4d241f4-8730-4563-9a76-5a5bd1ce3d9e.small.jpg','d4d241f4-8730-4563-9a76-5a5bd1ce3d9e.mid.jpg','d4d241f4-8730-4563-9a76-5a5bd1ce3d9e.original.jpg','2013-10-11 06:17:15'),(86,28,'f65915ad-4fac-4501-b6e1-5f1da2da851c.small.jpg','f65915ad-4fac-4501-b6e1-5f1da2da851c.mid.jpg','f65915ad-4fac-4501-b6e1-5f1da2da851c.original.jpg','2013-10-11 06:17:17'),(87,28,'b64067f5-f1b0-4f9b-959d-d22224db463f.small.jpg','b64067f5-f1b0-4f9b-959d-d22224db463f.mid.jpg','b64067f5-f1b0-4f9b-959d-d22224db463f.original.jpg','2013-10-11 06:17:18'),(88,29,'c4f9a904-f7ed-4aa7-9471-9b63ccec888f.small.jpg','c4f9a904-f7ed-4aa7-9471-9b63ccec888f.mid.jpg','c4f9a904-f7ed-4aa7-9471-9b63ccec888f.original.jpg','2013-10-11 06:17:22'),(89,29,'901cd521-a835-42e6-9ff9-39564acd196b.small.jpg','901cd521-a835-42e6-9ff9-39564acd196b.mid.jpg','901cd521-a835-42e6-9ff9-39564acd196b.original.jpg','2013-10-11 06:17:23'),(90,29,'b2ca1bb1-e609-4af0-9b29-8cbc59e58c21.small.jpg','b2ca1bb1-e609-4af0-9b29-8cbc59e58c21.mid.jpg','b2ca1bb1-e609-4af0-9b29-8cbc59e58c21.original.jpg','2013-10-11 06:17:24'),(91,29,'d3b32bec-876b-42d1-b47f-129311b0c2cd.small.jpg','d3b32bec-876b-42d1-b47f-129311b0c2cd.mid.jpg','d3b32bec-876b-42d1-b47f-129311b0c2cd.original.jpg','2013-10-11 06:17:26'),(92,30,'bb717b51-33bb-471c-ad6d-afbeadc11683.small.jpg','bb717b51-33bb-471c-ad6d-afbeadc11683.mid.jpg','bb717b51-33bb-471c-ad6d-afbeadc11683.original.jpg','2013-10-11 06:17:29'),(93,30,'e347314d-de48-49d0-a81a-79b6afefcb09.small.jpg','e347314d-de48-49d0-a81a-79b6afefcb09.mid.jpg','e347314d-de48-49d0-a81a-79b6afefcb09.original.jpg','2013-10-11 06:17:30'),(94,30,'c90c6aba-8cbd-48c2-bdef-3061fe8d09e8.small.jpg','c90c6aba-8cbd-48c2-bdef-3061fe8d09e8.mid.jpg','c90c6aba-8cbd-48c2-bdef-3061fe8d09e8.original.jpg','2013-10-11 06:17:30'),(95,30,'9c460a87-09e8-42d7-86f1-9440137dc007.small.jpg','9c460a87-09e8-42d7-86f1-9440137dc007.mid.jpg','9c460a87-09e8-42d7-86f1-9440137dc007.original.jpg','2013-10-11 06:17:31'),(96,30,'d3edfdfc-3f2b-4660-9d43-74322934c1e6.small.jpg','d3edfdfc-3f2b-4660-9d43-74322934c1e6.mid.jpg','d3edfdfc-3f2b-4660-9d43-74322934c1e6.original.jpg','2013-10-11 06:17:31'),(97,30,'ba6ee357-23d4-4e39-9879-50c43ead0eb9.small.jpg','ba6ee357-23d4-4e39-9879-50c43ead0eb9.mid.jpg','ba6ee357-23d4-4e39-9879-50c43ead0eb9.original.jpg','2013-10-11 06:17:32'),(98,30,'b26a28d3-cb23-40c9-84f3-83945a771691.small.jpg','b26a28d3-cb23-40c9-84f3-83945a771691.mid.jpg','b26a28d3-cb23-40c9-84f3-83945a771691.original.jpg','2013-10-11 06:17:33'),(99,30,'6d25ad0a-b30c-4069-9472-95d10ea04fb2.small.jpg','6d25ad0a-b30c-4069-9472-95d10ea04fb2.mid.jpg','6d25ad0a-b30c-4069-9472-95d10ea04fb2.original.jpg','2013-10-11 06:17:34'),(100,30,'296c22c1-edf7-4ff5-987c-b4937e355ca4.small.jpg','296c22c1-edf7-4ff5-987c-b4937e355ca4.mid.jpg','296c22c1-edf7-4ff5-987c-b4937e355ca4.original.jpg','2013-10-11 06:17:35'),(101,30,'f8479932-f9ee-498e-9f80-025364d69797.small.jpg','f8479932-f9ee-498e-9f80-025364d69797.mid.jpg','f8479932-f9ee-498e-9f80-025364d69797.original.jpg','2013-10-11 06:17:35'),(102,31,'7106e79e-8488-4d1d-8730-5b2a5e3f4abe.small.jpg','7106e79e-8488-4d1d-8730-5b2a5e3f4abe.mid.jpg','7106e79e-8488-4d1d-8730-5b2a5e3f4abe.original.jpg','2013-10-11 06:17:38'),(103,31,'e337ed1e-31a0-4348-9f0e-f17e86da5665.small.jpg','e337ed1e-31a0-4348-9f0e-f17e86da5665.mid.jpg','e337ed1e-31a0-4348-9f0e-f17e86da5665.original.jpg','2013-10-11 06:17:38'),(104,32,'16b79c92-8d3f-4dbb-8905-7d4512e813b8.small.jpg','16b79c92-8d3f-4dbb-8905-7d4512e813b8.mid.jpg','16b79c92-8d3f-4dbb-8905-7d4512e813b8.original.jpg','2013-10-11 06:17:42'),(105,32,'62f1a790-e507-4903-a0b2-150c0de30ad3.small.jpg','62f1a790-e507-4903-a0b2-150c0de30ad3.mid.jpg','62f1a790-e507-4903-a0b2-150c0de30ad3.original.jpg','2013-10-11 06:17:43'),(106,32,'a2d579c5-da56-4e43-90be-5f1da203ae3d.small.jpg','a2d579c5-da56-4e43-90be-5f1da203ae3d.mid.jpg','a2d579c5-da56-4e43-90be-5f1da203ae3d.original.jpg','2013-10-11 06:17:44'),(107,32,'208b3ea7-ef0b-4aab-a289-e9ca4bf0eb84.small.jpg','208b3ea7-ef0b-4aab-a289-e9ca4bf0eb84.mid.jpg','208b3ea7-ef0b-4aab-a289-e9ca4bf0eb84.original.jpg','2013-10-11 06:17:45'),(108,33,'7686f655-cf24-40a2-b5fc-1f2a77b2a127.small.jpg','7686f655-cf24-40a2-b5fc-1f2a77b2a127.mid.jpg','7686f655-cf24-40a2-b5fc-1f2a77b2a127.original.jpg','2013-10-11 06:17:49'),(109,33,'0c2b80b5-6bed-4cf4-a9e6-be3ef0f24c50.small.jpg','0c2b80b5-6bed-4cf4-a9e6-be3ef0f24c50.mid.jpg','0c2b80b5-6bed-4cf4-a9e6-be3ef0f24c50.original.jpg','2013-10-11 06:17:49'),(110,33,'51962867-9e93-43f9-9d17-92284b3b1bde.small.jpg','51962867-9e93-43f9-9d17-92284b3b1bde.mid.jpg','51962867-9e93-43f9-9d17-92284b3b1bde.original.jpg','2013-10-11 06:17:51'),(111,33,'7d0fd08a-cfa2-4c25-88ad-323b639f047e.small.jpg','7d0fd08a-cfa2-4c25-88ad-323b639f047e.mid.jpg','7d0fd08a-cfa2-4c25-88ad-323b639f047e.original.jpg','2013-10-11 06:17:51'),(112,33,'4af252d3-3d3c-4d0f-bf98-ce5cece95f73.small.jpg','4af252d3-3d3c-4d0f-bf98-ce5cece95f73.mid.jpg','4af252d3-3d3c-4d0f-bf98-ce5cece95f73.original.jpg','2013-10-11 06:17:51'),(113,34,'726d3aea-4795-4009-8e82-df9333349dd9.small.jpg','726d3aea-4795-4009-8e82-df9333349dd9.mid.jpg','726d3aea-4795-4009-8e82-df9333349dd9.original.jpg','2013-10-11 06:17:56'),(114,34,'805cfa3b-651b-46c9-b9db-9241cd450531.small.jpg','805cfa3b-651b-46c9-b9db-9241cd450531.mid.jpg','805cfa3b-651b-46c9-b9db-9241cd450531.original.jpg','2013-10-11 06:17:57'),(115,34,'8299657a-f63f-4ee4-87c9-bc59d863ee57.small.jpg','8299657a-f63f-4ee4-87c9-bc59d863ee57.mid.jpg','8299657a-f63f-4ee4-87c9-bc59d863ee57.original.jpg','2013-10-11 06:17:58'),(116,35,'6b042d6e-f752-4b9b-adad-07b0f97a414c.small.jpg','6b042d6e-f752-4b9b-adad-07b0f97a414c.mid.jpg','6b042d6e-f752-4b9b-adad-07b0f97a414c.original.jpg','2013-10-11 06:18:04'),(117,35,'83715cef-7c52-4e87-aab4-2770ced624ae.small.jpg','83715cef-7c52-4e87-aab4-2770ced624ae.mid.jpg','83715cef-7c52-4e87-aab4-2770ced624ae.original.jpg','2013-10-11 06:18:05'),(118,35,'e914ea4d-4d4e-4c57-9f30-e12e79a6542f.small.jpg','e914ea4d-4d4e-4c57-9f30-e12e79a6542f.mid.jpg','e914ea4d-4d4e-4c57-9f30-e12e79a6542f.original.jpg','2013-10-11 06:18:06'),(119,36,'45d433ed-40e0-46c6-9f41-919ab041cf62.small.jpg','45d433ed-40e0-46c6-9f41-919ab041cf62.mid.jpg','45d433ed-40e0-46c6-9f41-919ab041cf62.original.jpg','2013-10-11 06:18:08'),(120,36,'8badae6b-d4ac-4dbe-947b-036504042fee.small.jpg','8badae6b-d4ac-4dbe-947b-036504042fee.mid.jpg','8badae6b-d4ac-4dbe-947b-036504042fee.original.jpg','2013-10-11 06:18:09'),(121,36,'fb2b537a-b5ed-4b18-8ca7-770b29b56797.small.jpg','fb2b537a-b5ed-4b18-8ca7-770b29b56797.mid.jpg','fb2b537a-b5ed-4b18-8ca7-770b29b56797.original.jpg','2013-10-11 06:18:11'),(122,36,'5749a07d-4464-40a3-8852-b0476ef0118d.small.jpg','5749a07d-4464-40a3-8852-b0476ef0118d.mid.jpg','5749a07d-4464-40a3-8852-b0476ef0118d.original.jpg','2013-10-11 06:18:12'),(123,36,'3c382773-292b-4787-92fb-dd0f8c568b30.small.jpg','3c382773-292b-4787-92fb-dd0f8c568b30.mid.jpg','3c382773-292b-4787-92fb-dd0f8c568b30.original.jpg','2013-10-11 06:18:13'),(124,36,'f407a451-ebaa-4a56-a671-f9d3efa903e7.small.jpg','f407a451-ebaa-4a56-a671-f9d3efa903e7.mid.jpg','f407a451-ebaa-4a56-a671-f9d3efa903e7.original.jpg','2013-10-11 06:18:14'),(125,36,'f7a529ce-6f45-4535-be24-b54111dbbaad.small.jpg','f7a529ce-6f45-4535-be24-b54111dbbaad.mid.jpg','f7a529ce-6f45-4535-be24-b54111dbbaad.original.jpg','2013-10-11 06:18:14'),(126,36,'c17ec1fb-acb8-4b13-a253-cf32fad7fbf3.small.jpg','c17ec1fb-acb8-4b13-a253-cf32fad7fbf3.mid.jpg','c17ec1fb-acb8-4b13-a253-cf32fad7fbf3.original.jpg','2013-10-11 06:18:15'),(127,36,'37660dab-4c96-40ff-b4d5-1ed290151e0d.small.jpg','37660dab-4c96-40ff-b4d5-1ed290151e0d.mid.jpg','37660dab-4c96-40ff-b4d5-1ed290151e0d.original.jpg','2013-10-11 06:18:16'),(128,37,'19226db9-1c63-49bc-8570-535eb2e87310.small.jpg','19226db9-1c63-49bc-8570-535eb2e87310.mid.jpg','19226db9-1c63-49bc-8570-535eb2e87310.original.jpg','2013-10-11 06:18:20'),(129,37,'0efce6a3-2983-4b97-ab4d-05c42114dcff.small.jpg','0efce6a3-2983-4b97-ab4d-05c42114dcff.mid.jpg','0efce6a3-2983-4b97-ab4d-05c42114dcff.original.jpg','2013-10-11 06:18:21'),(130,37,'1bd02974-9efc-4169-bc91-bab6ef09fc6d.small.jpg','1bd02974-9efc-4169-bc91-bab6ef09fc6d.mid.jpg','1bd02974-9efc-4169-bc91-bab6ef09fc6d.original.jpg','2013-10-11 06:18:22'),(131,37,'fa044c5f-b2fd-492e-993b-3d15363cac21.small.jpg','fa044c5f-b2fd-492e-993b-3d15363cac21.mid.jpg','fa044c5f-b2fd-492e-993b-3d15363cac21.original.jpg','2013-10-11 06:18:22'),(132,37,'22055c70-8e1e-417f-9f96-f3ad80cd6232.small.jpg','22055c70-8e1e-417f-9f96-f3ad80cd6232.mid.jpg','22055c70-8e1e-417f-9f96-f3ad80cd6232.original.jpg','2013-10-11 06:18:23'),(133,37,'4470c1ff-279c-40bc-94bf-15a3de3d33c7.small.jpg','4470c1ff-279c-40bc-94bf-15a3de3d33c7.mid.jpg','4470c1ff-279c-40bc-94bf-15a3de3d33c7.original.jpg','2013-10-11 06:18:24'),(134,38,'785092b4-59e0-4566-ac70-7b18a9fe89b6.small.jpg','785092b4-59e0-4566-ac70-7b18a9fe89b6.mid.jpg','785092b4-59e0-4566-ac70-7b18a9fe89b6.original.jpg','2013-10-11 06:18:26'),(135,39,'1425649d-9299-4bac-bb4c-955a1dd9316b.small.jpg','1425649d-9299-4bac-bb4c-955a1dd9316b.mid.jpg','1425649d-9299-4bac-bb4c-955a1dd9316b.original.jpg','2013-10-11 06:18:31'),(136,39,'b2086ccf-e056-4e71-bd9b-c8f1b2237b0d.small.jpg','b2086ccf-e056-4e71-bd9b-c8f1b2237b0d.mid.jpg','b2086ccf-e056-4e71-bd9b-c8f1b2237b0d.original.jpg','2013-10-11 06:18:32'),(137,39,'920da7c9-dee0-4f95-950a-194c594f24e9.small.jpg','920da7c9-dee0-4f95-950a-194c594f24e9.mid.jpg','920da7c9-dee0-4f95-950a-194c594f24e9.original.jpg','2013-10-11 06:18:32'),(138,39,'b48d8c06-d042-41c6-ad8d-286dd87c0b70.small.jpg','b48d8c06-d042-41c6-ad8d-286dd87c0b70.mid.jpg','b48d8c06-d042-41c6-ad8d-286dd87c0b70.original.jpg','2013-10-11 06:18:33'),(139,39,'314121fa-a7db-4f6c-8b3b-a4bbbdc69a07.small.jpg','314121fa-a7db-4f6c-8b3b-a4bbbdc69a07.mid.jpg','314121fa-a7db-4f6c-8b3b-a4bbbdc69a07.original.jpg','2013-10-11 06:18:33'),(140,39,'de3cab69-c200-4a06-9d80-581667dfd539.small.jpg','de3cab69-c200-4a06-9d80-581667dfd539.mid.jpg','de3cab69-c200-4a06-9d80-581667dfd539.original.jpg','2013-10-11 06:18:34'),(141,39,'857a1920-15b8-4241-8c62-ba4bb3af382b.small.jpg','857a1920-15b8-4241-8c62-ba4bb3af382b.mid.jpg','857a1920-15b8-4241-8c62-ba4bb3af382b.original.jpg','2013-10-11 06:18:35'),(142,39,'7e8c3ee9-1411-47ce-a15d-d8e65242dbf7.small.jpg','7e8c3ee9-1411-47ce-a15d-d8e65242dbf7.mid.jpg','7e8c3ee9-1411-47ce-a15d-d8e65242dbf7.original.jpg','2013-10-11 06:18:35'),(143,39,'ca24c7e5-9e91-4e7e-8517-12a36efcfdff.small.jpg','ca24c7e5-9e91-4e7e-8517-12a36efcfdff.mid.jpg','ca24c7e5-9e91-4e7e-8517-12a36efcfdff.original.jpg','2013-10-11 06:18:36'),(144,40,'95b59dff-b5bf-4e5d-b3ac-bac6f679678d.small.jpg','95b59dff-b5bf-4e5d-b3ac-bac6f679678d.mid.jpg','95b59dff-b5bf-4e5d-b3ac-bac6f679678d.original.jpg','2013-10-11 06:18:40'),(145,40,'923d6f6c-0cbd-4961-acff-19883eb4b87e.small.jpg','923d6f6c-0cbd-4961-acff-19883eb4b87e.mid.jpg','923d6f6c-0cbd-4961-acff-19883eb4b87e.original.jpg','2013-10-11 06:18:41'),(146,40,'deac96d0-64c2-4884-b332-9d58202c70ea.small.jpg','deac96d0-64c2-4884-b332-9d58202c70ea.mid.jpg','deac96d0-64c2-4884-b332-9d58202c70ea.original.jpg','2013-10-11 06:18:41'),(147,41,'0427f774-6e79-4dbc-8886-753742200db8.small.jpg','0427f774-6e79-4dbc-8886-753742200db8.mid.jpg','0427f774-6e79-4dbc-8886-753742200db8.original.jpg','2013-10-11 06:18:44'),(148,42,'badabcba-87ce-4d4a-b10f-32f7c440d099.small.jpg','badabcba-87ce-4d4a-b10f-32f7c440d099.mid.jpg','badabcba-87ce-4d4a-b10f-32f7c440d099.original.jpg','2013-10-11 06:18:49'),(149,42,'ce0cea3a-744a-4e8f-85fa-ef7ba62c7f42.small.jpg','ce0cea3a-744a-4e8f-85fa-ef7ba62c7f42.mid.jpg','ce0cea3a-744a-4e8f-85fa-ef7ba62c7f42.original.jpg','2013-10-11 06:18:51'),(150,42,'04d8bf6b-ac62-4b1b-948a-1041260dde5f.small.jpg','04d8bf6b-ac62-4b1b-948a-1041260dde5f.mid.jpg','04d8bf6b-ac62-4b1b-948a-1041260dde5f.original.jpg','2013-10-11 06:18:51'),(151,42,'57f64bf4-22e4-4d66-9c6f-54c82c5c5a46.small.jpg','57f64bf4-22e4-4d66-9c6f-54c82c5c5a46.mid.jpg','57f64bf4-22e4-4d66-9c6f-54c82c5c5a46.original.jpg','2013-10-11 06:18:52'),(152,42,'40e049df-994f-4a7b-99cf-7efcbbd1310e.small.jpg','40e049df-994f-4a7b-99cf-7efcbbd1310e.mid.jpg','40e049df-994f-4a7b-99cf-7efcbbd1310e.original.jpg','2013-10-11 06:18:54'),(153,43,'72c3df5a-d79d-4a97-9627-91b7a2fcd551.small.jpg','72c3df5a-d79d-4a97-9627-91b7a2fcd551.mid.jpg','72c3df5a-d79d-4a97-9627-91b7a2fcd551.original.jpg','2013-10-11 06:19:00'),(154,43,'dc988350-7b00-4445-845b-f74efc156147.small.jpg','dc988350-7b00-4445-845b-f74efc156147.mid.jpg','dc988350-7b00-4445-845b-f74efc156147.original.jpg','2013-10-11 06:19:00'),(155,44,'ae08084d-cf66-49c2-8512-b0594298e587.small.jpg','ae08084d-cf66-49c2-8512-b0594298e587.mid.jpg','ae08084d-cf66-49c2-8512-b0594298e587.original.jpg','2013-10-11 06:19:02'),(156,44,'4ff7f2dc-9ddb-449b-8a2a-e9297dbe253a.small.jpg','4ff7f2dc-9ddb-449b-8a2a-e9297dbe253a.mid.jpg','4ff7f2dc-9ddb-449b-8a2a-e9297dbe253a.original.jpg','2013-10-11 06:19:03'),(157,44,'67d42c26-68f6-4a75-86d0-3c46b24ec775.small.jpg','67d42c26-68f6-4a75-86d0-3c46b24ec775.mid.jpg','67d42c26-68f6-4a75-86d0-3c46b24ec775.original.jpg','2013-10-11 06:19:03'),(158,44,'dd1341b9-e273-4897-a15d-25ff5a5a52e2.small.jpg','dd1341b9-e273-4897-a15d-25ff5a5a52e2.mid.jpg','dd1341b9-e273-4897-a15d-25ff5a5a52e2.original.jpg','2013-10-11 06:19:04'),(159,44,'ff4e0672-72c7-4f06-b114-86435fdbf543.small.jpg','ff4e0672-72c7-4f06-b114-86435fdbf543.mid.jpg','ff4e0672-72c7-4f06-b114-86435fdbf543.original.jpg','2013-10-11 06:19:04'),(160,44,'555c5242-ecd0-463d-810e-07127d8eb604.small.jpg','555c5242-ecd0-463d-810e-07127d8eb604.mid.jpg','555c5242-ecd0-463d-810e-07127d8eb604.original.jpg','2013-10-11 06:19:05'),(161,45,'5939c473-f63b-4085-b2e8-19a2b70f8d12.small.jpg','5939c473-f63b-4085-b2e8-19a2b70f8d12.mid.jpg','5939c473-f63b-4085-b2e8-19a2b70f8d12.original.jpg','2013-10-11 06:19:07'),(162,45,'db8944ff-9676-481c-bcde-4524af4d0a2d.small.jpg','db8944ff-9676-481c-bcde-4524af4d0a2d.mid.jpg','db8944ff-9676-481c-bcde-4524af4d0a2d.original.jpg','2013-10-11 06:19:08'),(163,45,'4b7f1b3b-721b-43a2-8116-2416d2a723a3.small.jpg','4b7f1b3b-721b-43a2-8116-2416d2a723a3.mid.jpg','4b7f1b3b-721b-43a2-8116-2416d2a723a3.original.jpg','2013-10-11 06:19:08'),(164,45,'00c0d719-dfbb-4811-a296-a28f63c5ab75.small.jpg','00c0d719-dfbb-4811-a296-a28f63c5ab75.mid.jpg','00c0d719-dfbb-4811-a296-a28f63c5ab75.original.jpg','2013-10-11 06:19:09'),(165,45,'60345740-93de-43b1-b1f0-cb657d013b72.small.jpg','60345740-93de-43b1-b1f0-cb657d013b72.mid.jpg','60345740-93de-43b1-b1f0-cb657d013b72.original.jpg','2013-10-11 06:19:10'),(166,45,'592d88ba-778b-41e1-b45a-135dd7cb2a87.small.jpg','592d88ba-778b-41e1-b45a-135dd7cb2a87.mid.jpg','592d88ba-778b-41e1-b45a-135dd7cb2a87.original.jpg','2013-10-11 06:19:11'),(167,46,'c68c0928-1674-4db9-a58e-a2d3d4e1cb4e.small.jpg','c68c0928-1674-4db9-a58e-a2d3d4e1cb4e.mid.jpg','c68c0928-1674-4db9-a58e-a2d3d4e1cb4e.original.jpg','2013-10-11 06:19:14'),(168,46,'419f22d1-5a07-4bd5-8ff2-5aa1ca9b825c.small.jpg','419f22d1-5a07-4bd5-8ff2-5aa1ca9b825c.mid.jpg','419f22d1-5a07-4bd5-8ff2-5aa1ca9b825c.original.jpg','2013-10-11 06:19:15'),(169,46,'2316fd9d-9f23-4c44-be0f-eec03f061282.small.jpg','2316fd9d-9f23-4c44-be0f-eec03f061282.mid.jpg','2316fd9d-9f23-4c44-be0f-eec03f061282.original.jpg','2013-10-11 06:19:16'),(170,46,'1fc7a2b2-9eab-4140-b705-8a77eb5fe463.small.jpg','1fc7a2b2-9eab-4140-b705-8a77eb5fe463.mid.jpg','1fc7a2b2-9eab-4140-b705-8a77eb5fe463.original.jpg','2013-10-11 06:19:16'),(171,46,'798c710e-6b13-4e51-bf14-02950f965795.small.jpg','798c710e-6b13-4e51-bf14-02950f965795.mid.jpg','798c710e-6b13-4e51-bf14-02950f965795.original.jpg','2013-10-11 06:19:17'),(172,46,'0ab0cce1-8d43-4cae-850a-81d2d471e410.small.jpg','0ab0cce1-8d43-4cae-850a-81d2d471e410.mid.jpg','0ab0cce1-8d43-4cae-850a-81d2d471e410.original.jpg','2013-10-11 06:19:18'),(173,46,'6a71f6ba-cf31-45b0-aa37-d017626d3a04.small.jpg','6a71f6ba-cf31-45b0-aa37-d017626d3a04.mid.jpg','6a71f6ba-cf31-45b0-aa37-d017626d3a04.original.jpg','2013-10-11 06:19:19'),(174,47,'815b96cb-6ff6-4ac5-9347-de2e0646ccdd.small.jpg','815b96cb-6ff6-4ac5-9347-de2e0646ccdd.mid.jpg','815b96cb-6ff6-4ac5-9347-de2e0646ccdd.original.jpg','2013-10-11 06:19:22'),(175,47,'2fc7eadc-2679-43e0-8076-abf42e36483c.small.jpg','2fc7eadc-2679-43e0-8076-abf42e36483c.mid.jpg','2fc7eadc-2679-43e0-8076-abf42e36483c.original.jpg','2013-10-11 06:19:23'),(176,47,'91436f84-08c4-4187-b364-9166ec568497.small.jpg','91436f84-08c4-4187-b364-9166ec568497.mid.jpg','91436f84-08c4-4187-b364-9166ec568497.original.jpg','2013-10-11 06:19:23'),(177,47,'cf0fd1e8-c51b-4c4e-ad3a-64f4e5f579f1.small.jpg','cf0fd1e8-c51b-4c4e-ad3a-64f4e5f579f1.mid.jpg','cf0fd1e8-c51b-4c4e-ad3a-64f4e5f579f1.original.jpg','2013-10-11 06:19:24'),(178,47,'6627b3b7-de6b-480f-8fcf-3da75a3179fb.small.jpg','6627b3b7-de6b-480f-8fcf-3da75a3179fb.mid.jpg','6627b3b7-de6b-480f-8fcf-3da75a3179fb.original.jpg','2013-10-11 06:19:25'),(179,47,'67e1074b-0343-4199-ab8c-7b204b6f0daa.small.jpg','67e1074b-0343-4199-ab8c-7b204b6f0daa.mid.jpg','67e1074b-0343-4199-ab8c-7b204b6f0daa.original.jpg','2013-10-11 06:19:26'),(180,47,'b9ebb95d-7b74-4825-a54d-ff8b061400de.small.jpg','b9ebb95d-7b74-4825-a54d-ff8b061400de.mid.jpg','b9ebb95d-7b74-4825-a54d-ff8b061400de.original.jpg','2013-10-11 06:19:27'),(181,47,'4c10b2d5-6d9e-4cfa-bfa2-5fe5a03f2cb0.small.jpg','4c10b2d5-6d9e-4cfa-bfa2-5fe5a03f2cb0.mid.jpg','4c10b2d5-6d9e-4cfa-bfa2-5fe5a03f2cb0.original.jpg','2013-10-11 06:19:28'),(182,48,'d28118c0-13df-4581-983e-28078a0a66da.small.jpg','d28118c0-13df-4581-983e-28078a0a66da.mid.jpg','d28118c0-13df-4581-983e-28078a0a66da.original.jpg','2013-10-11 06:19:32'),(183,48,'40820aea-d36a-4850-9cb9-d46141733a51.small.jpg','40820aea-d36a-4850-9cb9-d46141733a51.mid.jpg','40820aea-d36a-4850-9cb9-d46141733a51.original.jpg','2013-10-11 06:19:33'),(184,49,'749a3908-53c8-426d-9317-1a56e1e4b721.small.jpg','749a3908-53c8-426d-9317-1a56e1e4b721.mid.jpg','749a3908-53c8-426d-9317-1a56e1e4b721.original.jpg','2013-10-11 06:19:37'),(185,49,'5922b115-0215-479d-92a9-216bbb9d8c2b.small.jpg','5922b115-0215-479d-92a9-216bbb9d8c2b.mid.jpg','5922b115-0215-479d-92a9-216bbb9d8c2b.original.jpg','2013-10-11 06:19:37'),(186,49,'6a5f0d44-d5ae-489d-8e4b-97365c0eca2c.small.jpg','6a5f0d44-d5ae-489d-8e4b-97365c0eca2c.mid.jpg','6a5f0d44-d5ae-489d-8e4b-97365c0eca2c.original.jpg','2013-10-11 06:19:38'),(187,49,'bcdc0276-4480-4956-8285-6aa9eb62791c.small.jpg','bcdc0276-4480-4956-8285-6aa9eb62791c.mid.jpg','bcdc0276-4480-4956-8285-6aa9eb62791c.original.jpg','2013-10-11 06:19:39'),(188,49,'7cd0da53-d76d-4af2-914c-ea7ebadadb4e.small.jpg','7cd0da53-d76d-4af2-914c-ea7ebadadb4e.mid.jpg','7cd0da53-d76d-4af2-914c-ea7ebadadb4e.original.jpg','2013-10-11 06:19:40'),(189,49,'bb376c8a-bec4-4cbc-b67c-04fe59305d22.small.jpg','bb376c8a-bec4-4cbc-b67c-04fe59305d22.mid.jpg','bb376c8a-bec4-4cbc-b67c-04fe59305d22.original.jpg','2013-10-11 06:19:41'),(190,49,'36684771-0071-45ce-a930-ce3141cf9486.small.jpg','36684771-0071-45ce-a930-ce3141cf9486.mid.jpg','36684771-0071-45ce-a930-ce3141cf9486.original.jpg','2013-10-11 06:19:41'),(191,49,'1d34e7fd-cdaf-4e74-b2cf-2d88ae88b63a.small.jpg','1d34e7fd-cdaf-4e74-b2cf-2d88ae88b63a.mid.jpg','1d34e7fd-cdaf-4e74-b2cf-2d88ae88b63a.original.jpg','2013-10-11 06:19:42'),(192,49,'7a31fed1-f27a-42ee-af95-161a2787fde2.small.jpg','7a31fed1-f27a-42ee-af95-161a2787fde2.mid.jpg','7a31fed1-f27a-42ee-af95-161a2787fde2.original.jpg','2013-10-11 06:19:42'),(193,50,'457b25d1-0b5e-4bc8-9287-43bdf5fd3933.small.jpg','457b25d1-0b5e-4bc8-9287-43bdf5fd3933.mid.jpg','457b25d1-0b5e-4bc8-9287-43bdf5fd3933.original.jpg','2013-10-11 06:19:45'),(194,50,'27146519-9e09-4ce0-a042-65043b665c59.small.jpg','27146519-9e09-4ce0-a042-65043b665c59.mid.jpg','27146519-9e09-4ce0-a042-65043b665c59.original.jpg','2013-10-11 06:19:45'),(195,50,'5e7452de-5b46-4072-b1b1-6fd725ab8205.small.jpg','5e7452de-5b46-4072-b1b1-6fd725ab8205.mid.jpg','5e7452de-5b46-4072-b1b1-6fd725ab8205.original.jpg','2013-10-11 06:19:46'),(196,50,'dee22faa-f777-444c-8058-e65dd5f74857.small.jpg','dee22faa-f777-444c-8058-e65dd5f74857.mid.jpg','dee22faa-f777-444c-8058-e65dd5f74857.original.jpg','2013-10-11 06:19:46'),(197,50,'c77cdeb9-e878-4c3d-838e-80c89b41afd2.small.jpg','c77cdeb9-e878-4c3d-838e-80c89b41afd2.mid.jpg','c77cdeb9-e878-4c3d-838e-80c89b41afd2.original.jpg','2013-10-11 06:19:47'),(198,51,'3565a8f8-cb61-4712-9cdc-6d2647e2c458.small.jpg','3565a8f8-cb61-4712-9cdc-6d2647e2c458.mid.jpg','3565a8f8-cb61-4712-9cdc-6d2647e2c458.original.jpg','2013-10-11 06:19:52'),(199,52,'988e7dc2-db4f-4ea2-8093-d743094f4b98.small.jpg','988e7dc2-db4f-4ea2-8093-d743094f4b98.mid.jpg','988e7dc2-db4f-4ea2-8093-d743094f4b98.original.jpg','2013-10-11 06:19:55'),(200,53,'e4a15256-aa4b-4ea2-a84e-9ae7cb513aa3.small.jpg','e4a15256-aa4b-4ea2-a84e-9ae7cb513aa3.mid.jpg','e4a15256-aa4b-4ea2-a84e-9ae7cb513aa3.original.jpg','2013-10-11 06:19:57'),(201,54,'0e560844-3686-4b82-b15c-6373870a9e64.small.jpg','0e560844-3686-4b82-b15c-6373870a9e64.mid.jpg','0e560844-3686-4b82-b15c-6373870a9e64.original.jpg','2013-10-11 06:20:01'),(202,55,'5d144ace-28d7-4eef-bfaf-5b586a9dc4bc.small.jpg','5d144ace-28d7-4eef-bfaf-5b586a9dc4bc.mid.jpg','5d144ace-28d7-4eef-bfaf-5b586a9dc4bc.original.jpg','2013-10-11 06:20:07'),(203,55,'42c17288-99f1-46ad-956b-e4cbf0c7a5f3.small.jpg','42c17288-99f1-46ad-956b-e4cbf0c7a5f3.mid.jpg','42c17288-99f1-46ad-956b-e4cbf0c7a5f3.original.jpg','2013-10-11 06:20:08'),(204,55,'b8807766-e3bf-476e-a8de-0ba04be7f05a.small.jpg','b8807766-e3bf-476e-a8de-0ba04be7f05a.mid.jpg','b8807766-e3bf-476e-a8de-0ba04be7f05a.original.jpg','2013-10-11 06:20:09'),(205,55,'eafdeb30-da35-416e-a167-105c2745c804.small.jpg','eafdeb30-da35-416e-a167-105c2745c804.mid.jpg','eafdeb30-da35-416e-a167-105c2745c804.original.jpg','2013-10-11 06:20:10'),(206,55,'aa91552e-6cf0-45b3-8823-194433266637.small.jpg','aa91552e-6cf0-45b3-8823-194433266637.mid.jpg','aa91552e-6cf0-45b3-8823-194433266637.original.jpg','2013-10-11 06:20:11'),(207,55,'d4bb526c-7f66-44d0-a21a-cd31d177be5e.small.jpg','d4bb526c-7f66-44d0-a21a-cd31d177be5e.mid.jpg','d4bb526c-7f66-44d0-a21a-cd31d177be5e.original.jpg','2013-10-11 06:20:12'),(208,55,'b18f855f-d126-4868-9239-becaf5f4a89f.small.jpg','b18f855f-d126-4868-9239-becaf5f4a89f.mid.jpg','b18f855f-d126-4868-9239-becaf5f4a89f.original.jpg','2013-10-11 06:20:12'),(209,55,'5944e60e-6bd2-4ef4-909d-d4b388818b8a.small.jpg','5944e60e-6bd2-4ef4-909d-d4b388818b8a.mid.jpg','5944e60e-6bd2-4ef4-909d-d4b388818b8a.original.jpg','2013-10-11 06:20:13'),(210,55,'a57752d7-8a42-49e0-9ae5-1ca45b78a51d.small.jpg','a57752d7-8a42-49e0-9ae5-1ca45b78a51d.mid.jpg','a57752d7-8a42-49e0-9ae5-1ca45b78a51d.original.jpg','2013-10-11 06:20:15'),(211,56,'2f8192c0-ed6b-43ef-9240-478e32206a5b.small.jpg','2f8192c0-ed6b-43ef-9240-478e32206a5b.mid.jpg','2f8192c0-ed6b-43ef-9240-478e32206a5b.original.jpg','2013-10-11 06:20:21'),(212,56,'37d27394-c6be-40ed-84cd-f9a9285c1965.small.jpg','37d27394-c6be-40ed-84cd-f9a9285c1965.mid.jpg','37d27394-c6be-40ed-84cd-f9a9285c1965.original.jpg','2013-10-11 06:20:21'),(213,56,'f4edeae2-d429-4679-a0b9-11b4d721e140.small.jpg','f4edeae2-d429-4679-a0b9-11b4d721e140.mid.jpg','f4edeae2-d429-4679-a0b9-11b4d721e140.original.jpg','2013-10-11 06:20:22'),(214,56,'e718eef5-31ef-4fe1-a2f3-caeb38bfb2a3.small.jpg','e718eef5-31ef-4fe1-a2f3-caeb38bfb2a3.mid.jpg','e718eef5-31ef-4fe1-a2f3-caeb38bfb2a3.original.jpg','2013-10-11 06:20:23'),(215,56,'1774ef9a-bfd6-449e-a74e-4b2f5e5c561f.small.jpg','1774ef9a-bfd6-449e-a74e-4b2f5e5c561f.mid.jpg','1774ef9a-bfd6-449e-a74e-4b2f5e5c561f.original.jpg','2013-10-11 06:20:24'),(216,56,'ff13530b-c53e-4365-8aef-c146a0a47aa9.small.jpg','ff13530b-c53e-4365-8aef-c146a0a47aa9.mid.jpg','ff13530b-c53e-4365-8aef-c146a0a47aa9.original.jpg','2013-10-11 06:20:26'),(217,56,'58992c05-9629-4528-a0bc-4366b0166478.small.jpg','58992c05-9629-4528-a0bc-4366b0166478.mid.jpg','58992c05-9629-4528-a0bc-4366b0166478.original.jpg','2013-10-11 06:20:26'),(218,57,'761a3b08-ba2b-4667-bb40-2e5c528cd4b3.small.jpg','761a3b08-ba2b-4667-bb40-2e5c528cd4b3.mid.jpg','761a3b08-ba2b-4667-bb40-2e5c528cd4b3.original.jpg','2013-10-11 06:20:31'),(219,57,'0daf5477-4f5b-48d3-9bc5-20611ddd27bf.small.jpg','0daf5477-4f5b-48d3-9bc5-20611ddd27bf.mid.jpg','0daf5477-4f5b-48d3-9bc5-20611ddd27bf.original.jpg','2013-10-11 06:20:32'),(220,57,'e7e6caa4-22a6-4ce3-aed9-377abba0d2c8.small.jpg','e7e6caa4-22a6-4ce3-aed9-377abba0d2c8.mid.jpg','e7e6caa4-22a6-4ce3-aed9-377abba0d2c8.original.jpg','2013-10-11 06:20:33'),(221,57,'1c29dcc3-9435-415a-954a-c1fb0f59960a.small.jpg','1c29dcc3-9435-415a-954a-c1fb0f59960a.mid.jpg','1c29dcc3-9435-415a-954a-c1fb0f59960a.original.jpg','2013-10-11 06:20:35'),(222,57,'d858a6a2-b84d-4cd9-9ec9-4d3996eaa6a0.small.jpg','d858a6a2-b84d-4cd9-9ec9-4d3996eaa6a0.mid.jpg','d858a6a2-b84d-4cd9-9ec9-4d3996eaa6a0.original.jpg','2013-10-11 06:20:35'),(223,57,'d133f00b-bdf9-4da6-b3e0-44d5ed5fe3e0.small.jpg','d133f00b-bdf9-4da6-b3e0-44d5ed5fe3e0.mid.jpg','d133f00b-bdf9-4da6-b3e0-44d5ed5fe3e0.original.jpg','2013-10-11 06:20:36'),(224,57,'81b87959-3640-4da9-bac5-a5e4b4dd1b75.small.jpg','81b87959-3640-4da9-bac5-a5e4b4dd1b75.mid.jpg','81b87959-3640-4da9-bac5-a5e4b4dd1b75.original.jpg','2013-10-11 06:20:37'),(225,57,'3de47894-2ea9-41e3-947e-c9ce336d055e.small.jpg','3de47894-2ea9-41e3-947e-c9ce336d055e.mid.jpg','3de47894-2ea9-41e3-947e-c9ce336d055e.original.jpg','2013-10-11 06:20:37'),(226,57,'8f5adedb-e32a-4a24-8ff1-0d8cf8038945.small.jpg','8f5adedb-e32a-4a24-8ff1-0d8cf8038945.mid.jpg','8f5adedb-e32a-4a24-8ff1-0d8cf8038945.original.jpg','2013-10-11 06:20:38'),(227,57,'b400bfce-ad85-4ad4-8eb9-24a75eb279a9.small.jpg','b400bfce-ad85-4ad4-8eb9-24a75eb279a9.mid.jpg','b400bfce-ad85-4ad4-8eb9-24a75eb279a9.original.jpg','2013-10-11 06:20:38'),(228,58,'e36b8900-6fa7-469d-b41a-d33e1b9d423d.small.jpg','e36b8900-6fa7-469d-b41a-d33e1b9d423d.mid.jpg','e36b8900-6fa7-469d-b41a-d33e1b9d423d.original.jpg','2013-10-11 06:20:43'),(229,59,'97dd05e7-2ebc-490b-8010-13f61d0ab257.small.jpg','97dd05e7-2ebc-490b-8010-13f61d0ab257.mid.jpg','97dd05e7-2ebc-490b-8010-13f61d0ab257.original.jpg','2013-10-11 06:20:48'),(230,59,'d69bff0c-ae14-4cbd-a379-c89ddbc3b129.small.jpg','d69bff0c-ae14-4cbd-a379-c89ddbc3b129.mid.jpg','d69bff0c-ae14-4cbd-a379-c89ddbc3b129.original.jpg','2013-10-11 06:20:49'),(231,59,'fef66cfa-5f3c-4007-abd8-812ffd571245.small.jpg','fef66cfa-5f3c-4007-abd8-812ffd571245.mid.jpg','fef66cfa-5f3c-4007-abd8-812ffd571245.original.jpg','2013-10-11 06:20:50'),(232,59,'eceaaa23-bfd5-43fb-84d6-ba2c07df70e5.small.jpg','eceaaa23-bfd5-43fb-84d6-ba2c07df70e5.mid.jpg','eceaaa23-bfd5-43fb-84d6-ba2c07df70e5.original.jpg','2013-10-11 06:20:51'),(233,59,'4ef63bad-9e1e-4ff8-a43e-78777f1d20dd.small.jpg','4ef63bad-9e1e-4ff8-a43e-78777f1d20dd.mid.jpg','4ef63bad-9e1e-4ff8-a43e-78777f1d20dd.original.jpg','2013-10-11 06:20:52'),(234,59,'8e7622a5-8542-4873-a0ef-a4fb088a8cd6.small.jpg','8e7622a5-8542-4873-a0ef-a4fb088a8cd6.mid.jpg','8e7622a5-8542-4873-a0ef-a4fb088a8cd6.original.jpg','2013-10-11 06:20:53'),(235,59,'2716761b-1b80-4a66-b1ae-e874b6428e8b.small.jpg','2716761b-1b80-4a66-b1ae-e874b6428e8b.mid.jpg','2716761b-1b80-4a66-b1ae-e874b6428e8b.original.jpg','2013-10-11 06:20:54'),(236,59,'e9bbac30-213a-40cd-81b0-cb0bfcc68895.small.jpg','e9bbac30-213a-40cd-81b0-cb0bfcc68895.mid.jpg','e9bbac30-213a-40cd-81b0-cb0bfcc68895.original.jpg','2013-10-11 06:20:55'),(237,60,'9d41e435-a61c-4b40-9818-f623b1adf9d8.small.jpg','9d41e435-a61c-4b40-9818-f623b1adf9d8.mid.jpg','9d41e435-a61c-4b40-9818-f623b1adf9d8.original.jpg','2013-10-11 06:21:00'),(238,60,'5605d556-0d1b-4d6c-a421-3165d038b9fd.small.jpg','5605d556-0d1b-4d6c-a421-3165d038b9fd.mid.jpg','5605d556-0d1b-4d6c-a421-3165d038b9fd.original.jpg','2013-10-11 06:21:01'),(239,60,'163738f5-1557-46c1-b900-7ea40cda2149.small.jpg','163738f5-1557-46c1-b900-7ea40cda2149.mid.jpg','163738f5-1557-46c1-b900-7ea40cda2149.original.jpg','2013-10-11 06:21:01'),(240,60,'f2679d15-c269-4084-b765-ebd815997c6c.small.jpg','f2679d15-c269-4084-b765-ebd815997c6c.mid.jpg','f2679d15-c269-4084-b765-ebd815997c6c.original.jpg','2013-10-11 06:21:02'),(241,60,'5ad9320f-12d7-4cb2-b109-efd4efee5b15.small.jpg','5ad9320f-12d7-4cb2-b109-efd4efee5b15.mid.jpg','5ad9320f-12d7-4cb2-b109-efd4efee5b15.original.jpg','2013-10-11 06:21:02'),(242,61,'07a594cf-4ff8-4efb-9ebb-d6b63b330ebc.small.jpg','07a594cf-4ff8-4efb-9ebb-d6b63b330ebc.mid.jpg','07a594cf-4ff8-4efb-9ebb-d6b63b330ebc.original.jpg','2013-10-11 06:21:08'),(243,61,'d280390b-a9ff-411a-8a7c-e51cb459c52f.small.jpg','d280390b-a9ff-411a-8a7c-e51cb459c52f.mid.jpg','d280390b-a9ff-411a-8a7c-e51cb459c52f.original.jpg','2013-10-11 06:21:08'),(244,61,'fd3444e3-9d5b-49ae-9062-0f2408d31772.small.jpg','fd3444e3-9d5b-49ae-9062-0f2408d31772.mid.jpg','fd3444e3-9d5b-49ae-9062-0f2408d31772.original.jpg','2013-10-11 06:21:10'),(245,61,'d81490f3-1262-4b73-9b76-2ab5962d5195.small.jpg','d81490f3-1262-4b73-9b76-2ab5962d5195.mid.jpg','d81490f3-1262-4b73-9b76-2ab5962d5195.original.jpg','2013-10-11 06:21:11'),(246,61,'f4cb1dd2-fa19-4141-8044-543ff237bd43.small.jpg','f4cb1dd2-fa19-4141-8044-543ff237bd43.mid.jpg','f4cb1dd2-fa19-4141-8044-543ff237bd43.original.jpg','2013-10-11 06:21:12'),(247,61,'cac2c228-44d7-4ef0-9609-6e2a9b0aa98e.small.jpg','cac2c228-44d7-4ef0-9609-6e2a9b0aa98e.mid.jpg','cac2c228-44d7-4ef0-9609-6e2a9b0aa98e.original.jpg','2013-10-11 06:21:13'),(248,61,'a1d8f4fe-2a99-48c0-a523-66d9fbeed92c.small.jpg','a1d8f4fe-2a99-48c0-a523-66d9fbeed92c.mid.jpg','a1d8f4fe-2a99-48c0-a523-66d9fbeed92c.original.jpg','2013-10-11 06:21:13'),(249,61,'5515932b-ec5c-4e75-aba9-0601480d3c9e.small.jpg','5515932b-ec5c-4e75-aba9-0601480d3c9e.mid.jpg','5515932b-ec5c-4e75-aba9-0601480d3c9e.original.jpg','2013-10-11 06:21:15'),(250,62,'c9035e0b-7d32-4f67-9d3a-e82bd6591256.small.jpg','c9035e0b-7d32-4f67-9d3a-e82bd6591256.mid.jpg','c9035e0b-7d32-4f67-9d3a-e82bd6591256.original.jpg','2013-10-11 06:21:21'),(251,62,'1822afe3-3ee0-4c40-96f3-a05f1663c16b.small.jpg','1822afe3-3ee0-4c40-96f3-a05f1663c16b.mid.jpg','1822afe3-3ee0-4c40-96f3-a05f1663c16b.original.jpg','2013-10-11 06:21:21'),(252,62,'eff8c679-1b65-4bef-99a1-67b64cdc7782.small.jpg','eff8c679-1b65-4bef-99a1-67b64cdc7782.mid.jpg','eff8c679-1b65-4bef-99a1-67b64cdc7782.original.jpg','2013-10-11 06:21:22'),(253,62,'2f300e09-2572-403d-bc67-f773b633a4b6.small.jpg','2f300e09-2572-403d-bc67-f773b633a4b6.mid.jpg','2f300e09-2572-403d-bc67-f773b633a4b6.original.jpg','2013-10-11 06:21:22'),(254,62,'0fd01b0d-a8f3-4a78-b49b-a884e5f2d44f.small.jpg','0fd01b0d-a8f3-4a78-b49b-a884e5f2d44f.mid.jpg','0fd01b0d-a8f3-4a78-b49b-a884e5f2d44f.original.jpg','2013-10-11 06:21:22'),(255,62,'b5232570-1477-465c-ad1b-0969f7075c23.small.jpg','b5232570-1477-465c-ad1b-0969f7075c23.mid.jpg','b5232570-1477-465c-ad1b-0969f7075c23.original.jpg','2013-10-11 06:21:23'),(256,62,'c859f10f-8fdf-4be2-935e-577a21d1a027.small.jpg','c859f10f-8fdf-4be2-935e-577a21d1a027.mid.jpg','c859f10f-8fdf-4be2-935e-577a21d1a027.original.jpg','2013-10-11 06:21:24'),(257,63,'50678745-b828-44b6-862a-6f9d84278f47.small.jpg','50678745-b828-44b6-862a-6f9d84278f47.mid.jpg','50678745-b828-44b6-862a-6f9d84278f47.original.jpg','2013-10-11 06:21:27'),(258,63,'f033268b-ccfa-4b34-a7ec-71d4e61c009c.small.jpg','f033268b-ccfa-4b34-a7ec-71d4e61c009c.mid.jpg','f033268b-ccfa-4b34-a7ec-71d4e61c009c.original.jpg','2013-10-11 06:21:28'),(259,63,'adb3a1ec-e027-4341-961e-6b170b2a1ebe.small.jpg','adb3a1ec-e027-4341-961e-6b170b2a1ebe.mid.jpg','adb3a1ec-e027-4341-961e-6b170b2a1ebe.original.jpg','2013-10-11 06:21:29'),(260,63,'5f38fc0d-8907-44b5-9fe9-cd9952213d21.small.jpg','5f38fc0d-8907-44b5-9fe9-cd9952213d21.mid.jpg','5f38fc0d-8907-44b5-9fe9-cd9952213d21.original.jpg','2013-10-11 06:21:30'),(261,63,'05f8b639-b184-488c-9c62-6c5ad4188ecf.small.jpg','05f8b639-b184-488c-9c62-6c5ad4188ecf.mid.jpg','05f8b639-b184-488c-9c62-6c5ad4188ecf.original.jpg','2013-10-11 06:21:32'),(262,63,'dd60ea5b-b362-4a6b-b2f2-3634fc80063e.small.jpg','dd60ea5b-b362-4a6b-b2f2-3634fc80063e.mid.jpg','dd60ea5b-b362-4a6b-b2f2-3634fc80063e.original.jpg','2013-10-11 06:21:33'),(263,64,'2d575940-b210-4bdd-b190-ade15cd13bfa.small.jpg','2d575940-b210-4bdd-b190-ade15cd13bfa.mid.jpg','2d575940-b210-4bdd-b190-ade15cd13bfa.original.jpg','2013-10-11 06:21:37'),(264,64,'218ac69f-658a-4df7-b40c-e9ee7811d190.small.jpg','218ac69f-658a-4df7-b40c-e9ee7811d190.mid.jpg','218ac69f-658a-4df7-b40c-e9ee7811d190.original.jpg','2013-10-11 06:21:37'),(265,64,'a89dbf2c-5654-43ca-ae90-2367fcf7b720.small.jpg','a89dbf2c-5654-43ca-ae90-2367fcf7b720.mid.jpg','a89dbf2c-5654-43ca-ae90-2367fcf7b720.original.jpg','2013-10-11 06:21:38'),(266,64,'a4212387-e876-4339-a4dc-31a3b7954a41.small.jpg','a4212387-e876-4339-a4dc-31a3b7954a41.mid.jpg','a4212387-e876-4339-a4dc-31a3b7954a41.original.jpg','2013-10-11 06:21:38'),(267,64,'6f6ee98d-e56a-42d5-96bd-2e39501f5acc.small.jpg','6f6ee98d-e56a-42d5-96bd-2e39501f5acc.mid.jpg','6f6ee98d-e56a-42d5-96bd-2e39501f5acc.original.jpg','2013-10-11 06:21:40'),(268,64,'a4a32a55-f6e8-4f43-90a7-e0d436f5d302.small.jpg','a4a32a55-f6e8-4f43-90a7-e0d436f5d302.mid.jpg','a4a32a55-f6e8-4f43-90a7-e0d436f5d302.original.jpg','2013-10-11 06:21:41'),(269,64,'1cea0825-e759-438f-b895-2c1f4085928f.small.jpg','1cea0825-e759-438f-b895-2c1f4085928f.mid.jpg','1cea0825-e759-438f-b895-2c1f4085928f.original.jpg','2013-10-11 06:21:41'),(270,64,'c1289cc3-9f04-4094-bf67-fabb23b19524.small.jpg','c1289cc3-9f04-4094-bf67-fabb23b19524.mid.jpg','c1289cc3-9f04-4094-bf67-fabb23b19524.original.jpg','2013-10-11 06:21:42'),(271,64,'52fd9e3e-ce49-47f1-8642-b14ffa6f3b42.small.jpg','52fd9e3e-ce49-47f1-8642-b14ffa6f3b42.mid.jpg','52fd9e3e-ce49-47f1-8642-b14ffa6f3b42.original.jpg','2013-10-11 06:21:42'),(272,64,'047ff40d-69de-480f-b734-ce006f7d0faf.small.jpg','047ff40d-69de-480f-b734-ce006f7d0faf.mid.jpg','047ff40d-69de-480f-b734-ce006f7d0faf.original.jpg','2013-10-11 06:21:44'),(273,65,'b7102edb-09ed-4ddf-8ede-a241bf099344.small.jpg','b7102edb-09ed-4ddf-8ede-a241bf099344.mid.jpg','b7102edb-09ed-4ddf-8ede-a241bf099344.original.jpg','2013-10-11 06:21:48'),(274,65,'891f6dcf-ae96-417d-b242-489365172e8e.small.jpg','891f6dcf-ae96-417d-b242-489365172e8e.mid.jpg','891f6dcf-ae96-417d-b242-489365172e8e.original.jpg','2013-10-11 06:21:48'),(275,65,'3c5b2e0c-330b-445b-884e-5184e55e62da.small.jpg','3c5b2e0c-330b-445b-884e-5184e55e62da.mid.jpg','3c5b2e0c-330b-445b-884e-5184e55e62da.original.jpg','2013-10-11 06:21:49'),(276,66,'3e996000-2b2e-4cbe-a9ea-c1c5af4b5eed.small.jpg','3e996000-2b2e-4cbe-a9ea-c1c5af4b5eed.mid.jpg','3e996000-2b2e-4cbe-a9ea-c1c5af4b5eed.original.jpg','2013-10-11 06:21:52'),(277,66,'bfd39761-309a-4205-b1cb-1b35a23950d3.small.jpg','bfd39761-309a-4205-b1cb-1b35a23950d3.mid.jpg','bfd39761-309a-4205-b1cb-1b35a23950d3.original.jpg','2013-10-11 06:21:53'),(278,66,'15e35252-8418-4427-a2a4-3390b4e81507.small.jpg','15e35252-8418-4427-a2a4-3390b4e81507.mid.jpg','15e35252-8418-4427-a2a4-3390b4e81507.original.jpg','2013-10-11 06:21:53'),(279,66,'89a7ccf7-d12b-40e9-9d57-5e815f1eab6d.small.jpg','89a7ccf7-d12b-40e9-9d57-5e815f1eab6d.mid.jpg','89a7ccf7-d12b-40e9-9d57-5e815f1eab6d.original.jpg','2013-10-11 06:21:54'),(280,66,'bbfff8ce-9ba4-418c-97a2-cf76aefae9a2.small.jpg','bbfff8ce-9ba4-418c-97a2-cf76aefae9a2.mid.jpg','bbfff8ce-9ba4-418c-97a2-cf76aefae9a2.original.jpg','2013-10-11 06:21:55'),(281,67,'ded4a648-3e91-42be-ac71-92409d92141d.small.jpg','ded4a648-3e91-42be-ac71-92409d92141d.mid.jpg','ded4a648-3e91-42be-ac71-92409d92141d.original.jpg','2013-10-11 06:22:03'),(282,67,'b7db40b1-ced6-47d8-aa5d-3fd98031c6a3.small.jpg','b7db40b1-ced6-47d8-aa5d-3fd98031c6a3.mid.jpg','b7db40b1-ced6-47d8-aa5d-3fd98031c6a3.original.jpg','2013-10-11 06:22:05'),(283,67,'a75510a5-5657-4143-bc5c-c8308f0ed8db.small.jpg','a75510a5-5657-4143-bc5c-c8308f0ed8db.mid.jpg','a75510a5-5657-4143-bc5c-c8308f0ed8db.original.jpg','2013-10-11 06:22:06'),(284,67,'f81546c5-291a-4f81-9eaf-7b58da5152e1.small.jpg','f81546c5-291a-4f81-9eaf-7b58da5152e1.mid.jpg','f81546c5-291a-4f81-9eaf-7b58da5152e1.original.jpg','2013-10-11 06:22:07'),(285,67,'4e94bb36-88db-4c97-a78d-73dbf2a0550e.small.jpg','4e94bb36-88db-4c97-a78d-73dbf2a0550e.mid.jpg','4e94bb36-88db-4c97-a78d-73dbf2a0550e.original.jpg','2013-10-11 06:22:07'),(286,67,'851da0c2-4bc5-4ec3-9c0c-fb57f08e1d2c.small.jpg','851da0c2-4bc5-4ec3-9c0c-fb57f08e1d2c.mid.jpg','851da0c2-4bc5-4ec3-9c0c-fb57f08e1d2c.original.jpg','2013-10-11 06:22:08'),(287,67,'b8e607c1-1679-4b18-b8e1-09c263c60763.small.jpg','b8e607c1-1679-4b18-b8e1-09c263c60763.mid.jpg','b8e607c1-1679-4b18-b8e1-09c263c60763.original.jpg','2013-10-11 06:22:08'),(288,67,'898b8c2e-6d0c-4856-9e95-a5a4382ac072.small.jpg','898b8c2e-6d0c-4856-9e95-a5a4382ac072.mid.jpg','898b8c2e-6d0c-4856-9e95-a5a4382ac072.original.jpg','2013-10-11 06:22:09'),(289,68,'346c4659-796d-42ab-9617-78e6f1ae79dd.small.jpg','346c4659-796d-42ab-9617-78e6f1ae79dd.mid.jpg','346c4659-796d-42ab-9617-78e6f1ae79dd.original.jpg','2013-10-11 06:22:13'),(290,68,'b17c899e-b1f2-4f91-b1da-e89df41adec3.small.jpg','b17c899e-b1f2-4f91-b1da-e89df41adec3.mid.jpg','b17c899e-b1f2-4f91-b1da-e89df41adec3.original.jpg','2013-10-11 06:22:14'),(291,68,'877d8863-9577-4ab2-8519-aee065337224.small.jpg','877d8863-9577-4ab2-8519-aee065337224.mid.jpg','877d8863-9577-4ab2-8519-aee065337224.original.jpg','2013-10-11 06:22:15'),(292,68,'48fc62ca-d5c0-4b7b-b0ff-ac0c3155a92c.small.jpg','48fc62ca-d5c0-4b7b-b0ff-ac0c3155a92c.mid.jpg','48fc62ca-d5c0-4b7b-b0ff-ac0c3155a92c.original.jpg','2013-10-11 06:22:16'),(293,68,'05cf1144-70b6-4acf-bde8-26c0bec4bd0a.small.jpg','05cf1144-70b6-4acf-bde8-26c0bec4bd0a.mid.jpg','05cf1144-70b6-4acf-bde8-26c0bec4bd0a.original.jpg','2013-10-11 06:22:17'),(294,69,'c57e6243-93e9-4a7c-b195-cd72696a6798.small.jpg','c57e6243-93e9-4a7c-b195-cd72696a6798.mid.jpg','c57e6243-93e9-4a7c-b195-cd72696a6798.original.jpg','2013-10-11 06:22:20'),(295,69,'8b09eca0-945d-4e7f-adf4-fd6e58b8a474.small.jpg','8b09eca0-945d-4e7f-adf4-fd6e58b8a474.mid.jpg','8b09eca0-945d-4e7f-adf4-fd6e58b8a474.original.jpg','2013-10-11 06:22:20'),(296,69,'e4c6b2a6-a6b2-472b-afbe-43b7b5037b3b.small.jpg','e4c6b2a6-a6b2-472b-afbe-43b7b5037b3b.mid.jpg','e4c6b2a6-a6b2-472b-afbe-43b7b5037b3b.original.jpg','2013-10-11 06:22:20'),(297,69,'643cdfd0-a2ff-48a9-8dc9-24a32080326a.small.jpg','643cdfd0-a2ff-48a9-8dc9-24a32080326a.mid.jpg','643cdfd0-a2ff-48a9-8dc9-24a32080326a.original.jpg','2013-10-11 06:22:21'),(298,69,'f2b4c6e5-0fb9-410f-bf9c-60b1593cf481.small.jpg','f2b4c6e5-0fb9-410f-bf9c-60b1593cf481.mid.jpg','f2b4c6e5-0fb9-410f-bf9c-60b1593cf481.original.jpg','2013-10-11 06:22:21'),(299,69,'5e053541-963b-43b0-bb82-4d6a7ab22be6.small.jpg','5e053541-963b-43b0-bb82-4d6a7ab22be6.mid.jpg','5e053541-963b-43b0-bb82-4d6a7ab22be6.original.jpg','2013-10-11 06:22:22'),(300,69,'1069a623-de64-4808-af8b-5be2af8c2dbb.small.jpg','1069a623-de64-4808-af8b-5be2af8c2dbb.mid.jpg','1069a623-de64-4808-af8b-5be2af8c2dbb.original.jpg','2013-10-11 06:22:23'),(301,69,'d762997a-b998-492a-a172-d36f57d06581.small.jpg','d762997a-b998-492a-a172-d36f57d06581.mid.jpg','d762997a-b998-492a-a172-d36f57d06581.original.jpg','2013-10-11 06:22:24'),(302,70,'758a1b45-59f2-4164-a880-03884dfbfb5b.small.jpg','758a1b45-59f2-4164-a880-03884dfbfb5b.mid.jpg','758a1b45-59f2-4164-a880-03884dfbfb5b.original.jpg','2013-10-11 06:22:27'),(303,70,'8ecc2d83-4723-41ef-85d3-d61224f972e9.small.jpg','8ecc2d83-4723-41ef-85d3-d61224f972e9.mid.jpg','8ecc2d83-4723-41ef-85d3-d61224f972e9.original.jpg','2013-10-11 06:22:28'),(304,70,'a64459ea-9d24-4222-9332-9fd78b5b3d0b.small.jpg','a64459ea-9d24-4222-9332-9fd78b5b3d0b.mid.jpg','a64459ea-9d24-4222-9332-9fd78b5b3d0b.original.jpg','2013-10-11 06:22:28'),(305,70,'6433ff0e-a661-4b8e-ba2d-c5d47a57861b.small.jpg','6433ff0e-a661-4b8e-ba2d-c5d47a57861b.mid.jpg','6433ff0e-a661-4b8e-ba2d-c5d47a57861b.original.jpg','2013-10-11 06:22:29'),(306,70,'9acf50b0-4a85-4c2d-8449-f5f70e1db376.small.jpg','9acf50b0-4a85-4c2d-8449-f5f70e1db376.mid.jpg','9acf50b0-4a85-4c2d-8449-f5f70e1db376.original.jpg','2013-10-11 06:22:30'),(307,70,'916ce41e-3729-457f-8fa8-3faaed9a5ce5.small.jpg','916ce41e-3729-457f-8fa8-3faaed9a5ce5.mid.jpg','916ce41e-3729-457f-8fa8-3faaed9a5ce5.original.jpg','2013-10-11 06:22:31'),(308,71,'17110d1b-ec8d-48aa-b5f0-6c680aa72c20.small.jpg','17110d1b-ec8d-48aa-b5f0-6c680aa72c20.mid.jpg','17110d1b-ec8d-48aa-b5f0-6c680aa72c20.original.jpg','2013-10-11 06:22:33'),(309,71,'7bcb0525-51d1-4f9c-8f28-07f333c258e4.small.jpg','7bcb0525-51d1-4f9c-8f28-07f333c258e4.mid.jpg','7bcb0525-51d1-4f9c-8f28-07f333c258e4.original.jpg','2013-10-11 06:22:34'),(310,71,'3fe5652e-a39e-48e5-82c8-312f588e5a19.small.jpg','3fe5652e-a39e-48e5-82c8-312f588e5a19.mid.jpg','3fe5652e-a39e-48e5-82c8-312f588e5a19.original.jpg','2013-10-11 06:22:35'),(311,71,'6778aa1a-b792-4c5d-b11c-e031169acf90.small.jpg','6778aa1a-b792-4c5d-b11c-e031169acf90.mid.jpg','6778aa1a-b792-4c5d-b11c-e031169acf90.original.jpg','2013-10-11 06:22:35'),(312,71,'aedfbb99-9378-443a-af12-e0b69ada302f.small.jpg','aedfbb99-9378-443a-af12-e0b69ada302f.mid.jpg','aedfbb99-9378-443a-af12-e0b69ada302f.original.jpg','2013-10-11 06:22:36'),(313,72,'baf82beb-e291-4779-9c16-9a6908e582d8.small.jpg','baf82beb-e291-4779-9c16-9a6908e582d8.mid.jpg','baf82beb-e291-4779-9c16-9a6908e582d8.original.jpg','2013-10-11 06:22:40'),(314,72,'5d0225e9-3a57-4f7f-a85c-3063baa9fad3.small.jpg','5d0225e9-3a57-4f7f-a85c-3063baa9fad3.mid.jpg','5d0225e9-3a57-4f7f-a85c-3063baa9fad3.original.jpg','2013-10-11 06:22:40'),(315,72,'4f77b83e-7a43-4f3b-88a4-7009c56515dd.small.jpg','4f77b83e-7a43-4f3b-88a4-7009c56515dd.mid.jpg','4f77b83e-7a43-4f3b-88a4-7009c56515dd.original.jpg','2013-10-11 06:22:41'),(316,72,'5c841028-84f1-4953-a105-c7ee9968a9b6.small.jpg','5c841028-84f1-4953-a105-c7ee9968a9b6.mid.jpg','5c841028-84f1-4953-a105-c7ee9968a9b6.original.jpg','2013-10-11 06:22:42'),(317,72,'84801a69-0fff-4ead-8fb0-338500738943.small.jpg','84801a69-0fff-4ead-8fb0-338500738943.mid.jpg','84801a69-0fff-4ead-8fb0-338500738943.original.jpg','2013-10-11 06:22:42'),(318,72,'72c71bfe-7d39-4144-82bb-b875ce68922f.small.jpg','72c71bfe-7d39-4144-82bb-b875ce68922f.mid.jpg','72c71bfe-7d39-4144-82bb-b875ce68922f.original.jpg','2013-10-11 06:22:43'),(319,73,'63ea88f1-ff94-437c-80b5-26aff04879f2.small.jpg','63ea88f1-ff94-437c-80b5-26aff04879f2.mid.jpg','63ea88f1-ff94-437c-80b5-26aff04879f2.original.jpg','2013-10-11 06:22:47'),(320,73,'1c3b7fd6-d9c9-473f-913d-09a7e9ef2753.small.jpg','1c3b7fd6-d9c9-473f-913d-09a7e9ef2753.mid.jpg','1c3b7fd6-d9c9-473f-913d-09a7e9ef2753.original.jpg','2013-10-11 06:22:48'),(321,73,'c55cdf8e-2342-4fc8-b644-cce4bda0fc9c.small.jpg','c55cdf8e-2342-4fc8-b644-cce4bda0fc9c.mid.jpg','c55cdf8e-2342-4fc8-b644-cce4bda0fc9c.original.jpg','2013-10-11 06:22:49'),(322,73,'1340aa7e-b951-4ee6-8011-49c763a8ee15.small.jpg','1340aa7e-b951-4ee6-8011-49c763a8ee15.mid.jpg','1340aa7e-b951-4ee6-8011-49c763a8ee15.original.jpg','2013-10-11 06:22:50'),(323,73,'4226c72f-aa3b-46b8-91ee-f78d7bd8a676.small.jpg','4226c72f-aa3b-46b8-91ee-f78d7bd8a676.mid.jpg','4226c72f-aa3b-46b8-91ee-f78d7bd8a676.original.jpg','2013-10-11 06:22:50'),(324,73,'93c081d3-4460-411b-a88c-51275f235ec9.small.jpg','93c081d3-4460-411b-a88c-51275f235ec9.mid.jpg','93c081d3-4460-411b-a88c-51275f235ec9.original.jpg','2013-10-11 06:22:51'),(325,74,'9ebcfa7e-1969-4b5a-ba48-8028196dbcea.small.jpg','9ebcfa7e-1969-4b5a-ba48-8028196dbcea.mid.jpg','9ebcfa7e-1969-4b5a-ba48-8028196dbcea.original.jpg','2013-10-11 06:22:57'),(326,74,'848697eb-12bb-4c85-a087-48fbe7f8315e.small.jpg','848697eb-12bb-4c85-a087-48fbe7f8315e.mid.jpg','848697eb-12bb-4c85-a087-48fbe7f8315e.original.jpg','2013-10-11 06:22:58'),(327,74,'3076a3a7-c3df-489e-bc10-acdf421f8dff.small.jpg','3076a3a7-c3df-489e-bc10-acdf421f8dff.mid.jpg','3076a3a7-c3df-489e-bc10-acdf421f8dff.original.jpg','2013-10-11 06:22:58'),(328,74,'c934272d-2644-4abd-9b53-aabd10c72b09.small.jpg','c934272d-2644-4abd-9b53-aabd10c72b09.mid.jpg','c934272d-2644-4abd-9b53-aabd10c72b09.original.jpg','2013-10-11 06:23:00'),(329,74,'65032538-52a9-4c55-b757-cd4302818225.small.jpg','65032538-52a9-4c55-b757-cd4302818225.mid.jpg','65032538-52a9-4c55-b757-cd4302818225.original.jpg','2013-10-11 06:23:00'),(330,74,'0196b76f-4363-41e4-a991-1161d2e36654.small.jpg','0196b76f-4363-41e4-a991-1161d2e36654.mid.jpg','0196b76f-4363-41e4-a991-1161d2e36654.original.jpg','2013-10-11 06:23:01'),(331,74,'fc784fa7-17f7-4462-b305-f292b4809c5f.small.jpg','fc784fa7-17f7-4462-b305-f292b4809c5f.mid.jpg','fc784fa7-17f7-4462-b305-f292b4809c5f.original.jpg','2013-10-11 06:23:02'),(332,74,'65e95b26-2e89-4962-be03-aaf0f8ea8efc.small.jpg','65e95b26-2e89-4962-be03-aaf0f8ea8efc.mid.jpg','65e95b26-2e89-4962-be03-aaf0f8ea8efc.original.jpg','2013-10-11 06:23:03'),(333,74,'e4d7ad6f-3eaf-458d-a141-acc3629c40c5.small.jpg','e4d7ad6f-3eaf-458d-a141-acc3629c40c5.mid.jpg','e4d7ad6f-3eaf-458d-a141-acc3629c40c5.original.jpg','2013-10-11 06:23:04'),(334,74,'608db442-a491-4007-9316-38411dfdc471.small.jpg','608db442-a491-4007-9316-38411dfdc471.mid.jpg','608db442-a491-4007-9316-38411dfdc471.original.jpg','2013-10-11 06:23:05'),(335,75,'ce037258-b4fb-4049-bc4e-bc6f901da7cb.small.jpg','ce037258-b4fb-4049-bc4e-bc6f901da7cb.mid.jpg','ce037258-b4fb-4049-bc4e-bc6f901da7cb.original.jpg','2013-10-11 06:23:07'),(336,75,'4b44924a-9d85-4ebb-9a27-27745a446e57.small.jpg','4b44924a-9d85-4ebb-9a27-27745a446e57.mid.jpg','4b44924a-9d85-4ebb-9a27-27745a446e57.original.jpg','2013-10-11 06:23:08'),(337,75,'037230f3-79c2-469c-b3e5-93ed625c3984.small.jpg','037230f3-79c2-469c-b3e5-93ed625c3984.mid.jpg','037230f3-79c2-469c-b3e5-93ed625c3984.original.jpg','2013-10-11 06:23:09'),(338,75,'0ad316ea-a14a-4b71-b702-4b9dadcc4743.small.jpg','0ad316ea-a14a-4b71-b702-4b9dadcc4743.mid.jpg','0ad316ea-a14a-4b71-b702-4b9dadcc4743.original.jpg','2013-10-11 06:23:09'),(339,75,'029195e6-5be3-4d81-b703-d5297ba5b934.small.jpg','029195e6-5be3-4d81-b703-d5297ba5b934.mid.jpg','029195e6-5be3-4d81-b703-d5297ba5b934.original.jpg','2013-10-11 06:23:11'),(340,75,'00d94d35-0ba9-4759-a269-2907bba467d2.small.jpg','00d94d35-0ba9-4759-a269-2907bba467d2.mid.jpg','00d94d35-0ba9-4759-a269-2907bba467d2.original.jpg','2013-10-11 06:23:11'),(341,76,'1dadf0d6-b24e-43d8-a6d6-dec066a1e44c.small.jpg','1dadf0d6-b24e-43d8-a6d6-dec066a1e44c.mid.jpg','1dadf0d6-b24e-43d8-a6d6-dec066a1e44c.original.jpg','2013-10-11 06:23:15'),(342,76,'776e4598-5e56-4b9b-af97-7fae8cdaca18.small.jpg','776e4598-5e56-4b9b-af97-7fae8cdaca18.mid.jpg','776e4598-5e56-4b9b-af97-7fae8cdaca18.original.jpg','2013-10-11 06:23:15'),(343,76,'03a08921-86e4-4469-9518-643ec226759b.small.jpg','03a08921-86e4-4469-9518-643ec226759b.mid.jpg','03a08921-86e4-4469-9518-643ec226759b.original.jpg','2013-10-11 06:23:16'),(344,76,'b4e01ba0-1262-4f64-8d66-9878087de6b6.small.jpg','b4e01ba0-1262-4f64-8d66-9878087de6b6.mid.jpg','b4e01ba0-1262-4f64-8d66-9878087de6b6.original.jpg','2013-10-11 06:23:18'),(345,77,'d9d3fdae-6f04-41cf-85a6-17f2c91ae9a2.small.jpg','d9d3fdae-6f04-41cf-85a6-17f2c91ae9a2.mid.jpg','d9d3fdae-6f04-41cf-85a6-17f2c91ae9a2.original.jpg','2013-10-11 06:23:22'),(346,77,'ce4274b0-a427-44e7-a95a-e8ee2b9c46f0.small.jpg','ce4274b0-a427-44e7-a95a-e8ee2b9c46f0.mid.jpg','ce4274b0-a427-44e7-a95a-e8ee2b9c46f0.original.jpg','2013-10-11 06:23:23'),(347,77,'5295e3b4-45e3-40f2-bddd-769dadca8180.small.jpg','5295e3b4-45e3-40f2-bddd-769dadca8180.mid.jpg','5295e3b4-45e3-40f2-bddd-769dadca8180.original.jpg','2013-10-11 06:23:23'),(348,77,'7b836026-93e4-4d3c-9269-43a665e38a5a.small.jpg','7b836026-93e4-4d3c-9269-43a665e38a5a.mid.jpg','7b836026-93e4-4d3c-9269-43a665e38a5a.original.jpg','2013-10-11 06:23:24'),(349,77,'c7db9e3e-a810-4c05-896c-eadaa7aa83db.small.jpg','c7db9e3e-a810-4c05-896c-eadaa7aa83db.mid.jpg','c7db9e3e-a810-4c05-896c-eadaa7aa83db.original.jpg','2013-10-11 06:23:24'),(350,77,'484ddd37-4543-4f26-ad49-a4d044eba7f1.small.jpg','484ddd37-4543-4f26-ad49-a4d044eba7f1.mid.jpg','484ddd37-4543-4f26-ad49-a4d044eba7f1.original.jpg','2013-10-11 06:23:25'),(351,77,'272d5441-70fc-4516-ac73-d17aed6acb01.small.jpg','272d5441-70fc-4516-ac73-d17aed6acb01.mid.jpg','272d5441-70fc-4516-ac73-d17aed6acb01.original.jpg','2013-10-11 06:23:25'),(352,78,'bbd051d3-5063-4122-a6b3-d880092f51ab.small.jpg','bbd051d3-5063-4122-a6b3-d880092f51ab.mid.jpg','bbd051d3-5063-4122-a6b3-d880092f51ab.original.jpg','2013-10-11 06:23:29'),(353,78,'8d6d78b6-94c8-4d44-879f-557263e03ad9.small.jpg','8d6d78b6-94c8-4d44-879f-557263e03ad9.mid.jpg','8d6d78b6-94c8-4d44-879f-557263e03ad9.original.jpg','2013-10-11 06:23:30'),(354,78,'46173b67-e518-46ee-b87c-f93642356e44.small.jpg','46173b67-e518-46ee-b87c-f93642356e44.mid.jpg','46173b67-e518-46ee-b87c-f93642356e44.original.jpg','2013-10-11 06:23:31'),(355,78,'ee71e67c-e318-488c-9b9a-45b1fe0ae120.small.jpg','ee71e67c-e318-488c-9b9a-45b1fe0ae120.mid.jpg','ee71e67c-e318-488c-9b9a-45b1fe0ae120.original.jpg','2013-10-11 06:23:33'),(356,78,'3ed94de0-4070-40c0-9356-d3ae9e935d25.small.jpg','3ed94de0-4070-40c0-9356-d3ae9e935d25.mid.jpg','3ed94de0-4070-40c0-9356-d3ae9e935d25.original.jpg','2013-10-11 06:23:33'),(357,78,'44f9bd09-00af-4dcb-8b7a-f63979044a86.small.jpg','44f9bd09-00af-4dcb-8b7a-f63979044a86.mid.jpg','44f9bd09-00af-4dcb-8b7a-f63979044a86.original.jpg','2013-10-11 06:23:34'),(358,79,'4ce3a73a-f989-4588-a29d-c86dab483b58.small.jpg','4ce3a73a-f989-4588-a29d-c86dab483b58.mid.jpg','4ce3a73a-f989-4588-a29d-c86dab483b58.original.jpg','2013-10-11 06:23:38'),(359,79,'d04dae7e-154c-4e4e-ab53-1a20c85415f0.small.jpg','d04dae7e-154c-4e4e-ab53-1a20c85415f0.mid.jpg','d04dae7e-154c-4e4e-ab53-1a20c85415f0.original.jpg','2013-10-11 06:23:39'),(360,79,'69c36067-25d8-4db5-8554-ce7da8fdbfae.small.jpg','69c36067-25d8-4db5-8554-ce7da8fdbfae.mid.jpg','69c36067-25d8-4db5-8554-ce7da8fdbfae.original.jpg','2013-10-11 06:23:41'),(361,79,'9483ec0c-c7e8-421c-9397-fa4785a1e38f.small.jpg','9483ec0c-c7e8-421c-9397-fa4785a1e38f.mid.jpg','9483ec0c-c7e8-421c-9397-fa4785a1e38f.original.jpg','2013-10-11 06:23:42'),(362,79,'57b02c82-c176-4991-9499-f8c3fb08a53c.small.jpg','57b02c82-c176-4991-9499-f8c3fb08a53c.mid.jpg','57b02c82-c176-4991-9499-f8c3fb08a53c.original.jpg','2013-10-11 06:23:42'),(363,80,'9299ad3b-2a87-49b6-8d68-b5313cc183b4.small.jpg','9299ad3b-2a87-49b6-8d68-b5313cc183b4.mid.jpg','9299ad3b-2a87-49b6-8d68-b5313cc183b4.original.jpg','2013-10-11 06:23:46'),(364,81,'fe17ac72-72bb-4e8d-a6c0-521adbe41959.small.jpg','fe17ac72-72bb-4e8d-a6c0-521adbe41959.mid.jpg','fe17ac72-72bb-4e8d-a6c0-521adbe41959.original.jpg','2013-10-11 06:23:50'),(365,81,'347869da-acc4-4354-a59a-a76c2f38a97e.small.jpg','347869da-acc4-4354-a59a-a76c2f38a97e.mid.jpg','347869da-acc4-4354-a59a-a76c2f38a97e.original.jpg','2013-10-11 06:23:51'),(366,81,'82f5efa8-6ead-4c23-bf8c-fb9d82ef9a6d.small.jpg','82f5efa8-6ead-4c23-bf8c-fb9d82ef9a6d.mid.jpg','82f5efa8-6ead-4c23-bf8c-fb9d82ef9a6d.original.jpg','2013-10-11 06:23:52'),(367,81,'36895f1f-7a82-4221-8e87-229d3657f2af.small.jpg','36895f1f-7a82-4221-8e87-229d3657f2af.mid.jpg','36895f1f-7a82-4221-8e87-229d3657f2af.original.jpg','2013-10-11 06:23:53'),(368,81,'7e0847eb-a84e-4a00-a4a5-efa99db664ef.small.jpg','7e0847eb-a84e-4a00-a4a5-efa99db664ef.mid.jpg','7e0847eb-a84e-4a00-a4a5-efa99db664ef.original.jpg','2013-10-11 06:23:55'),(369,82,'f62d520d-1e36-49e8-a6c8-d6d5d93ca40e.small.jpg','f62d520d-1e36-49e8-a6c8-d6d5d93ca40e.mid.jpg','f62d520d-1e36-49e8-a6c8-d6d5d93ca40e.original.jpg','2013-10-11 06:23:57'),(370,82,'8a3658fe-a4b0-4a9d-ab7e-b5eb1c344ecf.small.jpg','8a3658fe-a4b0-4a9d-ab7e-b5eb1c344ecf.mid.jpg','8a3658fe-a4b0-4a9d-ab7e-b5eb1c344ecf.original.jpg','2013-10-11 06:23:58'),(371,82,'a5ee78dd-f903-4677-aebe-4b34c0dd3607.small.jpg','a5ee78dd-f903-4677-aebe-4b34c0dd3607.mid.jpg','a5ee78dd-f903-4677-aebe-4b34c0dd3607.original.jpg','2013-10-11 06:23:58'),(372,82,'3ef2db1b-0551-4d94-a570-aafa2887e357.small.jpg','3ef2db1b-0551-4d94-a570-aafa2887e357.mid.jpg','3ef2db1b-0551-4d94-a570-aafa2887e357.original.jpg','2013-10-11 06:23:59'),(373,83,'035c61ce-23f4-4a32-9c38-c2351ad2ca06.small.jpg','035c61ce-23f4-4a32-9c38-c2351ad2ca06.mid.jpg','035c61ce-23f4-4a32-9c38-c2351ad2ca06.original.jpg','2013-10-11 06:24:01'),(374,83,'58362cae-a655-4a05-a722-c7b492c0f16e.small.jpg','58362cae-a655-4a05-a722-c7b492c0f16e.mid.jpg','58362cae-a655-4a05-a722-c7b492c0f16e.original.jpg','2013-10-11 06:24:03'),(375,83,'23181909-a983-4dea-baea-5fd6dfffe0c8.small.jpg','23181909-a983-4dea-baea-5fd6dfffe0c8.mid.jpg','23181909-a983-4dea-baea-5fd6dfffe0c8.original.jpg','2013-10-11 06:24:04'),(376,84,'cec48cc3-7790-46c2-8e23-801816472f14.small.jpg','cec48cc3-7790-46c2-8e23-801816472f14.mid.jpg','cec48cc3-7790-46c2-8e23-801816472f14.original.jpg','2013-10-11 06:24:07'),(377,84,'2544659f-dee9-436e-8560-1d64e06521fe.small.jpg','2544659f-dee9-436e-8560-1d64e06521fe.mid.jpg','2544659f-dee9-436e-8560-1d64e06521fe.original.jpg','2013-10-11 06:24:08'),(378,84,'a142c9bc-6ecf-40cc-a99d-471945ca1424.small.jpg','a142c9bc-6ecf-40cc-a99d-471945ca1424.mid.jpg','a142c9bc-6ecf-40cc-a99d-471945ca1424.original.jpg','2013-10-11 06:24:08'),(379,84,'f24a3b73-c291-4c2c-8235-4383cd5be387.small.jpg','f24a3b73-c291-4c2c-8235-4383cd5be387.mid.jpg','f24a3b73-c291-4c2c-8235-4383cd5be387.original.jpg','2013-10-11 06:24:09'),(380,84,'7b35bde9-7efc-4f7a-b2d4-8cac685eb6e0.small.jpg','7b35bde9-7efc-4f7a-b2d4-8cac685eb6e0.mid.jpg','7b35bde9-7efc-4f7a-b2d4-8cac685eb6e0.original.jpg','2013-10-11 06:24:10'),(381,84,'063e6228-12b1-4322-8687-55f7f50f1ade.small.jpg','063e6228-12b1-4322-8687-55f7f50f1ade.mid.jpg','063e6228-12b1-4322-8687-55f7f50f1ade.original.jpg','2013-10-11 06:24:11'),(382,84,'47327945-a721-431d-b03c-e383832172bd.small.jpg','47327945-a721-431d-b03c-e383832172bd.mid.jpg','47327945-a721-431d-b03c-e383832172bd.original.jpg','2013-10-11 06:24:11'),(383,84,'1d458005-afc4-4562-8247-048ac1464d64.small.jpg','1d458005-afc4-4562-8247-048ac1464d64.mid.jpg','1d458005-afc4-4562-8247-048ac1464d64.original.jpg','2013-10-11 06:24:12'),(384,84,'58438d1b-b906-422d-98c8-b54f01eb8a03.small.jpg','58438d1b-b906-422d-98c8-b54f01eb8a03.mid.jpg','58438d1b-b906-422d-98c8-b54f01eb8a03.original.jpg','2013-10-11 06:24:13'),(385,85,'2b5515a7-6898-45a5-a995-b5ad3d576fc2.small.jpg','2b5515a7-6898-45a5-a995-b5ad3d576fc2.mid.jpg','2b5515a7-6898-45a5-a995-b5ad3d576fc2.original.jpg','2013-10-11 06:24:17'),(386,85,'8cee573a-5429-4272-aeed-04ab32fc1406.small.jpg','8cee573a-5429-4272-aeed-04ab32fc1406.mid.jpg','8cee573a-5429-4272-aeed-04ab32fc1406.original.jpg','2013-10-11 06:24:17'),(387,85,'bf12ff45-0fbe-4526-aa71-dc3324bada01.small.jpg','bf12ff45-0fbe-4526-aa71-dc3324bada01.mid.jpg','bf12ff45-0fbe-4526-aa71-dc3324bada01.original.jpg','2013-10-11 06:24:18'),(388,86,'a0ff72a2-fec5-4a51-9fa0-96984d3837e1.small.jpg','a0ff72a2-fec5-4a51-9fa0-96984d3837e1.mid.jpg','a0ff72a2-fec5-4a51-9fa0-96984d3837e1.original.jpg','2013-10-11 06:24:21'),(389,86,'f8d07d40-bbf9-4c79-a786-668f84e1b282.small.jpg','f8d07d40-bbf9-4c79-a786-668f84e1b282.mid.jpg','f8d07d40-bbf9-4c79-a786-668f84e1b282.original.jpg','2013-10-11 06:24:22'),(390,86,'c634f1e5-4c17-456a-b234-490a020e386e.small.jpg','c634f1e5-4c17-456a-b234-490a020e386e.mid.jpg','c634f1e5-4c17-456a-b234-490a020e386e.original.jpg','2013-10-11 06:24:23'),(391,86,'b90eaefc-bfe2-4f1f-a6e7-1198f72e6d29.small.jpg','b90eaefc-bfe2-4f1f-a6e7-1198f72e6d29.mid.jpg','b90eaefc-bfe2-4f1f-a6e7-1198f72e6d29.original.jpg','2013-10-11 06:24:24'),(392,86,'9e2af12c-63fb-492e-a353-121f2bef4e43.small.jpg','9e2af12c-63fb-492e-a353-121f2bef4e43.mid.jpg','9e2af12c-63fb-492e-a353-121f2bef4e43.original.jpg','2013-10-11 06:24:27'),(393,86,'8a09d4e1-c8b4-48f5-959a-3f031631de79.small.jpg','8a09d4e1-c8b4-48f5-959a-3f031631de79.mid.jpg','8a09d4e1-c8b4-48f5-959a-3f031631de79.original.jpg','2013-10-11 06:24:29'),(394,87,'8fadccd3-02be-4821-9bab-0e8153434a57.small.jpg','8fadccd3-02be-4821-9bab-0e8153434a57.mid.jpg','8fadccd3-02be-4821-9bab-0e8153434a57.original.jpg','2013-10-11 06:24:32'),(395,88,'eba90d8c-c773-43f3-9d3b-62358e4c240d.small.jpg','eba90d8c-c773-43f3-9d3b-62358e4c240d.mid.jpg','eba90d8c-c773-43f3-9d3b-62358e4c240d.original.jpg','2013-10-11 06:24:36'),(396,88,'ff9bec22-ada0-4727-8ed2-dc72beba1a03.small.jpg','ff9bec22-ada0-4727-8ed2-dc72beba1a03.mid.jpg','ff9bec22-ada0-4727-8ed2-dc72beba1a03.original.jpg','2013-10-11 06:24:36'),(397,88,'073fd11d-720a-47a3-81c4-7c9441509e3b.small.jpg','073fd11d-720a-47a3-81c4-7c9441509e3b.mid.jpg','073fd11d-720a-47a3-81c4-7c9441509e3b.original.jpg','2013-10-11 06:24:36'),(398,88,'eb27a6c4-e89a-4a9f-a50d-474034f8bab9.small.jpg','eb27a6c4-e89a-4a9f-a50d-474034f8bab9.mid.jpg','eb27a6c4-e89a-4a9f-a50d-474034f8bab9.original.jpg','2013-10-11 06:24:37'),(399,88,'0fcd70d6-086f-4d87-8d95-c234cebcd0da.small.jpg','0fcd70d6-086f-4d87-8d95-c234cebcd0da.mid.jpg','0fcd70d6-086f-4d87-8d95-c234cebcd0da.original.jpg','2013-10-11 06:24:38'),(400,88,'c377f715-0b15-4435-b581-f0c11c17a01b.small.jpg','c377f715-0b15-4435-b581-f0c11c17a01b.mid.jpg','c377f715-0b15-4435-b581-f0c11c17a01b.original.jpg','2013-10-11 06:24:38'),(401,88,'369feb10-6aa9-47cc-a190-fa3880cada8a.small.jpg','369feb10-6aa9-47cc-a190-fa3880cada8a.mid.jpg','369feb10-6aa9-47cc-a190-fa3880cada8a.original.jpg','2013-10-11 06:24:39'),(402,88,'3ac7fbc6-a2d4-49c0-b69d-b493d69aefa4.small.jpg','3ac7fbc6-a2d4-49c0-b69d-b493d69aefa4.mid.jpg','3ac7fbc6-a2d4-49c0-b69d-b493d69aefa4.original.jpg','2013-10-11 06:24:39'),(403,88,'eadfb089-17a4-4ca0-a5fd-712e83fc7829.small.jpg','eadfb089-17a4-4ca0-a5fd-712e83fc7829.mid.jpg','eadfb089-17a4-4ca0-a5fd-712e83fc7829.original.jpg','2013-10-11 06:24:40'),(404,88,'99d98adb-ae60-4d7e-85a7-3fb2ff9d8725.small.jpg','99d98adb-ae60-4d7e-85a7-3fb2ff9d8725.mid.jpg','99d98adb-ae60-4d7e-85a7-3fb2ff9d8725.original.jpg','2013-10-11 06:24:41'),(405,89,'da5df260-3973-4df7-82fb-fb75ac85f306.small.jpg','da5df260-3973-4df7-82fb-fb75ac85f306.mid.jpg','da5df260-3973-4df7-82fb-fb75ac85f306.original.jpg','2013-10-11 06:24:45'),(406,89,'103392b5-c9f1-425a-9e1a-8124b8c60ab0.small.jpg','103392b5-c9f1-425a-9e1a-8124b8c60ab0.mid.jpg','103392b5-c9f1-425a-9e1a-8124b8c60ab0.original.jpg','2013-10-11 06:24:45'),(407,89,'1ef65743-51b3-481b-a5e5-ba7264bf97c2.small.jpg','1ef65743-51b3-481b-a5e5-ba7264bf97c2.mid.jpg','1ef65743-51b3-481b-a5e5-ba7264bf97c2.original.jpg','2013-10-11 06:24:47'),(408,90,'95d36c62-693f-4c56-8fb3-0775582581f1.small.jpg','95d36c62-693f-4c56-8fb3-0775582581f1.mid.jpg','95d36c62-693f-4c56-8fb3-0775582581f1.original.jpg','2013-10-11 06:24:50'),(409,90,'a8c22fd3-b70a-4f0e-80a9-80794ae8ff41.small.jpg','a8c22fd3-b70a-4f0e-80a9-80794ae8ff41.mid.jpg','a8c22fd3-b70a-4f0e-80a9-80794ae8ff41.original.jpg','2013-10-11 06:24:51'),(410,90,'a7502fac-ac90-405c-b5c2-4bddb5aa5953.small.jpg','a7502fac-ac90-405c-b5c2-4bddb5aa5953.mid.jpg','a7502fac-ac90-405c-b5c2-4bddb5aa5953.original.jpg','2013-10-11 06:24:53'),(411,90,'81e816b7-1b97-4dff-ad85-9558975bbcb5.small.jpg','81e816b7-1b97-4dff-ad85-9558975bbcb5.mid.jpg','81e816b7-1b97-4dff-ad85-9558975bbcb5.original.jpg','2013-10-11 06:24:54'),(412,91,'fd768e33-913a-4729-a100-d8547cfb134f.small.jpg','fd768e33-913a-4729-a100-d8547cfb134f.mid.jpg','fd768e33-913a-4729-a100-d8547cfb134f.original.jpg','2013-10-11 06:24:58'),(413,91,'d9191d49-eece-42ad-ae87-f8f11c5c5709.small.jpg','d9191d49-eece-42ad-ae87-f8f11c5c5709.mid.jpg','d9191d49-eece-42ad-ae87-f8f11c5c5709.original.jpg','2013-10-11 06:24:59'),(414,91,'f57709dc-99df-4b71-bd68-247825b114cc.small.jpg','f57709dc-99df-4b71-bd68-247825b114cc.mid.jpg','f57709dc-99df-4b71-bd68-247825b114cc.original.jpg','2013-10-11 06:25:00'),(415,91,'7eff163c-4326-43cb-af1a-ec238f884905.small.jpg','7eff163c-4326-43cb-af1a-ec238f884905.mid.jpg','7eff163c-4326-43cb-af1a-ec238f884905.original.jpg','2013-10-11 06:25:01'),(416,92,'e2022cbe-2589-4384-b742-f0256acdefa4.small.jpg','e2022cbe-2589-4384-b742-f0256acdefa4.mid.jpg','e2022cbe-2589-4384-b742-f0256acdefa4.original.jpg','2013-10-11 06:25:03'),(417,92,'5fbb415a-797f-4428-bb28-65fea47c2b22.small.jpg','5fbb415a-797f-4428-bb28-65fea47c2b22.mid.jpg','5fbb415a-797f-4428-bb28-65fea47c2b22.original.jpg','2013-10-11 06:25:04'),(418,93,'161aa56a-76f9-4642-8761-25311beceb95.small.jpg','161aa56a-76f9-4642-8761-25311beceb95.mid.jpg','161aa56a-76f9-4642-8761-25311beceb95.original.jpg','2013-10-11 06:25:07'),(419,93,'8c10b015-63ef-4c6a-be7c-3a0dbfaaf6e6.small.jpg','8c10b015-63ef-4c6a-be7c-3a0dbfaaf6e6.mid.jpg','8c10b015-63ef-4c6a-be7c-3a0dbfaaf6e6.original.jpg','2013-10-11 06:25:07'),(420,93,'296f12fa-bb20-4f1b-971f-26444d9e5cc8.small.jpg','296f12fa-bb20-4f1b-971f-26444d9e5cc8.mid.jpg','296f12fa-bb20-4f1b-971f-26444d9e5cc8.original.jpg','2013-10-11 06:25:08'),(421,93,'d7ce5a38-be47-48f1-b3ec-d8ddf0858799.small.jpg','d7ce5a38-be47-48f1-b3ec-d8ddf0858799.mid.jpg','d7ce5a38-be47-48f1-b3ec-d8ddf0858799.original.jpg','2013-10-11 06:25:09'),(422,94,'71159777-8576-437e-a998-fae09ac1559a.small.jpg','71159777-8576-437e-a998-fae09ac1559a.mid.jpg','71159777-8576-437e-a998-fae09ac1559a.original.jpg','2013-10-11 06:25:12'),(423,94,'de4cd775-8495-47df-8511-0a6aa3516861.small.jpg','de4cd775-8495-47df-8511-0a6aa3516861.mid.jpg','de4cd775-8495-47df-8511-0a6aa3516861.original.jpg','2013-10-11 06:25:13'),(424,94,'8e2e021e-9dde-41ae-93c6-35d49af8942e.small.jpg','8e2e021e-9dde-41ae-93c6-35d49af8942e.mid.jpg','8e2e021e-9dde-41ae-93c6-35d49af8942e.original.jpg','2013-10-11 06:25:13'),(425,94,'b2d61507-01eb-4282-96a3-1e3de1634af1.small.jpg','b2d61507-01eb-4282-96a3-1e3de1634af1.mid.jpg','b2d61507-01eb-4282-96a3-1e3de1634af1.original.jpg','2013-10-11 06:25:14'),(426,94,'0d8dd720-f3c0-4d11-a8f5-293e97a169ac.small.jpg','0d8dd720-f3c0-4d11-a8f5-293e97a169ac.mid.jpg','0d8dd720-f3c0-4d11-a8f5-293e97a169ac.original.jpg','2013-10-11 06:25:15'),(427,94,'3853046d-f280-4fd4-8dfd-c013061caa2b.small.jpg','3853046d-f280-4fd4-8dfd-c013061caa2b.mid.jpg','3853046d-f280-4fd4-8dfd-c013061caa2b.original.jpg','2013-10-11 06:25:15'),(428,95,'5af62f68-95ba-418a-bbc6-ba7932b5e43a.small.jpg','5af62f68-95ba-418a-bbc6-ba7932b5e43a.mid.jpg','5af62f68-95ba-418a-bbc6-ba7932b5e43a.original.jpg','2013-10-11 06:25:18'),(429,95,'a7661a13-4796-40fe-a1de-bd77a667a0c2.small.jpg','a7661a13-4796-40fe-a1de-bd77a667a0c2.mid.jpg','a7661a13-4796-40fe-a1de-bd77a667a0c2.original.jpg','2013-10-11 06:25:20'),(430,95,'4d3ddb6a-3218-4ae5-aa67-6cb3ad6521b6.small.jpg','4d3ddb6a-3218-4ae5-aa67-6cb3ad6521b6.mid.jpg','4d3ddb6a-3218-4ae5-aa67-6cb3ad6521b6.original.jpg','2013-10-11 06:25:20'),(431,95,'3fe959af-f208-4c82-b332-17e50209ba00.small.jpg','3fe959af-f208-4c82-b332-17e50209ba00.mid.jpg','3fe959af-f208-4c82-b332-17e50209ba00.original.jpg','2013-10-11 06:25:21'),(432,95,'03da6ecc-ab19-41d0-84ef-ce7fc7cc6a31.small.jpg','03da6ecc-ab19-41d0-84ef-ce7fc7cc6a31.mid.jpg','03da6ecc-ab19-41d0-84ef-ce7fc7cc6a31.original.jpg','2013-10-11 06:25:21'),(433,95,'ffc5a2a4-853f-45e5-9b9f-67223f32a1bf.small.jpg','ffc5a2a4-853f-45e5-9b9f-67223f32a1bf.mid.jpg','ffc5a2a4-853f-45e5-9b9f-67223f32a1bf.original.jpg','2013-10-11 06:25:21'),(434,95,'b0779748-d297-40a7-aa09-1dd603db5cbf.small.jpg','b0779748-d297-40a7-aa09-1dd603db5cbf.mid.jpg','b0779748-d297-40a7-aa09-1dd603db5cbf.original.jpg','2013-10-11 06:25:22'),(435,96,'b6dfe993-184c-41a1-91bf-80167f390e3c.small.jpg','b6dfe993-184c-41a1-91bf-80167f390e3c.mid.jpg','b6dfe993-184c-41a1-91bf-80167f390e3c.original.jpg','2013-10-11 06:25:25'),(436,96,'e1363d5d-8008-4aa8-a3f0-12b61a2fa433.small.jpg','e1363d5d-8008-4aa8-a3f0-12b61a2fa433.mid.jpg','e1363d5d-8008-4aa8-a3f0-12b61a2fa433.original.jpg','2013-10-11 06:25:26'),(437,97,'6bff213f-1207-40dc-b684-1ffd6da18152.small.jpg','6bff213f-1207-40dc-b684-1ffd6da18152.mid.jpg','6bff213f-1207-40dc-b684-1ffd6da18152.original.jpg','2013-10-11 06:25:32'),(438,97,'7904b0ab-24be-471d-8b90-f34117424cc1.small.jpg','7904b0ab-24be-471d-8b90-f34117424cc1.mid.jpg','7904b0ab-24be-471d-8b90-f34117424cc1.original.jpg','2013-10-11 06:25:33'),(439,97,'2681dc01-041c-48ee-bb93-158eb3f962c9.small.jpg','2681dc01-041c-48ee-bb93-158eb3f962c9.mid.jpg','2681dc01-041c-48ee-bb93-158eb3f962c9.original.jpg','2013-10-11 06:25:34'),(440,97,'4f20dce9-35bc-4647-b334-9f8490dcd371.small.jpg','4f20dce9-35bc-4647-b334-9f8490dcd371.mid.jpg','4f20dce9-35bc-4647-b334-9f8490dcd371.original.jpg','2013-10-11 06:25:35'),(441,98,'96938768-b775-405d-a0cc-c7a8ca53a02b.small.jpg','96938768-b775-405d-a0cc-c7a8ca53a02b.mid.jpg','96938768-b775-405d-a0cc-c7a8ca53a02b.original.jpg','2013-10-11 06:25:37'),(442,98,'92d271bb-4aaa-4a2d-9352-dcd37eae6510.small.jpg','92d271bb-4aaa-4a2d-9352-dcd37eae6510.mid.jpg','92d271bb-4aaa-4a2d-9352-dcd37eae6510.original.jpg','2013-10-11 06:25:37'),(443,98,'aa2eaa3c-2da5-4626-a3fc-27092d5f4fdc.small.jpg','aa2eaa3c-2da5-4626-a3fc-27092d5f4fdc.mid.jpg','aa2eaa3c-2da5-4626-a3fc-27092d5f4fdc.original.jpg','2013-10-11 06:25:38'),(444,99,'ae7701e7-1571-4225-838e-e4e28e15a172.small.jpg','ae7701e7-1571-4225-838e-e4e28e15a172.mid.jpg','ae7701e7-1571-4225-838e-e4e28e15a172.original.jpg','2013-10-11 06:25:41'),(445,99,'7a2aa0ae-7d3d-4d30-a4d1-3eca02063810.small.jpg','7a2aa0ae-7d3d-4d30-a4d1-3eca02063810.mid.jpg','7a2aa0ae-7d3d-4d30-a4d1-3eca02063810.original.jpg','2013-10-11 06:25:41'),(446,99,'3d8b1855-64d2-4809-a335-98d75e44df83.small.jpg','3d8b1855-64d2-4809-a335-98d75e44df83.mid.jpg','3d8b1855-64d2-4809-a335-98d75e44df83.original.jpg','2013-10-11 06:25:41'),(447,99,'cfea4ec3-0f1b-42b1-b91b-fb9ed04c95af.small.jpg','cfea4ec3-0f1b-42b1-b91b-fb9ed04c95af.mid.jpg','cfea4ec3-0f1b-42b1-b91b-fb9ed04c95af.original.jpg','2013-10-11 06:25:42'),(448,99,'ca703275-a056-4932-be4b-908171a59499.small.jpg','ca703275-a056-4932-be4b-908171a59499.mid.jpg','ca703275-a056-4932-be4b-908171a59499.original.jpg','2013-10-11 06:25:42'),(449,100,'76e99453-ddc6-4276-aeb6-618a74fb7562.small.jpg','76e99453-ddc6-4276-aeb6-618a74fb7562.mid.jpg','76e99453-ddc6-4276-aeb6-618a74fb7562.original.jpg','2013-10-11 06:25:45'),(450,100,'765777df-bf9d-4ae6-98ff-f31abcd0f2a8.small.jpg','765777df-bf9d-4ae6-98ff-f31abcd0f2a8.mid.jpg','765777df-bf9d-4ae6-98ff-f31abcd0f2a8.original.jpg','2013-10-11 06:25:46'),(451,100,'0260dda5-7e6d-4f29-ae37-4dc3156f2029.small.jpg','0260dda5-7e6d-4f29-ae37-4dc3156f2029.mid.jpg','0260dda5-7e6d-4f29-ae37-4dc3156f2029.original.jpg','2013-10-11 06:25:47'),(452,100,'52e82235-0252-45b2-a2fd-693547f5a5ef.small.jpg','52e82235-0252-45b2-a2fd-693547f5a5ef.mid.jpg','52e82235-0252-45b2-a2fd-693547f5a5ef.original.jpg','2013-10-11 06:25:48'),(453,100,'17635704-6a1f-4c89-aa0b-5f95c3d968f8.small.jpg','17635704-6a1f-4c89-aa0b-5f95c3d968f8.mid.jpg','17635704-6a1f-4c89-aa0b-5f95c3d968f8.original.jpg','2013-10-11 06:25:49'),(454,101,'cdc6b761-c3a3-48f1-bf61-29293b0ec43c.small.jpg','cdc6b761-c3a3-48f1-bf61-29293b0ec43c.mid.jpg','cdc6b761-c3a3-48f1-bf61-29293b0ec43c.original.jpg','2013-10-11 06:25:53'),(455,101,'d88a46d0-2020-40e8-8119-3f86dc26b210.small.jpg','d88a46d0-2020-40e8-8119-3f86dc26b210.mid.jpg','d88a46d0-2020-40e8-8119-3f86dc26b210.original.jpg','2013-10-11 06:25:55'),(456,102,'385938ca-e64d-4973-a90a-98a7eab5edd9.small.jpg','385938ca-e64d-4973-a90a-98a7eab5edd9.mid.jpg','385938ca-e64d-4973-a90a-98a7eab5edd9.original.jpg','2013-10-11 06:25:57'),(457,102,'8fad984d-d359-4cae-b3a0-064cbf1fe157.small.jpg','8fad984d-d359-4cae-b3a0-064cbf1fe157.mid.jpg','8fad984d-d359-4cae-b3a0-064cbf1fe157.original.jpg','2013-10-11 06:25:58'),(458,102,'b7b54bd6-884c-4f1b-874f-8fde3d09ccf3.small.jpg','b7b54bd6-884c-4f1b-874f-8fde3d09ccf3.mid.jpg','b7b54bd6-884c-4f1b-874f-8fde3d09ccf3.original.jpg','2013-10-11 06:25:59'),(459,102,'0cf105a0-6bfc-4a5b-b0c1-eb8df405c105.small.jpg','0cf105a0-6bfc-4a5b-b0c1-eb8df405c105.mid.jpg','0cf105a0-6bfc-4a5b-b0c1-eb8df405c105.original.jpg','2013-10-11 06:26:00'),(460,103,'9af2f6fc-bf6f-4d7b-a26f-4e0f52e639d5.small.jpg','9af2f6fc-bf6f-4d7b-a26f-4e0f52e639d5.mid.jpg','9af2f6fc-bf6f-4d7b-a26f-4e0f52e639d5.original.jpg','2013-10-11 06:26:03'),(461,103,'3b8a35ad-250e-4758-97c6-eb790c35fb7f.small.jpg','3b8a35ad-250e-4758-97c6-eb790c35fb7f.mid.jpg','3b8a35ad-250e-4758-97c6-eb790c35fb7f.original.jpg','2013-10-11 06:26:04'),(462,103,'b3a81ed5-988e-4863-b9bc-821e70773824.small.jpg','b3a81ed5-988e-4863-b9bc-821e70773824.mid.jpg','b3a81ed5-988e-4863-b9bc-821e70773824.original.jpg','2013-10-11 06:26:04'),(463,103,'920fd8d3-e233-4d9f-acc6-62b3ed108bee.small.jpg','920fd8d3-e233-4d9f-acc6-62b3ed108bee.mid.jpg','920fd8d3-e233-4d9f-acc6-62b3ed108bee.original.jpg','2013-10-11 06:26:05'),(464,103,'393e3fdf-5027-4fb4-9151-fb09733af3e7.small.jpg','393e3fdf-5027-4fb4-9151-fb09733af3e7.mid.jpg','393e3fdf-5027-4fb4-9151-fb09733af3e7.original.jpg','2013-10-11 06:26:05'),(465,103,'09d3242b-4a4b-42f3-8b2c-11796e5f321e.small.jpg','09d3242b-4a4b-42f3-8b2c-11796e5f321e.mid.jpg','09d3242b-4a4b-42f3-8b2c-11796e5f321e.original.jpg','2013-10-11 06:26:07'),(466,104,'1eb85363-cc20-4ad6-8b55-2d4ecc6e41ee.small.jpg','1eb85363-cc20-4ad6-8b55-2d4ecc6e41ee.mid.jpg','1eb85363-cc20-4ad6-8b55-2d4ecc6e41ee.original.jpg','2013-10-11 06:26:09'),(467,104,'afb0850a-a8b9-46a1-bd2a-ec61f4645bfe.small.jpg','afb0850a-a8b9-46a1-bd2a-ec61f4645bfe.mid.jpg','afb0850a-a8b9-46a1-bd2a-ec61f4645bfe.original.jpg','2013-10-11 06:26:11'),(468,104,'ba0cfc3c-5584-4d2c-899e-80fbbd1c6ef1.small.jpg','ba0cfc3c-5584-4d2c-899e-80fbbd1c6ef1.mid.jpg','ba0cfc3c-5584-4d2c-899e-80fbbd1c6ef1.original.jpg','2013-10-11 06:26:12'),(469,104,'2c9231b1-25b3-4ba2-a46c-655e0eeef197.small.jpg','2c9231b1-25b3-4ba2-a46c-655e0eeef197.mid.jpg','2c9231b1-25b3-4ba2-a46c-655e0eeef197.original.jpg','2013-10-11 06:26:13'),(470,104,'0aad897a-8bd9-497b-90c4-21c28965595a.small.jpg','0aad897a-8bd9-497b-90c4-21c28965595a.mid.jpg','0aad897a-8bd9-497b-90c4-21c28965595a.original.jpg','2013-10-11 06:26:13'),(471,104,'64dab693-57a2-48b1-b163-30e92c0865b5.small.jpg','64dab693-57a2-48b1-b163-30e92c0865b5.mid.jpg','64dab693-57a2-48b1-b163-30e92c0865b5.original.jpg','2013-10-11 06:26:14'),(472,104,'013d2e57-4cd3-4307-ab5d-0210656d314a.small.jpg','013d2e57-4cd3-4307-ab5d-0210656d314a.mid.jpg','013d2e57-4cd3-4307-ab5d-0210656d314a.original.jpg','2013-10-11 06:26:16'),(473,104,'926f45a5-61b0-44d7-8bfd-7a2bc877a1b8.small.jpg','926f45a5-61b0-44d7-8bfd-7a2bc877a1b8.mid.jpg','926f45a5-61b0-44d7-8bfd-7a2bc877a1b8.original.jpg','2013-10-11 06:26:16'),(474,105,'ff774c60-2d4a-4b3b-9889-3902dcaecd01.small.jpg','ff774c60-2d4a-4b3b-9889-3902dcaecd01.mid.jpg','ff774c60-2d4a-4b3b-9889-3902dcaecd01.original.jpg','2013-10-11 06:26:20'),(475,105,'65bd49ed-4061-48a7-bf77-98b14589f758.small.jpg','65bd49ed-4061-48a7-bf77-98b14589f758.mid.jpg','65bd49ed-4061-48a7-bf77-98b14589f758.original.jpg','2013-10-11 06:26:21'),(476,105,'ba674ef0-3281-417f-9751-2bdd1652d1f4.small.jpg','ba674ef0-3281-417f-9751-2bdd1652d1f4.mid.jpg','ba674ef0-3281-417f-9751-2bdd1652d1f4.original.jpg','2013-10-11 06:26:23'),(477,106,'d8d6dc7b-c71e-4c20-bb9d-802d6ab7482a.small.jpg','d8d6dc7b-c71e-4c20-bb9d-802d6ab7482a.mid.jpg','d8d6dc7b-c71e-4c20-bb9d-802d6ab7482a.original.jpg','2013-10-11 06:26:26'),(478,106,'bcd4efa5-913d-432c-bba7-f7c00654f69f.small.jpg','bcd4efa5-913d-432c-bba7-f7c00654f69f.mid.jpg','bcd4efa5-913d-432c-bba7-f7c00654f69f.original.jpg','2013-10-11 06:26:28'),(479,106,'05c78c12-d7f5-4cbc-be78-20bb17e4494f.small.jpg','05c78c12-d7f5-4cbc-be78-20bb17e4494f.mid.jpg','05c78c12-d7f5-4cbc-be78-20bb17e4494f.original.jpg','2013-10-11 06:26:28'),(480,106,'8844018b-0363-41da-bccf-9cde070e3b07.small.jpg','8844018b-0363-41da-bccf-9cde070e3b07.mid.jpg','8844018b-0363-41da-bccf-9cde070e3b07.original.jpg','2013-10-11 06:26:30'),(481,106,'125d11aa-fb15-46c5-892d-bda795c84f5e.small.jpg','125d11aa-fb15-46c5-892d-bda795c84f5e.mid.jpg','125d11aa-fb15-46c5-892d-bda795c84f5e.original.jpg','2013-10-11 06:26:33'),(482,106,'972b2106-c3ea-4ff9-bd11-396e39ff7e7f.small.jpg','972b2106-c3ea-4ff9-bd11-396e39ff7e7f.mid.jpg','972b2106-c3ea-4ff9-bd11-396e39ff7e7f.original.jpg','2013-10-11 06:26:33'),(483,107,'e9f74270-e3e5-44bd-adee-1913ca80641a.small.jpg','e9f74270-e3e5-44bd-adee-1913ca80641a.mid.jpg','e9f74270-e3e5-44bd-adee-1913ca80641a.original.jpg','2013-10-11 06:26:41'),(484,107,'e474c8b0-4f24-480c-988d-099fecc4c644.small.jpg','e474c8b0-4f24-480c-988d-099fecc4c644.mid.jpg','e474c8b0-4f24-480c-988d-099fecc4c644.original.jpg','2013-10-11 06:26:42'),(485,107,'975b6665-b413-4a6e-9773-fcfde9c200e4.small.jpg','975b6665-b413-4a6e-9773-fcfde9c200e4.mid.jpg','975b6665-b413-4a6e-9773-fcfde9c200e4.original.jpg','2013-10-11 06:26:44'),(486,107,'1edf5828-b276-4039-979c-7b42ef0abc1f.small.jpg','1edf5828-b276-4039-979c-7b42ef0abc1f.mid.jpg','1edf5828-b276-4039-979c-7b42ef0abc1f.original.jpg','2013-10-11 06:26:44'),(487,107,'c8dd5f14-a4bf-4464-8563-9272dd8609eb.small.jpg','c8dd5f14-a4bf-4464-8563-9272dd8609eb.mid.jpg','c8dd5f14-a4bf-4464-8563-9272dd8609eb.original.jpg','2013-10-11 06:26:44'),(488,107,'660dfeb1-4b91-400f-b580-6d95731823b7.small.jpg','660dfeb1-4b91-400f-b580-6d95731823b7.mid.jpg','660dfeb1-4b91-400f-b580-6d95731823b7.original.jpg','2013-10-11 06:26:45'),(489,107,'d63f0359-429e-4d31-8dfa-bf3a127b84c3.small.jpg','d63f0359-429e-4d31-8dfa-bf3a127b84c3.mid.jpg','d63f0359-429e-4d31-8dfa-bf3a127b84c3.original.jpg','2013-10-11 06:26:46'),(490,108,'54bc6576-4a27-4ea6-a8f6-cda415058a07.small.jpg','54bc6576-4a27-4ea6-a8f6-cda415058a07.mid.jpg','54bc6576-4a27-4ea6-a8f6-cda415058a07.original.jpg','2013-10-11 06:26:50'),(491,108,'06658fcb-c288-465e-adcc-6f3edb2ba63b.small.jpg','06658fcb-c288-465e-adcc-6f3edb2ba63b.mid.jpg','06658fcb-c288-465e-adcc-6f3edb2ba63b.original.jpg','2013-10-11 06:26:51'),(492,108,'f616af75-aeaf-4a97-bbfe-42bc50b87cdf.small.jpg','f616af75-aeaf-4a97-bbfe-42bc50b87cdf.mid.jpg','f616af75-aeaf-4a97-bbfe-42bc50b87cdf.original.jpg','2013-10-11 06:26:52'),(493,108,'afeb16f9-634a-4936-aba0-921f88ed95ea.small.jpg','afeb16f9-634a-4936-aba0-921f88ed95ea.mid.jpg','afeb16f9-634a-4936-aba0-921f88ed95ea.original.jpg','2013-10-11 06:26:52'),(494,108,'3cddf349-a359-46f4-8563-3d8b1edcea47.small.jpg','3cddf349-a359-46f4-8563-3d8b1edcea47.mid.jpg','3cddf349-a359-46f4-8563-3d8b1edcea47.original.jpg','2013-10-11 06:26:53'),(495,109,'b1618afe-5df9-4a84-a2d1-4c360ab2152c.small.jpg','b1618afe-5df9-4a84-a2d1-4c360ab2152c.mid.jpg','b1618afe-5df9-4a84-a2d1-4c360ab2152c.original.jpg','2013-10-11 06:26:56'),(496,109,'bccf0dcf-789b-4d57-93ea-87a68d23bc39.small.jpg','bccf0dcf-789b-4d57-93ea-87a68d23bc39.mid.jpg','bccf0dcf-789b-4d57-93ea-87a68d23bc39.original.jpg','2013-10-11 06:26:56'),(497,109,'4ad8322d-50bc-4e67-a0bb-2d4a2929049a.small.jpg','4ad8322d-50bc-4e67-a0bb-2d4a2929049a.mid.jpg','4ad8322d-50bc-4e67-a0bb-2d4a2929049a.original.jpg','2013-10-11 06:26:57'),(498,110,'d3ac3829-0620-4fe8-bf12-8b84b660caec.small.jpg','d3ac3829-0620-4fe8-bf12-8b84b660caec.mid.jpg','d3ac3829-0620-4fe8-bf12-8b84b660caec.original.jpg','2013-10-11 06:27:00'),(499,110,'097d444d-e2dd-4d2a-b725-3111e3e53bfe.small.jpg','097d444d-e2dd-4d2a-b725-3111e3e53bfe.mid.jpg','097d444d-e2dd-4d2a-b725-3111e3e53bfe.original.jpg','2013-10-11 06:27:01'),(500,110,'8a299afc-ab8f-428b-83c7-617796912011.small.jpg','8a299afc-ab8f-428b-83c7-617796912011.mid.jpg','8a299afc-ab8f-428b-83c7-617796912011.original.jpg','2013-10-11 06:27:03'),(501,110,'53f83857-dfd8-4cb5-899e-7b0ab0bc9a37.small.jpg','53f83857-dfd8-4cb5-899e-7b0ab0bc9a37.mid.jpg','53f83857-dfd8-4cb5-899e-7b0ab0bc9a37.original.jpg','2013-10-11 06:27:03'),(502,110,'f171804d-8123-4848-b1ff-362a09b877d8.small.jpg','f171804d-8123-4848-b1ff-362a09b877d8.mid.jpg','f171804d-8123-4848-b1ff-362a09b877d8.original.jpg','2013-10-11 06:27:04'),(503,110,'f7254af4-f98c-4c00-b8d4-eec779547094.small.jpg','f7254af4-f98c-4c00-b8d4-eec779547094.mid.jpg','f7254af4-f98c-4c00-b8d4-eec779547094.original.jpg','2013-10-11 06:27:05'),(504,110,'3cac9023-1371-4a26-9520-312fbbf9c679.small.jpg','3cac9023-1371-4a26-9520-312fbbf9c679.mid.jpg','3cac9023-1371-4a26-9520-312fbbf9c679.original.jpg','2013-10-11 06:27:05'),(505,110,'2fec1336-820d-4c41-b9dd-5c0764ee197f.small.jpg','2fec1336-820d-4c41-b9dd-5c0764ee197f.mid.jpg','2fec1336-820d-4c41-b9dd-5c0764ee197f.original.jpg','2013-10-11 06:27:06'),(506,111,'82e93dbe-fcae-4a08-a16d-4c7670704e58.small.jpg','82e93dbe-fcae-4a08-a16d-4c7670704e58.mid.jpg','82e93dbe-fcae-4a08-a16d-4c7670704e58.original.jpg','2013-10-11 06:27:09'),(507,111,'aa1cc454-be1e-4321-8e2f-8bc30a75b944.small.jpg','aa1cc454-be1e-4321-8e2f-8bc30a75b944.mid.jpg','aa1cc454-be1e-4321-8e2f-8bc30a75b944.original.jpg','2013-10-11 06:27:10'),(508,111,'0d2d10db-a8c7-4683-9467-2d5f6a741d27.small.jpg','0d2d10db-a8c7-4683-9467-2d5f6a741d27.mid.jpg','0d2d10db-a8c7-4683-9467-2d5f6a741d27.original.jpg','2013-10-11 06:27:11'),(509,112,'7223a919-fe88-4468-9bc9-1aa1129cc458.small.jpg','7223a919-fe88-4468-9bc9-1aa1129cc458.mid.jpg','7223a919-fe88-4468-9bc9-1aa1129cc458.original.jpg','2013-10-11 06:27:14'),(510,113,'dfbb1b1d-5d83-49cb-a7ba-f86013ed2423.small.jpg','dfbb1b1d-5d83-49cb-a7ba-f86013ed2423.mid.jpg','dfbb1b1d-5d83-49cb-a7ba-f86013ed2423.original.jpg','2013-10-11 06:27:17'),(511,113,'77ff24e4-b4ea-41ed-9838-faf13f71c658.small.jpg','77ff24e4-b4ea-41ed-9838-faf13f71c658.mid.jpg','77ff24e4-b4ea-41ed-9838-faf13f71c658.original.jpg','2013-10-11 06:27:18'),(512,113,'88c4ac59-ef35-45d4-a7e2-283aefe3a379.small.jpg','88c4ac59-ef35-45d4-a7e2-283aefe3a379.mid.jpg','88c4ac59-ef35-45d4-a7e2-283aefe3a379.original.jpg','2013-10-11 06:27:19'),(513,113,'c7f587e4-7bae-431c-9360-93e7a8d1c03c.small.jpg','c7f587e4-7bae-431c-9360-93e7a8d1c03c.mid.jpg','c7f587e4-7bae-431c-9360-93e7a8d1c03c.original.jpg','2013-10-11 06:27:20'),(514,113,'d6361984-4d62-4fc5-a23e-d37486f5ebf3.small.jpg','d6361984-4d62-4fc5-a23e-d37486f5ebf3.mid.jpg','d6361984-4d62-4fc5-a23e-d37486f5ebf3.original.jpg','2013-10-11 06:27:21'),(515,113,'c8c0c7de-d7a3-43df-960d-f85674c8fc95.small.jpg','c8c0c7de-d7a3-43df-960d-f85674c8fc95.mid.jpg','c8c0c7de-d7a3-43df-960d-f85674c8fc95.original.jpg','2013-10-11 06:27:22'),(516,113,'df16b3eb-49a3-412c-bda8-5229b14da511.small.jpg','df16b3eb-49a3-412c-bda8-5229b14da511.mid.jpg','df16b3eb-49a3-412c-bda8-5229b14da511.original.jpg','2013-10-11 06:27:23'),(517,113,'f09cf848-5800-46e2-812d-c744fd8d0417.small.jpg','f09cf848-5800-46e2-812d-c744fd8d0417.mid.jpg','f09cf848-5800-46e2-812d-c744fd8d0417.original.jpg','2013-10-11 06:27:24'),(518,113,'6c7e6328-3e79-4fd2-bdcf-99a4e47fdb97.small.jpg','6c7e6328-3e79-4fd2-bdcf-99a4e47fdb97.mid.jpg','6c7e6328-3e79-4fd2-bdcf-99a4e47fdb97.original.jpg','2013-10-11 06:27:25'),(519,114,'9e00b470-2fe6-40ce-a62d-558a669125f9.small.jpg','9e00b470-2fe6-40ce-a62d-558a669125f9.mid.jpg','9e00b470-2fe6-40ce-a62d-558a669125f9.original.jpg','2013-10-11 06:27:28'),(520,114,'32657351-46f4-438c-affa-c5511754e62a.small.jpg','32657351-46f4-438c-affa-c5511754e62a.mid.jpg','32657351-46f4-438c-affa-c5511754e62a.original.jpg','2013-10-11 06:27:29'),(521,114,'be065522-a091-467f-a7e0-3396f9a6fa35.small.jpg','be065522-a091-467f-a7e0-3396f9a6fa35.mid.jpg','be065522-a091-467f-a7e0-3396f9a6fa35.original.jpg','2013-10-11 06:27:30'),(522,114,'9d92e508-f20e-4ad9-bd7f-052fe59c7b87.small.jpg','9d92e508-f20e-4ad9-bd7f-052fe59c7b87.mid.jpg','9d92e508-f20e-4ad9-bd7f-052fe59c7b87.original.jpg','2013-10-11 06:27:30'),(523,114,'63fdac1c-e404-4ca0-bde1-1b3e1f68f0b9.small.jpg','63fdac1c-e404-4ca0-bde1-1b3e1f68f0b9.mid.jpg','63fdac1c-e404-4ca0-bde1-1b3e1f68f0b9.original.jpg','2013-10-11 06:27:32'),(524,114,'12d6e119-04bf-4e21-a6b8-51c2d7d9a6f4.small.jpg','12d6e119-04bf-4e21-a6b8-51c2d7d9a6f4.mid.jpg','12d6e119-04bf-4e21-a6b8-51c2d7d9a6f4.original.jpg','2013-10-11 06:27:32'),(525,114,'3a3c0625-e374-47e5-af6a-ad6528bbb947.small.jpg','3a3c0625-e374-47e5-af6a-ad6528bbb947.mid.jpg','3a3c0625-e374-47e5-af6a-ad6528bbb947.original.jpg','2013-10-11 06:27:33'),(526,114,'0d99971e-4936-430b-834e-edcb2f4f3a76.small.jpg','0d99971e-4936-430b-834e-edcb2f4f3a76.mid.jpg','0d99971e-4936-430b-834e-edcb2f4f3a76.original.jpg','2013-10-11 06:27:34'),(527,114,'417116a4-31f2-4a9c-ada7-87d9ffcc4dda.small.jpg','417116a4-31f2-4a9c-ada7-87d9ffcc4dda.mid.jpg','417116a4-31f2-4a9c-ada7-87d9ffcc4dda.original.jpg','2013-10-11 06:27:34'),(528,115,'b5614e73-70b9-423e-813d-37817e6c4162.small.jpg','b5614e73-70b9-423e-813d-37817e6c4162.mid.jpg','b5614e73-70b9-423e-813d-37817e6c4162.original.jpg','2013-10-11 06:27:40'),(529,115,'91395442-ab9b-4c3e-bd7d-f64fc273fa79.small.jpg','91395442-ab9b-4c3e-bd7d-f64fc273fa79.mid.jpg','91395442-ab9b-4c3e-bd7d-f64fc273fa79.original.jpg','2013-10-11 06:27:40'),(530,115,'970437d2-589a-4de0-bc83-ed6232b2b998.small.jpg','970437d2-589a-4de0-bc83-ed6232b2b998.mid.jpg','970437d2-589a-4de0-bc83-ed6232b2b998.original.jpg','2013-10-11 06:27:41'),(531,115,'0879637e-b64d-4681-aa1c-03a8ba6cf096.small.jpg','0879637e-b64d-4681-aa1c-03a8ba6cf096.mid.jpg','0879637e-b64d-4681-aa1c-03a8ba6cf096.original.jpg','2013-10-11 06:27:43'),(532,115,'f08b6a6c-19ea-400d-9a40-6dbc371d932d.small.jpg','f08b6a6c-19ea-400d-9a40-6dbc371d932d.mid.jpg','f08b6a6c-19ea-400d-9a40-6dbc371d932d.original.jpg','2013-10-11 06:27:43'),(533,115,'c2117e5c-d149-44af-9b6e-e8b074541aa1.small.jpg','c2117e5c-d149-44af-9b6e-e8b074541aa1.mid.jpg','c2117e5c-d149-44af-9b6e-e8b074541aa1.original.jpg','2013-10-11 06:27:43'),(534,115,'33fce397-8af4-456a-8a02-0e3d5776295d.small.jpg','33fce397-8af4-456a-8a02-0e3d5776295d.mid.jpg','33fce397-8af4-456a-8a02-0e3d5776295d.original.jpg','2013-10-11 06:27:44'),(535,115,'2bc8cf20-52fe-4500-a881-178d1e404059.small.jpg','2bc8cf20-52fe-4500-a881-178d1e404059.mid.jpg','2bc8cf20-52fe-4500-a881-178d1e404059.original.jpg','2013-10-11 06:27:45'),(536,115,'18713f4c-b148-4225-bb94-b7f83f5e65d5.small.jpg','18713f4c-b148-4225-bb94-b7f83f5e65d5.mid.jpg','18713f4c-b148-4225-bb94-b7f83f5e65d5.original.jpg','2013-10-11 06:27:45'),(537,115,'d225b5a0-264f-429d-9a3a-8b2001d5b445.small.jpg','d225b5a0-264f-429d-9a3a-8b2001d5b445.mid.jpg','d225b5a0-264f-429d-9a3a-8b2001d5b445.original.jpg','2013-10-11 06:27:46'),(538,116,'337a7fd9-05f5-4862-bae3-40f462a6f8da.small.jpg','337a7fd9-05f5-4862-bae3-40f462a6f8da.mid.jpg','337a7fd9-05f5-4862-bae3-40f462a6f8da.original.jpg','2013-10-11 06:27:49'),(539,116,'20d4b950-e4af-4296-8542-d0cfa1d1508b.small.jpg','20d4b950-e4af-4296-8542-d0cfa1d1508b.mid.jpg','20d4b950-e4af-4296-8542-d0cfa1d1508b.original.jpg','2013-10-11 06:27:49'),(540,116,'6f76c0d9-0ecd-4ebb-a6d1-5406b8bceffa.small.jpg','6f76c0d9-0ecd-4ebb-a6d1-5406b8bceffa.mid.jpg','6f76c0d9-0ecd-4ebb-a6d1-5406b8bceffa.original.jpg','2013-10-11 06:27:49'),(541,116,'38193a0a-45a8-4d15-954b-291c3d92f3ac.small.jpg','38193a0a-45a8-4d15-954b-291c3d92f3ac.mid.jpg','38193a0a-45a8-4d15-954b-291c3d92f3ac.original.jpg','2013-10-11 06:27:49'),(542,116,'baa6d2a1-2ae3-452d-b016-eacdffd5ed69.small.jpg','baa6d2a1-2ae3-452d-b016-eacdffd5ed69.mid.jpg','baa6d2a1-2ae3-452d-b016-eacdffd5ed69.original.jpg','2013-10-11 06:27:49'),(543,117,'55127526-480a-4fee-ad14-9afdc9fb02c4.small.jpg','55127526-480a-4fee-ad14-9afdc9fb02c4.mid.jpg','55127526-480a-4fee-ad14-9afdc9fb02c4.original.jpg','2013-10-11 06:27:55'),(544,117,'0a2af774-5b56-4a1c-8885-18875ad26e8e.small.jpg','0a2af774-5b56-4a1c-8885-18875ad26e8e.mid.jpg','0a2af774-5b56-4a1c-8885-18875ad26e8e.original.jpg','2013-10-11 06:27:57'),(545,117,'b1733957-0005-48f0-aab3-7971d1e33755.small.jpg','b1733957-0005-48f0-aab3-7971d1e33755.mid.jpg','b1733957-0005-48f0-aab3-7971d1e33755.original.jpg','2013-10-11 06:27:57'),(546,117,'e1604e60-a872-4f82-9b78-03bfa421fb30.small.jpg','e1604e60-a872-4f82-9b78-03bfa421fb30.mid.jpg','e1604e60-a872-4f82-9b78-03bfa421fb30.original.jpg','2013-10-11 06:27:59'),(547,117,'7530ca7d-3f7c-4f31-bd5f-c02ec1a60b0f.small.jpg','7530ca7d-3f7c-4f31-bd5f-c02ec1a60b0f.mid.jpg','7530ca7d-3f7c-4f31-bd5f-c02ec1a60b0f.original.jpg','2013-10-11 06:27:59'),(548,117,'8c9ffb6f-4181-49d2-b40c-2eca726882f7.small.jpg','8c9ffb6f-4181-49d2-b40c-2eca726882f7.mid.jpg','8c9ffb6f-4181-49d2-b40c-2eca726882f7.original.jpg','2013-10-11 06:28:00'),(549,117,'30ec20a7-e70e-4479-ad17-8f5df8f19863.small.jpg','30ec20a7-e70e-4479-ad17-8f5df8f19863.mid.jpg','30ec20a7-e70e-4479-ad17-8f5df8f19863.original.jpg','2013-10-11 06:28:01'),(550,117,'0d4fc8df-6277-43ac-9ece-fdbfa97f2de6.small.jpg','0d4fc8df-6277-43ac-9ece-fdbfa97f2de6.mid.jpg','0d4fc8df-6277-43ac-9ece-fdbfa97f2de6.original.jpg','2013-10-11 06:28:01'),(551,117,'db847843-6199-483c-bbb0-626895201d43.small.jpg','db847843-6199-483c-bbb0-626895201d43.mid.jpg','db847843-6199-483c-bbb0-626895201d43.original.jpg','2013-10-11 06:28:02'),(552,117,'80542d3d-ec96-415e-b8de-22c1fce63f3c.small.jpg','80542d3d-ec96-415e-b8de-22c1fce63f3c.mid.jpg','80542d3d-ec96-415e-b8de-22c1fce63f3c.original.jpg','2013-10-11 06:28:03'),(553,118,'01b0b70e-b7e6-4557-9c54-d9abdf4cd851.small.jpg','01b0b70e-b7e6-4557-9c54-d9abdf4cd851.mid.jpg','01b0b70e-b7e6-4557-9c54-d9abdf4cd851.original.jpg','2013-10-11 06:28:05'),(554,118,'74bde5bf-7f0e-4c1e-84ab-ac1c36a803ed.small.jpg','74bde5bf-7f0e-4c1e-84ab-ac1c36a803ed.mid.jpg','74bde5bf-7f0e-4c1e-84ab-ac1c36a803ed.original.jpg','2013-10-11 06:28:05'),(555,118,'3bca9fab-fd51-4d2b-bd3c-3f5df652d8df.small.jpg','3bca9fab-fd51-4d2b-bd3c-3f5df652d8df.mid.jpg','3bca9fab-fd51-4d2b-bd3c-3f5df652d8df.original.jpg','2013-10-11 06:28:06'),(556,118,'79b805f9-f8aa-4709-8be7-7204098ffc87.small.jpg','79b805f9-f8aa-4709-8be7-7204098ffc87.mid.jpg','79b805f9-f8aa-4709-8be7-7204098ffc87.original.jpg','2013-10-11 06:28:07'),(557,119,'d319d86f-c3e6-43a1-aa38-52aa2826b7ac.small.jpg','d319d86f-c3e6-43a1-aa38-52aa2826b7ac.mid.jpg','d319d86f-c3e6-43a1-aa38-52aa2826b7ac.original.jpg','2013-10-11 06:28:13'),(558,119,'3573f528-5b71-4d94-9725-73299aa70e0f.small.jpg','3573f528-5b71-4d94-9725-73299aa70e0f.mid.jpg','3573f528-5b71-4d94-9725-73299aa70e0f.original.jpg','2013-10-11 06:28:13'),(559,119,'f9ff2b05-325a-43e0-92cd-71a6d0bb2f73.small.jpg','f9ff2b05-325a-43e0-92cd-71a6d0bb2f73.mid.jpg','f9ff2b05-325a-43e0-92cd-71a6d0bb2f73.original.jpg','2013-10-11 06:28:15'),(560,119,'f6d2321c-2cea-447d-a039-8af13457aa17.small.jpg','f6d2321c-2cea-447d-a039-8af13457aa17.mid.jpg','f6d2321c-2cea-447d-a039-8af13457aa17.original.jpg','2013-10-11 06:28:17'),(561,119,'c86890f9-27ed-4f55-872d-a0ae03bd24f2.small.jpg','c86890f9-27ed-4f55-872d-a0ae03bd24f2.mid.jpg','c86890f9-27ed-4f55-872d-a0ae03bd24f2.original.jpg','2013-10-11 06:28:17'),(562,119,'07b73f5d-9853-49be-989c-809a8a339be8.small.jpg','07b73f5d-9853-49be-989c-809a8a339be8.mid.jpg','07b73f5d-9853-49be-989c-809a8a339be8.original.jpg','2013-10-11 06:28:18'),(563,120,'5d2050ba-e090-46c5-9d2d-346155c9b13e.small.jpg','5d2050ba-e090-46c5-9d2d-346155c9b13e.mid.jpg','5d2050ba-e090-46c5-9d2d-346155c9b13e.original.jpg','2013-10-11 06:28:26'),(564,120,'3dcef816-ba1e-4944-b698-b1d492581c21.small.jpg','3dcef816-ba1e-4944-b698-b1d492581c21.mid.jpg','3dcef816-ba1e-4944-b698-b1d492581c21.original.jpg','2013-10-11 06:28:28'),(565,120,'7047f46c-c126-4f20-a66e-e9d255d3364e.small.jpg','7047f46c-c126-4f20-a66e-e9d255d3364e.mid.jpg','7047f46c-c126-4f20-a66e-e9d255d3364e.original.jpg','2013-10-11 06:28:28'),(566,120,'ba4d1e07-6cca-489b-8224-23002e61d872.small.jpg','ba4d1e07-6cca-489b-8224-23002e61d872.mid.jpg','ba4d1e07-6cca-489b-8224-23002e61d872.original.jpg','2013-10-11 06:28:29'),(567,120,'02da6b7c-5153-4481-9298-731ff163de2f.small.jpg','02da6b7c-5153-4481-9298-731ff163de2f.mid.jpg','02da6b7c-5153-4481-9298-731ff163de2f.original.jpg','2013-10-11 06:28:30'),(568,120,'1d37d8bd-bf82-45c2-82a9-c8de47d33799.small.jpg','1d37d8bd-bf82-45c2-82a9-c8de47d33799.mid.jpg','1d37d8bd-bf82-45c2-82a9-c8de47d33799.original.jpg','2013-10-11 06:28:30'),(569,120,'c1e3f671-9de3-40dc-9230-5fcc4b2b9544.small.jpg','c1e3f671-9de3-40dc-9230-5fcc4b2b9544.mid.jpg','c1e3f671-9de3-40dc-9230-5fcc4b2b9544.original.jpg','2013-10-11 06:28:30'),(570,120,'7ae0a567-d7b8-41aa-b5e0-4f716b36e8f1.small.jpg','7ae0a567-d7b8-41aa-b5e0-4f716b36e8f1.mid.jpg','7ae0a567-d7b8-41aa-b5e0-4f716b36e8f1.original.jpg','2013-10-11 06:28:31'),(571,121,'7e7083cf-7349-4fdd-8798-37015d65fc46.small.jpg','7e7083cf-7349-4fdd-8798-37015d65fc46.mid.jpg','7e7083cf-7349-4fdd-8798-37015d65fc46.original.jpg','2013-10-11 06:28:34'),(572,121,'d7b8c5d2-4a9c-4722-8ab4-3de9a984b217.small.jpg','d7b8c5d2-4a9c-4722-8ab4-3de9a984b217.mid.jpg','d7b8c5d2-4a9c-4722-8ab4-3de9a984b217.original.jpg','2013-10-11 06:28:34'),(573,121,'ea18c884-d4c3-4deb-9311-8283fea438f5.small.jpg','ea18c884-d4c3-4deb-9311-8283fea438f5.mid.jpg','ea18c884-d4c3-4deb-9311-8283fea438f5.original.jpg','2013-10-11 06:28:35'),(574,121,'802e1b47-29e1-4ce8-9e4d-c06bbf427011.small.jpg','802e1b47-29e1-4ce8-9e4d-c06bbf427011.mid.jpg','802e1b47-29e1-4ce8-9e4d-c06bbf427011.original.jpg','2013-10-11 06:28:35'),(575,121,'b1147cea-2395-4f0b-b90d-de6d9228f886.small.jpg','b1147cea-2395-4f0b-b90d-de6d9228f886.mid.jpg','b1147cea-2395-4f0b-b90d-de6d9228f886.original.jpg','2013-10-11 06:28:35'),(576,121,'45091df7-5296-4c88-a923-aecf369955ae.small.jpg','45091df7-5296-4c88-a923-aecf369955ae.mid.jpg','45091df7-5296-4c88-a923-aecf369955ae.original.jpg','2013-10-11 06:28:35'),(577,121,'d9178b58-584e-448e-891d-4351cc54bef5.small.jpg','d9178b58-584e-448e-891d-4351cc54bef5.mid.jpg','d9178b58-584e-448e-891d-4351cc54bef5.original.jpg','2013-10-11 06:28:36'),(578,121,'84603cdd-27f0-4412-8e01-43ba9cfbf6d8.small.jpg','84603cdd-27f0-4412-8e01-43ba9cfbf6d8.mid.jpg','84603cdd-27f0-4412-8e01-43ba9cfbf6d8.original.jpg','2013-10-11 06:28:36'),(579,121,'3021ecd5-e135-46e1-8cb6-42ee3f4374e5.small.jpg','3021ecd5-e135-46e1-8cb6-42ee3f4374e5.mid.jpg','3021ecd5-e135-46e1-8cb6-42ee3f4374e5.original.jpg','2013-10-11 06:28:36'),(580,121,'3734a574-7231-46bc-818f-39cc06054605.small.jpg','3734a574-7231-46bc-818f-39cc06054605.mid.jpg','3734a574-7231-46bc-818f-39cc06054605.original.jpg','2013-10-11 06:28:36'),(581,122,'81ca3d37-a99c-44e4-ab1c-cf7f67347d01.small.jpg','81ca3d37-a99c-44e4-ab1c-cf7f67347d01.mid.jpg','81ca3d37-a99c-44e4-ab1c-cf7f67347d01.original.jpg','2013-10-11 06:28:40'),(582,122,'fb87120e-9efb-4ace-9923-762746564d3c.small.jpg','fb87120e-9efb-4ace-9923-762746564d3c.mid.jpg','fb87120e-9efb-4ace-9923-762746564d3c.original.jpg','2013-10-11 06:28:41'),(583,122,'7d408a5b-c73c-45cb-b3e8-d502eb208191.small.jpg','7d408a5b-c73c-45cb-b3e8-d502eb208191.mid.jpg','7d408a5b-c73c-45cb-b3e8-d502eb208191.original.jpg','2013-10-11 06:28:42'),(584,122,'427ff37e-a0dd-4ef6-875e-8796b959244f.small.jpg','427ff37e-a0dd-4ef6-875e-8796b959244f.mid.jpg','427ff37e-a0dd-4ef6-875e-8796b959244f.original.jpg','2013-10-11 06:28:43'),(585,122,'f6995749-22ec-4eb3-991e-bfc77478d45d.small.jpg','f6995749-22ec-4eb3-991e-bfc77478d45d.mid.jpg','f6995749-22ec-4eb3-991e-bfc77478d45d.original.jpg','2013-10-11 06:28:44'),(586,122,'8a033336-312d-48f0-96bd-c5e7a017d94a.small.jpg','8a033336-312d-48f0-96bd-c5e7a017d94a.mid.jpg','8a033336-312d-48f0-96bd-c5e7a017d94a.original.jpg','2013-10-11 06:28:44'),(587,123,'e9d2cb1a-98eb-4f8c-9440-97976bd3cd29.small.jpg','e9d2cb1a-98eb-4f8c-9440-97976bd3cd29.mid.jpg','e9d2cb1a-98eb-4f8c-9440-97976bd3cd29.original.jpg','2013-10-11 06:28:47'),(588,123,'bf6eed89-4fb7-4125-82c7-531f69b5d2bb.small.jpg','bf6eed89-4fb7-4125-82c7-531f69b5d2bb.mid.jpg','bf6eed89-4fb7-4125-82c7-531f69b5d2bb.original.jpg','2013-10-11 06:28:47'),(589,123,'3a99dbb9-2d82-48f6-b8fa-9ab89a62091c.small.jpg','3a99dbb9-2d82-48f6-b8fa-9ab89a62091c.mid.jpg','3a99dbb9-2d82-48f6-b8fa-9ab89a62091c.original.jpg','2013-10-11 06:28:49'),(590,123,'3d54f33c-0b02-4048-9e21-62a3d4ff24b7.small.jpg','3d54f33c-0b02-4048-9e21-62a3d4ff24b7.mid.jpg','3d54f33c-0b02-4048-9e21-62a3d4ff24b7.original.jpg','2013-10-11 06:28:49'),(591,123,'47ab9f3b-51e3-4d7d-993f-ce69c607f1d8.small.jpg','47ab9f3b-51e3-4d7d-993f-ce69c607f1d8.mid.jpg','47ab9f3b-51e3-4d7d-993f-ce69c607f1d8.original.jpg','2013-10-11 06:28:49'),(592,123,'87ca0977-5025-48f4-8420-ae393e7ef97f.small.jpg','87ca0977-5025-48f4-8420-ae393e7ef97f.mid.jpg','87ca0977-5025-48f4-8420-ae393e7ef97f.original.jpg','2013-10-11 06:28:50'),(593,124,'eb02cb17-54d5-449b-ac71-431448e08939.small.jpg','eb02cb17-54d5-449b-ac71-431448e08939.mid.jpg','eb02cb17-54d5-449b-ac71-431448e08939.original.jpg','2013-10-11 06:28:54'),(594,124,'42dc3ef0-fc4d-4064-90a3-d0964ea0bda5.small.jpg','42dc3ef0-fc4d-4064-90a3-d0964ea0bda5.mid.jpg','42dc3ef0-fc4d-4064-90a3-d0964ea0bda5.original.jpg','2013-10-11 06:28:55'),(595,124,'da700778-cf2f-4b25-81bb-4c57ee31d56a.small.jpg','da700778-cf2f-4b25-81bb-4c57ee31d56a.mid.jpg','da700778-cf2f-4b25-81bb-4c57ee31d56a.original.jpg','2013-10-11 06:28:55'),(596,124,'9c62d5d5-a3f2-45d3-a4f1-b8075b74a9b9.small.jpg','9c62d5d5-a3f2-45d3-a4f1-b8075b74a9b9.mid.jpg','9c62d5d5-a3f2-45d3-a4f1-b8075b74a9b9.original.jpg','2013-10-11 06:28:56'),(597,124,'1f64c2e4-4317-4023-8bec-de4013e6cee6.small.jpg','1f64c2e4-4317-4023-8bec-de4013e6cee6.mid.jpg','1f64c2e4-4317-4023-8bec-de4013e6cee6.original.jpg','2013-10-11 06:28:56'),(598,124,'b657e132-b38f-4d5d-9a61-aa0b0b11ce7e.small.jpg','b657e132-b38f-4d5d-9a61-aa0b0b11ce7e.mid.jpg','b657e132-b38f-4d5d-9a61-aa0b0b11ce7e.original.jpg','2013-10-11 06:28:57'),(599,124,'8430a9fb-4838-4c5a-809c-5ec26ae67413.small.jpg','8430a9fb-4838-4c5a-809c-5ec26ae67413.mid.jpg','8430a9fb-4838-4c5a-809c-5ec26ae67413.original.jpg','2013-10-11 06:28:58'),(600,125,'43c22b85-76cf-4873-b28a-3fcef6ed65a1.small.jpg','43c22b85-76cf-4873-b28a-3fcef6ed65a1.mid.jpg','43c22b85-76cf-4873-b28a-3fcef6ed65a1.original.jpg','2013-10-11 06:29:04'),(601,125,'d6d92515-6308-45f2-9f80-6662eeb92591.small.jpg','d6d92515-6308-45f2-9f80-6662eeb92591.mid.jpg','d6d92515-6308-45f2-9f80-6662eeb92591.original.jpg','2013-10-11 06:29:04'),(602,125,'716bfb8a-fb99-47b3-8a7a-409c3b33841b.small.jpg','716bfb8a-fb99-47b3-8a7a-409c3b33841b.mid.jpg','716bfb8a-fb99-47b3-8a7a-409c3b33841b.original.jpg','2013-10-11 06:29:06'),(603,125,'e8f6cfd4-377e-4d0c-815f-afed8a0140a9.small.jpg','e8f6cfd4-377e-4d0c-815f-afed8a0140a9.mid.jpg','e8f6cfd4-377e-4d0c-815f-afed8a0140a9.original.jpg','2013-10-11 06:29:07'),(604,125,'006ff71d-90a0-451b-a965-f546d1d8d16c.small.jpg','006ff71d-90a0-451b-a965-f546d1d8d16c.mid.jpg','006ff71d-90a0-451b-a965-f546d1d8d16c.original.jpg','2013-10-11 06:29:07'),(605,125,'93a63e23-2b65-43f9-bc36-2ded08c77699.small.jpg','93a63e23-2b65-43f9-bc36-2ded08c77699.mid.jpg','93a63e23-2b65-43f9-bc36-2ded08c77699.original.jpg','2013-10-11 06:29:08'),(606,125,'5b641bc2-79f1-46dc-a91b-47d43063fd89.small.jpg','5b641bc2-79f1-46dc-a91b-47d43063fd89.mid.jpg','5b641bc2-79f1-46dc-a91b-47d43063fd89.original.jpg','2013-10-11 06:29:08'),(607,125,'073700b4-d0fe-4fba-aa96-d5a4a95d0bc3.small.jpg','073700b4-d0fe-4fba-aa96-d5a4a95d0bc3.mid.jpg','073700b4-d0fe-4fba-aa96-d5a4a95d0bc3.original.jpg','2013-10-11 06:29:09'),(608,125,'8d2c2c9b-2c62-4217-aeff-bce619ebcb20.small.jpg','8d2c2c9b-2c62-4217-aeff-bce619ebcb20.mid.jpg','8d2c2c9b-2c62-4217-aeff-bce619ebcb20.original.jpg','2013-10-11 06:29:10'),(609,125,'94c4cbb8-52b0-4b32-8dd2-53e90a473e14.small.jpg','94c4cbb8-52b0-4b32-8dd2-53e90a473e14.mid.jpg','94c4cbb8-52b0-4b32-8dd2-53e90a473e14.original.jpg','2013-10-11 06:29:11'),(610,126,'e78cb33a-b0d6-42af-9e56-88966d10eb01.small.jpg','e78cb33a-b0d6-42af-9e56-88966d10eb01.mid.jpg','e78cb33a-b0d6-42af-9e56-88966d10eb01.original.jpg','2013-10-11 06:29:16'),(611,126,'373cc9c3-2aad-4299-87bd-758c4ff49e9c.small.jpg','373cc9c3-2aad-4299-87bd-758c4ff49e9c.mid.jpg','373cc9c3-2aad-4299-87bd-758c4ff49e9c.original.jpg','2013-10-11 06:29:16'),(612,126,'f5458fdd-48ce-478d-a65a-30af488ecf64.small.jpg','f5458fdd-48ce-478d-a65a-30af488ecf64.mid.jpg','f5458fdd-48ce-478d-a65a-30af488ecf64.original.jpg','2013-10-11 06:29:17'),(613,126,'1c7e9efa-6a32-41db-8ec7-e11ac67e4953.small.jpg','1c7e9efa-6a32-41db-8ec7-e11ac67e4953.mid.jpg','1c7e9efa-6a32-41db-8ec7-e11ac67e4953.original.jpg','2013-10-11 06:29:18'),(614,126,'80cd8202-61b6-4941-8d5c-3efef99fae02.small.jpg','80cd8202-61b6-4941-8d5c-3efef99fae02.mid.jpg','80cd8202-61b6-4941-8d5c-3efef99fae02.original.jpg','2013-10-11 06:29:18'),(615,127,'2308d313-32c4-43df-970d-5670cd50d75c.small.jpg','2308d313-32c4-43df-970d-5670cd50d75c.mid.jpg','2308d313-32c4-43df-970d-5670cd50d75c.original.jpg','2013-10-11 06:29:22'),(616,127,'80ac2012-93b4-462c-a072-dd37212aa4d1.small.jpg','80ac2012-93b4-462c-a072-dd37212aa4d1.mid.jpg','80ac2012-93b4-462c-a072-dd37212aa4d1.original.jpg','2013-10-11 06:29:23'),(617,127,'1f8d94d7-58fe-4173-a61e-75fed7090ae5.small.jpg','1f8d94d7-58fe-4173-a61e-75fed7090ae5.mid.jpg','1f8d94d7-58fe-4173-a61e-75fed7090ae5.original.jpg','2013-10-11 06:29:24'),(618,127,'b8a0adb5-4101-420b-ac74-ec6337715298.small.jpg','b8a0adb5-4101-420b-ac74-ec6337715298.mid.jpg','b8a0adb5-4101-420b-ac74-ec6337715298.original.jpg','2013-10-11 06:29:26'),(619,127,'8a27bdc8-ee03-489d-a750-9da24600a86b.small.jpg','8a27bdc8-ee03-489d-a750-9da24600a86b.mid.jpg','8a27bdc8-ee03-489d-a750-9da24600a86b.original.jpg','2013-10-11 06:29:27'),(620,128,'9325eb58-025e-432b-b629-767460b4148a.small.jpg','9325eb58-025e-432b-b629-767460b4148a.mid.jpg','9325eb58-025e-432b-b629-767460b4148a.original.jpg','2013-10-11 06:29:30'),(621,128,'5c1d8923-6717-489d-9d3c-9c32d86d7ce3.small.jpg','5c1d8923-6717-489d-9d3c-9c32d86d7ce3.mid.jpg','5c1d8923-6717-489d-9d3c-9c32d86d7ce3.original.jpg','2013-10-11 06:29:31'),(622,128,'1e06e4b5-66b3-44e5-ad21-5b004b7a66d2.small.jpg','1e06e4b5-66b3-44e5-ad21-5b004b7a66d2.mid.jpg','1e06e4b5-66b3-44e5-ad21-5b004b7a66d2.original.jpg','2013-10-11 06:29:32'),(623,129,'1c8d31aa-95b4-4cab-b427-5fd3d6c9a0a1.small.jpg','1c8d31aa-95b4-4cab-b427-5fd3d6c9a0a1.mid.jpg','1c8d31aa-95b4-4cab-b427-5fd3d6c9a0a1.original.jpg','2013-10-11 06:29:36'),(624,129,'98026ec5-aa18-4d68-bd19-5edba6fd2a33.small.jpg','98026ec5-aa18-4d68-bd19-5edba6fd2a33.mid.jpg','98026ec5-aa18-4d68-bd19-5edba6fd2a33.original.jpg','2013-10-11 06:29:37'),(625,129,'fb78376e-b2fb-4f3a-8c43-0b3997b378c1.small.jpg','fb78376e-b2fb-4f3a-8c43-0b3997b378c1.mid.jpg','fb78376e-b2fb-4f3a-8c43-0b3997b378c1.original.jpg','2013-10-11 06:29:38'),(626,129,'31cfe932-bd5f-400e-9762-800b504439e3.small.jpg','31cfe932-bd5f-400e-9762-800b504439e3.mid.jpg','31cfe932-bd5f-400e-9762-800b504439e3.original.jpg','2013-10-11 06:29:40'),(627,129,'26152690-0df1-4d4e-9959-f17a36265eae.small.jpg','26152690-0df1-4d4e-9959-f17a36265eae.mid.jpg','26152690-0df1-4d4e-9959-f17a36265eae.original.jpg','2013-10-11 06:29:41'),(628,130,'a72ed691-6bba-4ea7-9d3d-e484b5d2c418.small.jpg','a72ed691-6bba-4ea7-9d3d-e484b5d2c418.mid.jpg','a72ed691-6bba-4ea7-9d3d-e484b5d2c418.original.jpg','2013-10-11 06:29:43'),(629,130,'32d92ded-b5ae-4c65-bbfc-8bfc4029f34e.small.jpg','32d92ded-b5ae-4c65-bbfc-8bfc4029f34e.mid.jpg','32d92ded-b5ae-4c65-bbfc-8bfc4029f34e.original.jpg','2013-10-11 06:29:45'),(630,130,'9b0e877c-0a50-405b-ae2e-f3fcf47f0a56.small.jpg','9b0e877c-0a50-405b-ae2e-f3fcf47f0a56.mid.jpg','9b0e877c-0a50-405b-ae2e-f3fcf47f0a56.original.jpg','2013-10-11 06:29:46'),(631,130,'3756a888-89a6-4fe9-86c2-fb339bd0ad8f.small.jpg','3756a888-89a6-4fe9-86c2-fb339bd0ad8f.mid.jpg','3756a888-89a6-4fe9-86c2-fb339bd0ad8f.original.jpg','2013-10-11 06:29:46'),(632,130,'dcdab2e9-75d9-4b8a-9e25-55d89a29b5fa.small.jpg','dcdab2e9-75d9-4b8a-9e25-55d89a29b5fa.mid.jpg','dcdab2e9-75d9-4b8a-9e25-55d89a29b5fa.original.jpg','2013-10-11 06:29:47'),(633,130,'2460b821-0d32-4c42-a12e-20046d98d59c.small.jpg','2460b821-0d32-4c42-a12e-20046d98d59c.mid.jpg','2460b821-0d32-4c42-a12e-20046d98d59c.original.jpg','2013-10-11 06:29:47'),(634,130,'4f30a3da-47ef-4ecd-9f01-cde1c100376e.small.jpg','4f30a3da-47ef-4ecd-9f01-cde1c100376e.mid.jpg','4f30a3da-47ef-4ecd-9f01-cde1c100376e.original.jpg','2013-10-11 06:29:48'),(635,131,'d254f849-1baa-49ee-8774-c24e36a89601.small.jpg','d254f849-1baa-49ee-8774-c24e36a89601.mid.jpg','d254f849-1baa-49ee-8774-c24e36a89601.original.jpg','2013-10-11 06:29:52'),(636,131,'6e2764d2-dec3-4395-80c6-9a5c5f6ebf85.small.jpg','6e2764d2-dec3-4395-80c6-9a5c5f6ebf85.mid.jpg','6e2764d2-dec3-4395-80c6-9a5c5f6ebf85.original.jpg','2013-10-11 06:29:54'),(637,131,'51041f6e-5ce5-4e70-9dc6-4aa108a5860d.small.jpg','51041f6e-5ce5-4e70-9dc6-4aa108a5860d.mid.jpg','51041f6e-5ce5-4e70-9dc6-4aa108a5860d.original.jpg','2013-10-11 06:29:55'),(638,131,'ee9e7ed6-c137-47ac-834d-2f673d98b045.small.jpg','ee9e7ed6-c137-47ac-834d-2f673d98b045.mid.jpg','ee9e7ed6-c137-47ac-834d-2f673d98b045.original.jpg','2013-10-11 06:29:55'),(639,131,'1ebbe452-a65f-404d-a061-2f3e18c48b2c.small.jpg','1ebbe452-a65f-404d-a061-2f3e18c48b2c.mid.jpg','1ebbe452-a65f-404d-a061-2f3e18c48b2c.original.jpg','2013-10-11 06:29:57'),(640,131,'c843f147-e6e7-44b8-82a5-45b0f0b16e20.small.jpg','c843f147-e6e7-44b8-82a5-45b0f0b16e20.mid.jpg','c843f147-e6e7-44b8-82a5-45b0f0b16e20.original.jpg','2013-10-11 06:29:57'),(641,131,'1c803e4e-2728-43a9-88b9-5f56c60c9fd2.small.jpg','1c803e4e-2728-43a9-88b9-5f56c60c9fd2.mid.jpg','1c803e4e-2728-43a9-88b9-5f56c60c9fd2.original.jpg','2013-10-11 06:29:59'),(642,131,'00f43684-6ca6-4c6a-af51-f593292ede60.small.jpg','00f43684-6ca6-4c6a-af51-f593292ede60.mid.jpg','00f43684-6ca6-4c6a-af51-f593292ede60.original.jpg','2013-10-11 06:30:00'),(643,131,'705ae173-1318-48c6-932c-56a93f1eed43.small.jpg','705ae173-1318-48c6-932c-56a93f1eed43.mid.jpg','705ae173-1318-48c6-932c-56a93f1eed43.original.jpg','2013-10-11 06:30:01'),(644,131,'aa97b54c-653b-4a73-87ba-b632ec746159.small.jpg','aa97b54c-653b-4a73-87ba-b632ec746159.mid.jpg','aa97b54c-653b-4a73-87ba-b632ec746159.original.jpg','2013-10-11 06:30:02'),(645,132,'77e40a63-7491-49ee-ad2b-765302b8018a.small.jpg','77e40a63-7491-49ee-ad2b-765302b8018a.mid.jpg','77e40a63-7491-49ee-ad2b-765302b8018a.original.jpg','2013-10-11 06:30:05'),(646,132,'e8857870-6003-441a-93b7-35bfedb071c1.small.jpg','e8857870-6003-441a-93b7-35bfedb071c1.mid.jpg','e8857870-6003-441a-93b7-35bfedb071c1.original.jpg','2013-10-11 06:30:08'),(647,132,'b373db66-c491-45fd-a6d6-6f3352313a64.small.jpg','b373db66-c491-45fd-a6d6-6f3352313a64.mid.jpg','b373db66-c491-45fd-a6d6-6f3352313a64.original.jpg','2013-10-11 06:30:08'),(648,132,'7bc9ec4f-8ed7-4dff-b442-01df0b4f1da2.small.jpg','7bc9ec4f-8ed7-4dff-b442-01df0b4f1da2.mid.jpg','7bc9ec4f-8ed7-4dff-b442-01df0b4f1da2.original.jpg','2013-10-11 06:30:09'),(649,132,'656de4e3-fbbf-4df3-ba3f-9f02d5755fe8.small.jpg','656de4e3-fbbf-4df3-ba3f-9f02d5755fe8.mid.jpg','656de4e3-fbbf-4df3-ba3f-9f02d5755fe8.original.jpg','2013-10-11 06:30:10'),(650,132,'37cf236d-cf3e-4d6d-8a87-5f777e24fd78.small.jpg','37cf236d-cf3e-4d6d-8a87-5f777e24fd78.mid.jpg','37cf236d-cf3e-4d6d-8a87-5f777e24fd78.original.jpg','2013-10-11 06:30:11'),(651,133,'9537f9da-029e-475e-bcd8-2c69692b7785.small.jpg','9537f9da-029e-475e-bcd8-2c69692b7785.mid.jpg','9537f9da-029e-475e-bcd8-2c69692b7785.original.jpg','2013-10-11 06:30:13'),(652,133,'4003f9e8-0733-4386-9112-8f2c07bba825.small.jpg','4003f9e8-0733-4386-9112-8f2c07bba825.mid.jpg','4003f9e8-0733-4386-9112-8f2c07bba825.original.jpg','2013-10-11 06:30:14'),(653,133,'6d07b5f6-264f-4d1e-9d24-81c95b553802.small.jpg','6d07b5f6-264f-4d1e-9d24-81c95b553802.mid.jpg','6d07b5f6-264f-4d1e-9d24-81c95b553802.original.jpg','2013-10-11 06:30:15'),(654,133,'f5f06f3d-8c7c-49eb-8754-942f9c6e30fc.small.jpg','f5f06f3d-8c7c-49eb-8754-942f9c6e30fc.mid.jpg','f5f06f3d-8c7c-49eb-8754-942f9c6e30fc.original.jpg','2013-10-11 06:30:17'),(655,133,'4d3d6d56-dc10-411c-a924-629c407beeac.small.jpg','4d3d6d56-dc10-411c-a924-629c407beeac.mid.jpg','4d3d6d56-dc10-411c-a924-629c407beeac.original.jpg','2013-10-11 06:30:17'),(656,133,'483f92e3-43b6-4f82-a891-6ee8ef6b758f.small.jpg','483f92e3-43b6-4f82-a891-6ee8ef6b758f.mid.jpg','483f92e3-43b6-4f82-a891-6ee8ef6b758f.original.jpg','2013-10-11 06:30:18'),(657,133,'701204af-1776-442c-9ca3-0299338bb943.small.jpg','701204af-1776-442c-9ca3-0299338bb943.mid.jpg','701204af-1776-442c-9ca3-0299338bb943.original.jpg','2013-10-11 06:30:20'),(658,133,'4273524c-8bed-4df7-972e-c39e663b68a1.small.jpg','4273524c-8bed-4df7-972e-c39e663b68a1.mid.jpg','4273524c-8bed-4df7-972e-c39e663b68a1.original.jpg','2013-10-11 06:30:21'),(659,133,'d9f6fd81-9c79-4ba5-8bdd-b1558d76a38d.small.jpg','d9f6fd81-9c79-4ba5-8bdd-b1558d76a38d.mid.jpg','d9f6fd81-9c79-4ba5-8bdd-b1558d76a38d.original.jpg','2013-10-11 06:30:22'),(660,133,'ee6978d7-9103-45c0-a15b-bd1840bcf75b.small.jpg','ee6978d7-9103-45c0-a15b-bd1840bcf75b.mid.jpg','ee6978d7-9103-45c0-a15b-bd1840bcf75b.original.jpg','2013-10-11 06:30:23'),(661,134,'d148d43a-eeb7-42bc-8606-ca83a1cdbe52.small.jpg','d148d43a-eeb7-42bc-8606-ca83a1cdbe52.mid.jpg','d148d43a-eeb7-42bc-8606-ca83a1cdbe52.original.jpg','2013-10-11 06:30:28'),(662,134,'6b3b4e11-f20f-4226-8d18-227b4b2d2ff0.small.jpg','6b3b4e11-f20f-4226-8d18-227b4b2d2ff0.mid.jpg','6b3b4e11-f20f-4226-8d18-227b4b2d2ff0.original.jpg','2013-10-11 06:30:29'),(663,134,'bd669b09-ab6e-4c41-9ff4-0f84dd391faf.small.jpg','bd669b09-ab6e-4c41-9ff4-0f84dd391faf.mid.jpg','bd669b09-ab6e-4c41-9ff4-0f84dd391faf.original.jpg','2013-10-11 06:30:31'),(664,134,'26c0885f-15a9-4f52-93e8-698f2d2f6498.small.jpg','26c0885f-15a9-4f52-93e8-698f2d2f6498.mid.jpg','26c0885f-15a9-4f52-93e8-698f2d2f6498.original.jpg','2013-10-11 06:30:33'),(665,134,'15b4233a-163e-4e33-a02a-9c923543d19d.small.jpg','15b4233a-163e-4e33-a02a-9c923543d19d.mid.jpg','15b4233a-163e-4e33-a02a-9c923543d19d.original.jpg','2013-10-11 06:30:34'),(666,134,'d7164248-3021-4ff0-b62b-b9910fee3ed5.small.jpg','d7164248-3021-4ff0-b62b-b9910fee3ed5.mid.jpg','d7164248-3021-4ff0-b62b-b9910fee3ed5.original.jpg','2013-10-11 06:30:34'),(667,134,'97d51584-411a-49c4-bc41-91e1513e5aee.small.jpg','97d51584-411a-49c4-bc41-91e1513e5aee.mid.jpg','97d51584-411a-49c4-bc41-91e1513e5aee.original.jpg','2013-10-11 06:30:35'),(668,135,'d4a743de-3601-4ce6-be01-80584aae29bc.small.jpg','d4a743de-3601-4ce6-be01-80584aae29bc.mid.jpg','d4a743de-3601-4ce6-be01-80584aae29bc.original.jpg','2013-10-11 06:30:39'),(669,135,'8d306c9d-6111-4528-9e28-078c975e07ad.small.jpg','8d306c9d-6111-4528-9e28-078c975e07ad.mid.jpg','8d306c9d-6111-4528-9e28-078c975e07ad.original.jpg','2013-10-11 06:30:40'),(670,135,'e7d868f9-1549-4213-91b8-1060534be8ab.small.jpg','e7d868f9-1549-4213-91b8-1060534be8ab.mid.jpg','e7d868f9-1549-4213-91b8-1060534be8ab.original.jpg','2013-10-11 06:30:41'),(671,135,'71e0df3b-108c-4a4f-96c5-b00ce8e6ac33.small.jpg','71e0df3b-108c-4a4f-96c5-b00ce8e6ac33.mid.jpg','71e0df3b-108c-4a4f-96c5-b00ce8e6ac33.original.jpg','2013-10-11 06:30:41'),(672,135,'70d172e9-2919-4b89-83a0-8485b467392e.small.jpg','70d172e9-2919-4b89-83a0-8485b467392e.mid.jpg','70d172e9-2919-4b89-83a0-8485b467392e.original.jpg','2013-10-11 06:30:42'),(673,135,'7e103cc4-3236-4002-ab5d-ca59bc5e8096.small.jpg','7e103cc4-3236-4002-ab5d-ca59bc5e8096.mid.jpg','7e103cc4-3236-4002-ab5d-ca59bc5e8096.original.jpg','2013-10-11 06:30:43'),(674,136,'962a4843-2bd9-4a83-a1c3-aaa647584cf7.small.jpg','962a4843-2bd9-4a83-a1c3-aaa647584cf7.mid.jpg','962a4843-2bd9-4a83-a1c3-aaa647584cf7.original.jpg','2013-10-11 06:30:47'),(675,136,'44deff83-f476-46ca-b623-69f4f1ffeefe.small.jpg','44deff83-f476-46ca-b623-69f4f1ffeefe.mid.jpg','44deff83-f476-46ca-b623-69f4f1ffeefe.original.jpg','2013-10-11 06:30:48'),(676,136,'78e9e54c-c613-4ea4-b5c7-cd9826338613.small.jpg','78e9e54c-c613-4ea4-b5c7-cd9826338613.mid.jpg','78e9e54c-c613-4ea4-b5c7-cd9826338613.original.jpg','2013-10-11 06:30:49'),(677,136,'7ba38fd6-4e09-481d-ad90-b010bfbc4ad1.small.jpg','7ba38fd6-4e09-481d-ad90-b010bfbc4ad1.mid.jpg','7ba38fd6-4e09-481d-ad90-b010bfbc4ad1.original.jpg','2013-10-11 06:30:50'),(678,136,'9f73f1a7-500f-44a6-b928-bc2cd5609ff7.small.jpg','9f73f1a7-500f-44a6-b928-bc2cd5609ff7.mid.jpg','9f73f1a7-500f-44a6-b928-bc2cd5609ff7.original.jpg','2013-10-11 06:30:51'),(679,137,'80a7aa02-7164-4744-b844-ac6a51fd5020.small.jpg','80a7aa02-7164-4744-b844-ac6a51fd5020.mid.jpg','80a7aa02-7164-4744-b844-ac6a51fd5020.original.jpg','2013-10-11 06:30:54'),(680,137,'cc0de56c-d738-4660-8288-897d64b5e10d.small.jpg','cc0de56c-d738-4660-8288-897d64b5e10d.mid.jpg','cc0de56c-d738-4660-8288-897d64b5e10d.original.jpg','2013-10-11 06:30:55'),(681,137,'d5099461-bedd-498a-8430-debc586c9f57.small.jpg','d5099461-bedd-498a-8430-debc586c9f57.mid.jpg','d5099461-bedd-498a-8430-debc586c9f57.original.jpg','2013-10-11 06:30:57'),(682,137,'849b7c68-0e00-4f4a-bd4b-8f88ed422e1f.small.jpg','849b7c68-0e00-4f4a-bd4b-8f88ed422e1f.mid.jpg','849b7c68-0e00-4f4a-bd4b-8f88ed422e1f.original.jpg','2013-10-11 06:30:57'),(683,137,'ea22c6f1-3c80-439f-8f36-e60589f8d06f.small.jpg','ea22c6f1-3c80-439f-8f36-e60589f8d06f.mid.jpg','ea22c6f1-3c80-439f-8f36-e60589f8d06f.original.jpg','2013-10-11 06:30:58'),(684,137,'051fa2b7-64dd-493c-a01f-208a2fb50ddf.small.jpg','051fa2b7-64dd-493c-a01f-208a2fb50ddf.mid.jpg','051fa2b7-64dd-493c-a01f-208a2fb50ddf.original.jpg','2013-10-11 06:30:58'),(685,137,'458e486d-6d94-4b8b-91e2-981c09e8db47.small.jpg','458e486d-6d94-4b8b-91e2-981c09e8db47.mid.jpg','458e486d-6d94-4b8b-91e2-981c09e8db47.original.jpg','2013-10-11 06:30:59'),(686,137,'c47bc9ad-ec3a-4ab0-9129-6e9ce7ba8a58.small.jpg','c47bc9ad-ec3a-4ab0-9129-6e9ce7ba8a58.mid.jpg','c47bc9ad-ec3a-4ab0-9129-6e9ce7ba8a58.original.jpg','2013-10-11 06:30:59'),(687,138,'dc0d75ab-a40e-4da5-9e67-c8ecefec29fe.small.jpg','dc0d75ab-a40e-4da5-9e67-c8ecefec29fe.mid.jpg','dc0d75ab-a40e-4da5-9e67-c8ecefec29fe.original.jpg','2013-10-11 06:31:02'),(688,138,'5eabc7dc-901e-4cc5-bed6-6027746fa03d.small.jpg','5eabc7dc-901e-4cc5-bed6-6027746fa03d.mid.jpg','5eabc7dc-901e-4cc5-bed6-6027746fa03d.original.jpg','2013-10-11 06:31:03'),(689,138,'e135c9d6-c3d2-48cb-bbfe-9be95a3db991.small.jpg','e135c9d6-c3d2-48cb-bbfe-9be95a3db991.mid.jpg','e135c9d6-c3d2-48cb-bbfe-9be95a3db991.original.jpg','2013-10-11 06:31:04'),(690,138,'f7bb9df5-50d6-434b-8d59-be17c1cd682f.small.jpg','f7bb9df5-50d6-434b-8d59-be17c1cd682f.mid.jpg','f7bb9df5-50d6-434b-8d59-be17c1cd682f.original.jpg','2013-10-11 06:31:05'),(691,138,'ef5cb866-da40-428b-9752-8a4fd9b1a9b4.small.jpg','ef5cb866-da40-428b-9752-8a4fd9b1a9b4.mid.jpg','ef5cb866-da40-428b-9752-8a4fd9b1a9b4.original.jpg','2013-10-11 06:31:05'),(692,138,'9a7c9e84-a230-4f17-b7db-906cf5c61cf7.small.jpg','9a7c9e84-a230-4f17-b7db-906cf5c61cf7.mid.jpg','9a7c9e84-a230-4f17-b7db-906cf5c61cf7.original.jpg','2013-10-11 06:31:06'),(693,138,'2b1d7f8e-26e1-4bf8-9c9a-a1b807f891ec.small.jpg','2b1d7f8e-26e1-4bf8-9c9a-a1b807f891ec.mid.jpg','2b1d7f8e-26e1-4bf8-9c9a-a1b807f891ec.original.jpg','2013-10-11 06:31:06'),(694,139,'c5038180-34f5-4a75-9e87-fbef321edb31.small.jpg','c5038180-34f5-4a75-9e87-fbef321edb31.mid.jpg','c5038180-34f5-4a75-9e87-fbef321edb31.original.jpg','2013-10-11 06:31:10'),(695,139,'a8d879d5-a4db-4d82-9bb0-cc10244784c7.small.jpg','a8d879d5-a4db-4d82-9bb0-cc10244784c7.mid.jpg','a8d879d5-a4db-4d82-9bb0-cc10244784c7.original.jpg','2013-10-11 06:31:11'),(696,139,'3b8fa6a0-b957-46b8-a67f-729ce5504359.small.jpg','3b8fa6a0-b957-46b8-a67f-729ce5504359.mid.jpg','3b8fa6a0-b957-46b8-a67f-729ce5504359.original.jpg','2013-10-11 06:31:12'),(697,139,'cf0fcbc6-c6a1-4d84-aeff-6a13b8c68e6f.small.jpg','cf0fcbc6-c6a1-4d84-aeff-6a13b8c68e6f.mid.jpg','cf0fcbc6-c6a1-4d84-aeff-6a13b8c68e6f.original.jpg','2013-10-11 06:31:13'),(698,139,'019ef63f-58ca-47de-a9c2-309285237589.small.jpg','019ef63f-58ca-47de-a9c2-309285237589.mid.jpg','019ef63f-58ca-47de-a9c2-309285237589.original.jpg','2013-10-11 06:31:14'),(699,139,'3ade44ea-822d-476d-8fa8-554d410435f5.small.jpg','3ade44ea-822d-476d-8fa8-554d410435f5.mid.jpg','3ade44ea-822d-476d-8fa8-554d410435f5.original.jpg','2013-10-11 06:31:16'),(700,139,'2d9069d0-b70b-4b4a-8eed-ad476731ed57.small.jpg','2d9069d0-b70b-4b4a-8eed-ad476731ed57.mid.jpg','2d9069d0-b70b-4b4a-8eed-ad476731ed57.original.jpg','2013-10-11 06:31:17'),(701,140,'13ea9700-ebd7-457d-b662-07680182211d.small.jpg','13ea9700-ebd7-457d-b662-07680182211d.mid.jpg','13ea9700-ebd7-457d-b662-07680182211d.original.jpg','2013-10-11 06:31:19'),(702,140,'f4cd91f6-1704-456f-964b-536e6f118bd2.small.jpg','f4cd91f6-1704-456f-964b-536e6f118bd2.mid.jpg','f4cd91f6-1704-456f-964b-536e6f118bd2.original.jpg','2013-10-11 06:31:20'),(703,140,'6f8ee4e5-d72d-40cf-afd8-400334322903.small.jpg','6f8ee4e5-d72d-40cf-afd8-400334322903.mid.jpg','6f8ee4e5-d72d-40cf-afd8-400334322903.original.jpg','2013-10-11 06:31:21'),(704,140,'50f09944-14c2-4637-89fc-5febd2c1e84f.small.jpg','50f09944-14c2-4637-89fc-5febd2c1e84f.mid.jpg','50f09944-14c2-4637-89fc-5febd2c1e84f.original.jpg','2013-10-11 06:31:22'),(705,141,'c6482d09-84ec-4d80-93b6-d8af325fb062.small.jpg','c6482d09-84ec-4d80-93b6-d8af325fb062.mid.jpg','c6482d09-84ec-4d80-93b6-d8af325fb062.original.jpg','2013-10-11 06:31:24'),(706,141,'a2556ed1-9297-4bdc-b5c1-173c08eaedb1.small.jpg','a2556ed1-9297-4bdc-b5c1-173c08eaedb1.mid.jpg','a2556ed1-9297-4bdc-b5c1-173c08eaedb1.original.jpg','2013-10-11 06:31:25'),(707,142,'56399b81-3661-45c4-a8f7-84378ab60ce5.small.jpg','56399b81-3661-45c4-a8f7-84378ab60ce5.mid.jpg','56399b81-3661-45c4-a8f7-84378ab60ce5.original.jpg','2013-10-11 06:31:30'),(708,142,'9d80464c-ba0a-453b-90b2-f4fa7ed3332d.small.jpg','9d80464c-ba0a-453b-90b2-f4fa7ed3332d.mid.jpg','9d80464c-ba0a-453b-90b2-f4fa7ed3332d.original.jpg','2013-10-11 06:31:31'),(709,142,'ec03fac1-f23f-42e9-9635-2f3dfe279fbc.small.jpg','ec03fac1-f23f-42e9-9635-2f3dfe279fbc.mid.jpg','ec03fac1-f23f-42e9-9635-2f3dfe279fbc.original.jpg','2013-10-11 06:31:33'),(710,142,'64b2de68-d698-43df-9640-ac71fe24ccfc.small.jpg','64b2de68-d698-43df-9640-ac71fe24ccfc.mid.jpg','64b2de68-d698-43df-9640-ac71fe24ccfc.original.jpg','2013-10-11 06:31:33'),(711,142,'e0b57da5-8dcb-433c-8018-b91dda30eb6f.small.jpg','e0b57da5-8dcb-433c-8018-b91dda30eb6f.mid.jpg','e0b57da5-8dcb-433c-8018-b91dda30eb6f.original.jpg','2013-10-11 06:31:35'),(712,142,'b9a799b5-f56f-436d-9a67-eae0756398d7.small.jpg','b9a799b5-f56f-436d-9a67-eae0756398d7.mid.jpg','b9a799b5-f56f-436d-9a67-eae0756398d7.original.jpg','2013-10-11 06:31:35'),(713,143,'e2171379-1320-41a0-b8d8-dd1dd8b0e707.small.jpg','e2171379-1320-41a0-b8d8-dd1dd8b0e707.mid.jpg','e2171379-1320-41a0-b8d8-dd1dd8b0e707.original.jpg','2013-10-11 06:31:39'),(714,143,'f52ef009-e109-42b2-afea-91f0e2ed4ea9.small.jpg','f52ef009-e109-42b2-afea-91f0e2ed4ea9.mid.jpg','f52ef009-e109-42b2-afea-91f0e2ed4ea9.original.jpg','2013-10-11 06:31:39'),(715,143,'f1e7cd2f-e355-4f26-bf18-7f4a77d51839.small.jpg','f1e7cd2f-e355-4f26-bf18-7f4a77d51839.mid.jpg','f1e7cd2f-e355-4f26-bf18-7f4a77d51839.original.jpg','2013-10-11 06:31:39'),(716,143,'8a5e6bb5-010f-4985-bc13-215475bc0477.small.jpg','8a5e6bb5-010f-4985-bc13-215475bc0477.mid.jpg','8a5e6bb5-010f-4985-bc13-215475bc0477.original.jpg','2013-10-11 06:31:40'),(717,143,'1df8a43b-057f-479b-b005-d078b567a767.small.jpg','1df8a43b-057f-479b-b005-d078b567a767.mid.jpg','1df8a43b-057f-479b-b005-d078b567a767.original.jpg','2013-10-11 06:31:40'),(718,143,'78cda4e4-ab44-46a0-9ed4-e603403bdbdc.small.jpg','78cda4e4-ab44-46a0-9ed4-e603403bdbdc.mid.jpg','78cda4e4-ab44-46a0-9ed4-e603403bdbdc.original.jpg','2013-10-11 06:31:42'),(719,143,'7466c555-14ad-4c7e-a87f-e556c54fa674.small.jpg','7466c555-14ad-4c7e-a87f-e556c54fa674.mid.jpg','7466c555-14ad-4c7e-a87f-e556c54fa674.original.jpg','2013-10-11 06:31:42'),(720,143,'8a1e69a5-009c-4db0-acf3-8af0f4bcdba0.small.jpg','8a1e69a5-009c-4db0-acf3-8af0f4bcdba0.mid.jpg','8a1e69a5-009c-4db0-acf3-8af0f4bcdba0.original.jpg','2013-10-11 06:31:42'),(721,144,'3cd1cc6d-73dd-4d32-b727-eba0098cf40a.small.jpg','3cd1cc6d-73dd-4d32-b727-eba0098cf40a.mid.jpg','3cd1cc6d-73dd-4d32-b727-eba0098cf40a.original.jpg','2013-10-11 06:31:46'),(722,144,'f40a7b54-28f2-45a9-ad53-5c95e4a2231c.small.jpg','f40a7b54-28f2-45a9-ad53-5c95e4a2231c.mid.jpg','f40a7b54-28f2-45a9-ad53-5c95e4a2231c.original.jpg','2013-10-11 06:31:46'),(723,144,'ac413719-765f-47cf-a892-81bbd07009c1.small.jpg','ac413719-765f-47cf-a892-81bbd07009c1.mid.jpg','ac413719-765f-47cf-a892-81bbd07009c1.original.jpg','2013-10-11 06:31:47'),(724,144,'303ea861-ca68-4571-9b57-c0d55604928f.small.jpg','303ea861-ca68-4571-9b57-c0d55604928f.mid.jpg','303ea861-ca68-4571-9b57-c0d55604928f.original.jpg','2013-10-11 06:31:48'),(725,144,'18e0e9c2-956c-4c09-9666-069b99c0effb.small.jpg','18e0e9c2-956c-4c09-9666-069b99c0effb.mid.jpg','18e0e9c2-956c-4c09-9666-069b99c0effb.original.jpg','2013-10-11 06:31:48'),(726,144,'9cbf530f-c668-48fe-9321-2484afa7ffa2.small.jpg','9cbf530f-c668-48fe-9321-2484afa7ffa2.mid.jpg','9cbf530f-c668-48fe-9321-2484afa7ffa2.original.jpg','2013-10-11 06:31:50'),(727,144,'9ba14a61-0105-4bcf-90e3-6ef0722e4c02.small.jpg','9ba14a61-0105-4bcf-90e3-6ef0722e4c02.mid.jpg','9ba14a61-0105-4bcf-90e3-6ef0722e4c02.original.jpg','2013-10-11 06:31:50'),(728,144,'ab034a3f-f1dc-4bee-bfdc-95c5d399798a.small.jpg','ab034a3f-f1dc-4bee-bfdc-95c5d399798a.mid.jpg','ab034a3f-f1dc-4bee-bfdc-95c5d399798a.original.jpg','2013-10-11 06:31:51'),(729,144,'5a0ef149-cdbf-4e38-a17f-a5e7ca8df521.small.jpg','5a0ef149-cdbf-4e38-a17f-a5e7ca8df521.mid.jpg','5a0ef149-cdbf-4e38-a17f-a5e7ca8df521.original.jpg','2013-10-11 06:31:52'),(730,144,'0709cdaf-68ea-458c-b4c6-962b270a3f86.small.jpg','0709cdaf-68ea-458c-b4c6-962b270a3f86.mid.jpg','0709cdaf-68ea-458c-b4c6-962b270a3f86.original.jpg','2013-10-11 06:31:52'),(731,145,'664d97e8-a11a-474d-bfdb-53ee964c7019.small.jpg','664d97e8-a11a-474d-bfdb-53ee964c7019.mid.jpg','664d97e8-a11a-474d-bfdb-53ee964c7019.original.jpg','2013-10-11 06:31:54'),(732,145,'588218ad-e799-4bdf-b8cb-d44ec7674634.small.jpg','588218ad-e799-4bdf-b8cb-d44ec7674634.mid.jpg','588218ad-e799-4bdf-b8cb-d44ec7674634.original.jpg','2013-10-11 06:31:55'),(733,145,'1a645175-2f4f-4298-a43e-1809f9da1b9d.small.jpg','1a645175-2f4f-4298-a43e-1809f9da1b9d.mid.jpg','1a645175-2f4f-4298-a43e-1809f9da1b9d.original.jpg','2013-10-11 06:31:56'),(734,145,'20f53753-3a30-4e4f-99a9-d73659ca37e9.small.jpg','20f53753-3a30-4e4f-99a9-d73659ca37e9.mid.jpg','20f53753-3a30-4e4f-99a9-d73659ca37e9.original.jpg','2013-10-11 06:31:56'),(735,145,'04eb5ef6-8a7b-443d-9b5a-d73cebda1f11.small.jpg','04eb5ef6-8a7b-443d-9b5a-d73cebda1f11.mid.jpg','04eb5ef6-8a7b-443d-9b5a-d73cebda1f11.original.jpg','2013-10-11 06:31:56'),(736,145,'f08fe894-ebb8-47ec-86f1-afa85823716f.small.jpg','f08fe894-ebb8-47ec-86f1-afa85823716f.mid.jpg','f08fe894-ebb8-47ec-86f1-afa85823716f.original.jpg','2013-10-11 06:31:58'),(737,146,'d30f5263-1f4b-46c6-b6d0-d0f5117a7d35.small.jpg','d30f5263-1f4b-46c6-b6d0-d0f5117a7d35.mid.jpg','d30f5263-1f4b-46c6-b6d0-d0f5117a7d35.original.jpg','2013-10-11 06:32:02'),(738,146,'8915e555-f8ae-496f-9966-7932712cc4bf.small.jpg','8915e555-f8ae-496f-9966-7932712cc4bf.mid.jpg','8915e555-f8ae-496f-9966-7932712cc4bf.original.jpg','2013-10-11 06:32:02'),(739,146,'04231a41-6ed1-4f78-ad78-a6102cd5cdff.small.jpg','04231a41-6ed1-4f78-ad78-a6102cd5cdff.mid.jpg','04231a41-6ed1-4f78-ad78-a6102cd5cdff.original.jpg','2013-10-11 06:32:03'),(740,146,'fc48631f-c147-41a4-b720-0d64c278db72.small.jpg','fc48631f-c147-41a4-b720-0d64c278db72.mid.jpg','fc48631f-c147-41a4-b720-0d64c278db72.original.jpg','2013-10-11 06:32:03'),(741,146,'94fe3f5c-2689-45e9-b750-54cf41ebfbc0.small.jpg','94fe3f5c-2689-45e9-b750-54cf41ebfbc0.mid.jpg','94fe3f5c-2689-45e9-b750-54cf41ebfbc0.original.jpg','2013-10-11 06:32:05'),(742,147,'34cab7e5-3cb0-48d7-bb44-7e948e3da134.small.jpg','34cab7e5-3cb0-48d7-bb44-7e948e3da134.mid.jpg','34cab7e5-3cb0-48d7-bb44-7e948e3da134.original.jpg','2013-10-11 06:32:08'),(743,147,'6a27c1a3-6a9a-4bfc-93d2-ceb31b3ac43e.small.jpg','6a27c1a3-6a9a-4bfc-93d2-ceb31b3ac43e.mid.jpg','6a27c1a3-6a9a-4bfc-93d2-ceb31b3ac43e.original.jpg','2013-10-11 06:32:09'),(744,147,'52ec0f6f-7f5a-4db1-8d67-7e2e6ae65a5f.small.jpg','52ec0f6f-7f5a-4db1-8d67-7e2e6ae65a5f.mid.jpg','52ec0f6f-7f5a-4db1-8d67-7e2e6ae65a5f.original.jpg','2013-10-11 06:32:09'),(745,147,'2dc1e50f-b904-47c3-a3fc-970880c1273d.small.jpg','2dc1e50f-b904-47c3-a3fc-970880c1273d.mid.jpg','2dc1e50f-b904-47c3-a3fc-970880c1273d.original.jpg','2013-10-11 06:32:10'),(746,147,'dbae1694-a81d-4ec7-84b7-099e3e3ded42.small.jpg','dbae1694-a81d-4ec7-84b7-099e3e3ded42.mid.jpg','dbae1694-a81d-4ec7-84b7-099e3e3ded42.original.jpg','2013-10-11 06:32:11'),(747,147,'131cd30d-70ee-4af3-ad27-bb76a16481fc.small.jpg','131cd30d-70ee-4af3-ad27-bb76a16481fc.mid.jpg','131cd30d-70ee-4af3-ad27-bb76a16481fc.original.jpg','2013-10-11 06:32:12'),(748,147,'152a8e89-cc63-4891-bdd2-f68eaf3e9ec6.small.jpg','152a8e89-cc63-4891-bdd2-f68eaf3e9ec6.mid.jpg','152a8e89-cc63-4891-bdd2-f68eaf3e9ec6.original.jpg','2013-10-11 06:32:13'),(749,147,'101dab29-1fa2-4bcd-a33f-5f5e1c78ee46.small.jpg','101dab29-1fa2-4bcd-a33f-5f5e1c78ee46.mid.jpg','101dab29-1fa2-4bcd-a33f-5f5e1c78ee46.original.jpg','2013-10-11 06:32:13'),(750,147,'074b9f21-db68-4947-8a4a-b669d83d45c9.small.jpg','074b9f21-db68-4947-8a4a-b669d83d45c9.mid.jpg','074b9f21-db68-4947-8a4a-b669d83d45c9.original.jpg','2013-10-11 06:32:14'),(751,147,'db978de1-10e9-4cab-9915-2f1f0aa026a3.small.jpg','db978de1-10e9-4cab-9915-2f1f0aa026a3.mid.jpg','db978de1-10e9-4cab-9915-2f1f0aa026a3.original.jpg','2013-10-11 06:32:15'),(752,148,'303cda71-eec4-4f9a-8bb2-fa1911fd9cab.small.jpg','303cda71-eec4-4f9a-8bb2-fa1911fd9cab.mid.jpg','303cda71-eec4-4f9a-8bb2-fa1911fd9cab.original.jpg','2013-10-11 06:32:17'),(753,148,'bfad3502-ba08-40af-a091-852c07ab07d4.small.jpg','bfad3502-ba08-40af-a091-852c07ab07d4.mid.jpg','bfad3502-ba08-40af-a091-852c07ab07d4.original.jpg','2013-10-11 06:32:18'),(754,148,'343fd5b6-2f9a-46e1-931a-d48036a49fa0.small.jpg','343fd5b6-2f9a-46e1-931a-d48036a49fa0.mid.jpg','343fd5b6-2f9a-46e1-931a-d48036a49fa0.original.jpg','2013-10-11 06:32:20'),(755,148,'e2dc29bd-1967-4115-8317-bc0afecc7365.small.jpg','e2dc29bd-1967-4115-8317-bc0afecc7365.mid.jpg','e2dc29bd-1967-4115-8317-bc0afecc7365.original.jpg','2013-10-11 06:32:21'),(756,148,'89d8b6f6-ecf4-42b0-96e9-337d8b2e7b78.small.jpg','89d8b6f6-ecf4-42b0-96e9-337d8b2e7b78.mid.jpg','89d8b6f6-ecf4-42b0-96e9-337d8b2e7b78.original.jpg','2013-10-11 06:32:22'),(757,148,'e3fd60b9-fa80-41c6-b12c-97381ad3dc19.small.jpg','e3fd60b9-fa80-41c6-b12c-97381ad3dc19.mid.jpg','e3fd60b9-fa80-41c6-b12c-97381ad3dc19.original.jpg','2013-10-11 06:32:22'),(758,149,'b813b9e7-b45e-44a4-b67a-44fae133a019.small.jpg','b813b9e7-b45e-44a4-b67a-44fae133a019.mid.jpg','b813b9e7-b45e-44a4-b67a-44fae133a019.original.jpg','2013-10-11 06:32:25'),(759,149,'ed9d82f2-c5b1-46c2-b499-99777f9c8ccf.small.jpg','ed9d82f2-c5b1-46c2-b499-99777f9c8ccf.mid.jpg','ed9d82f2-c5b1-46c2-b499-99777f9c8ccf.original.jpg','2013-10-11 06:32:25'),(760,149,'41be6184-d656-4f52-a2db-bcfb0523ad04.small.jpg','41be6184-d656-4f52-a2db-bcfb0523ad04.mid.jpg','41be6184-d656-4f52-a2db-bcfb0523ad04.original.jpg','2013-10-11 06:32:26'),(761,149,'e58fffcb-6cad-4b7b-b21d-75238ec90615.small.jpg','e58fffcb-6cad-4b7b-b21d-75238ec90615.mid.jpg','e58fffcb-6cad-4b7b-b21d-75238ec90615.original.jpg','2013-10-11 06:32:26'),(762,149,'c1bdc5ca-9684-4d05-a696-275bcb954454.small.jpg','c1bdc5ca-9684-4d05-a696-275bcb954454.mid.jpg','c1bdc5ca-9684-4d05-a696-275bcb954454.original.jpg','2013-10-11 06:32:26'),(763,149,'d7393d47-c735-4cc3-992b-b4bb42c8305d.small.jpg','d7393d47-c735-4cc3-992b-b4bb42c8305d.mid.jpg','d7393d47-c735-4cc3-992b-b4bb42c8305d.original.jpg','2013-10-11 06:32:26'),(764,149,'e1a07b8b-c640-454d-8817-c3b67ee72052.small.jpg','e1a07b8b-c640-454d-8817-c3b67ee72052.mid.jpg','e1a07b8b-c640-454d-8817-c3b67ee72052.original.jpg','2013-10-11 06:32:26'),(765,149,'6c5ffdd5-54b9-447c-b712-8228178284dd.small.jpg','6c5ffdd5-54b9-447c-b712-8228178284dd.mid.jpg','6c5ffdd5-54b9-447c-b712-8228178284dd.original.jpg','2013-10-11 06:32:27'),(766,149,'087b03fe-f0f0-4890-8427-353079ca3792.small.jpg','087b03fe-f0f0-4890-8427-353079ca3792.mid.jpg','087b03fe-f0f0-4890-8427-353079ca3792.original.jpg','2013-10-11 06:32:27'),(767,149,'06e6d279-0e68-4759-a145-edd8c8055e89.small.jpg','06e6d279-0e68-4759-a145-edd8c8055e89.mid.jpg','06e6d279-0e68-4759-a145-edd8c8055e89.original.jpg','2013-10-11 06:32:27'),(768,150,'4c6f888d-6756-41cc-8739-50e3f809715c.small.jpg','4c6f888d-6756-41cc-8739-50e3f809715c.mid.jpg','4c6f888d-6756-41cc-8739-50e3f809715c.original.jpg','2013-10-11 06:32:31'),(769,150,'f43f7042-4a88-417d-a23f-bca1936cea51.small.jpg','f43f7042-4a88-417d-a23f-bca1936cea51.mid.jpg','f43f7042-4a88-417d-a23f-bca1936cea51.original.jpg','2013-10-11 06:32:32'),(770,150,'abf4cc36-0b36-4c7e-b71c-9a33871454f6.small.jpg','abf4cc36-0b36-4c7e-b71c-9a33871454f6.mid.jpg','abf4cc36-0b36-4c7e-b71c-9a33871454f6.original.jpg','2013-10-11 06:32:33'),(771,150,'f735a108-0670-4e62-99f8-6b4506d67314.small.jpg','f735a108-0670-4e62-99f8-6b4506d67314.mid.jpg','f735a108-0670-4e62-99f8-6b4506d67314.original.jpg','2013-10-11 06:32:34'),(772,150,'7e7e76d7-d7de-458e-92b6-f2a2e3f7e02c.small.jpg','7e7e76d7-d7de-458e-92b6-f2a2e3f7e02c.mid.jpg','7e7e76d7-d7de-458e-92b6-f2a2e3f7e02c.original.jpg','2013-10-11 06:32:35'),(773,150,'c18b20d4-5ec8-4910-b952-4edb444e2617.small.jpg','c18b20d4-5ec8-4910-b952-4edb444e2617.mid.jpg','c18b20d4-5ec8-4910-b952-4edb444e2617.original.jpg','2013-10-11 06:32:35'),(774,150,'46c4a99d-5bc6-404f-88cb-22db960c26e3.small.jpg','46c4a99d-5bc6-404f-88cb-22db960c26e3.mid.jpg','46c4a99d-5bc6-404f-88cb-22db960c26e3.original.jpg','2013-10-11 06:32:35'),(775,151,'8daad822-4bd0-4290-871c-acdc67e8ae44.small.jpg','8daad822-4bd0-4290-871c-acdc67e8ae44.mid.jpg','8daad822-4bd0-4290-871c-acdc67e8ae44.original.jpg','2013-10-11 06:32:38'),(776,151,'c7d29dc3-80bf-4008-9956-8d5e87cd6097.small.jpg','c7d29dc3-80bf-4008-9956-8d5e87cd6097.mid.jpg','c7d29dc3-80bf-4008-9956-8d5e87cd6097.original.jpg','2013-10-11 06:32:40'),(777,151,'6640d8e0-d4d1-41b9-842e-95604a1e320f.small.jpg','6640d8e0-d4d1-41b9-842e-95604a1e320f.mid.jpg','6640d8e0-d4d1-41b9-842e-95604a1e320f.original.jpg','2013-10-11 06:32:41'),(778,151,'2d22f012-a5ed-4df0-946a-e4678a83e380.small.jpg','2d22f012-a5ed-4df0-946a-e4678a83e380.mid.jpg','2d22f012-a5ed-4df0-946a-e4678a83e380.original.jpg','2013-10-11 06:32:44'),(779,151,'fd5d8c5b-9ca9-4b8e-ae2c-429d43b5f3fe.small.jpg','fd5d8c5b-9ca9-4b8e-ae2c-429d43b5f3fe.mid.jpg','fd5d8c5b-9ca9-4b8e-ae2c-429d43b5f3fe.original.jpg','2013-10-11 06:32:44'),(780,151,'75117dda-89f6-450c-82db-7ea2200fbf83.small.jpg','75117dda-89f6-450c-82db-7ea2200fbf83.mid.jpg','75117dda-89f6-450c-82db-7ea2200fbf83.original.jpg','2013-10-11 06:32:46'),(781,152,'4c478687-fd08-45f4-a6d4-12aadf20d17a.small.jpg','4c478687-fd08-45f4-a6d4-12aadf20d17a.mid.jpg','4c478687-fd08-45f4-a6d4-12aadf20d17a.original.jpg','2013-10-11 06:32:48'),(782,152,'5112383d-ca2d-4c93-acf5-a193e34da40c.small.jpg','5112383d-ca2d-4c93-acf5-a193e34da40c.mid.jpg','5112383d-ca2d-4c93-acf5-a193e34da40c.original.jpg','2013-10-11 06:32:49'),(783,152,'996cc302-2ec3-4584-b82b-54dce5011551.small.jpg','996cc302-2ec3-4584-b82b-54dce5011551.mid.jpg','996cc302-2ec3-4584-b82b-54dce5011551.original.jpg','2013-10-11 06:32:50'),(784,152,'7d498c83-4205-4f9a-9fc0-172e79d40420.small.jpg','7d498c83-4205-4f9a-9fc0-172e79d40420.mid.jpg','7d498c83-4205-4f9a-9fc0-172e79d40420.original.jpg','2013-10-11 06:32:51'),(785,152,'5c5e7502-fef7-43f5-8798-1cf9f879ed15.small.jpg','5c5e7502-fef7-43f5-8798-1cf9f879ed15.mid.jpg','5c5e7502-fef7-43f5-8798-1cf9f879ed15.original.jpg','2013-10-11 06:32:52'),(786,152,'5189c323-40c9-4b63-a95e-fc3419933e84.small.jpg','5189c323-40c9-4b63-a95e-fc3419933e84.mid.jpg','5189c323-40c9-4b63-a95e-fc3419933e84.original.jpg','2013-10-11 06:32:53'),(787,152,'eb3a0605-9dc6-47f6-a54c-371b2c9e8e71.small.jpg','eb3a0605-9dc6-47f6-a54c-371b2c9e8e71.mid.jpg','eb3a0605-9dc6-47f6-a54c-371b2c9e8e71.original.jpg','2013-10-11 06:32:54'),(788,153,'e0901daa-7c13-4042-a8a9-b2cfe48826b7.small.jpg','e0901daa-7c13-4042-a8a9-b2cfe48826b7.mid.jpg','e0901daa-7c13-4042-a8a9-b2cfe48826b7.original.jpg','2013-10-11 06:33:03'),(789,154,'6d5e083c-5482-4324-8bf6-e0d715cbdc4d.small.jpg','6d5e083c-5482-4324-8bf6-e0d715cbdc4d.mid.jpg','6d5e083c-5482-4324-8bf6-e0d715cbdc4d.original.jpg','2013-10-11 06:33:06'),(790,154,'cc6878fd-ccc5-4380-8a0d-c4f642c7ed51.small.jpg','cc6878fd-ccc5-4380-8a0d-c4f642c7ed51.mid.jpg','cc6878fd-ccc5-4380-8a0d-c4f642c7ed51.original.jpg','2013-10-11 06:33:07'),(791,154,'a0d2496b-f37f-48a2-b5a2-96cd2aa3a484.small.jpg','a0d2496b-f37f-48a2-b5a2-96cd2aa3a484.mid.jpg','a0d2496b-f37f-48a2-b5a2-96cd2aa3a484.original.jpg','2013-10-11 06:33:08'),(792,154,'c0b9c422-08c2-4d0f-aeb9-a632b4ba215b.small.jpg','c0b9c422-08c2-4d0f-aeb9-a632b4ba215b.mid.jpg','c0b9c422-08c2-4d0f-aeb9-a632b4ba215b.original.jpg','2013-10-11 06:33:10'),(793,154,'2f7d3028-727c-412b-a10e-9d2c2fc8dbed.small.jpg','2f7d3028-727c-412b-a10e-9d2c2fc8dbed.mid.jpg','2f7d3028-727c-412b-a10e-9d2c2fc8dbed.original.jpg','2013-10-11 06:33:11'),(794,154,'f56e504b-2d13-476d-8cda-7b73927b7349.small.jpg','f56e504b-2d13-476d-8cda-7b73927b7349.mid.jpg','f56e504b-2d13-476d-8cda-7b73927b7349.original.jpg','2013-10-11 06:33:12'),(795,154,'cf823f5c-27c6-458c-989a-a7c22167c0c8.small.jpg','cf823f5c-27c6-458c-989a-a7c22167c0c8.mid.jpg','cf823f5c-27c6-458c-989a-a7c22167c0c8.original.jpg','2013-10-11 06:33:13'),(796,154,'0accc5bf-6048-4a05-a0e0-c12e518094d4.small.jpg','0accc5bf-6048-4a05-a0e0-c12e518094d4.mid.jpg','0accc5bf-6048-4a05-a0e0-c12e518094d4.original.jpg','2013-10-11 06:33:14'),(797,154,'1ed1ef78-9d87-4e0b-887d-47937b67e888.small.jpg','1ed1ef78-9d87-4e0b-887d-47937b67e888.mid.jpg','1ed1ef78-9d87-4e0b-887d-47937b67e888.original.jpg','2013-10-11 06:33:15'),(798,155,'9f31e902-6c00-4038-bc68-5d81098a7e54.small.jpg','9f31e902-6c00-4038-bc68-5d81098a7e54.mid.jpg','9f31e902-6c00-4038-bc68-5d81098a7e54.original.jpg','2013-10-11 06:33:17'),(799,155,'4c02b948-495f-41b3-ad1a-3c7ad8c19c1e.small.jpg','4c02b948-495f-41b3-ad1a-3c7ad8c19c1e.mid.jpg','4c02b948-495f-41b3-ad1a-3c7ad8c19c1e.original.jpg','2013-10-11 06:33:18'),(800,155,'008a4e2c-7b04-4a98-af66-34b122e9ce36.small.jpg','008a4e2c-7b04-4a98-af66-34b122e9ce36.mid.jpg','008a4e2c-7b04-4a98-af66-34b122e9ce36.original.jpg','2013-10-11 06:33:19'),(801,155,'54dfbe97-0986-4095-9449-e0e9f5836fa2.small.jpg','54dfbe97-0986-4095-9449-e0e9f5836fa2.mid.jpg','54dfbe97-0986-4095-9449-e0e9f5836fa2.original.jpg','2013-10-11 06:33:20'),(802,155,'33e0efef-5e1f-4d1c-a079-9e61c60e3a35.small.jpg','33e0efef-5e1f-4d1c-a079-9e61c60e3a35.mid.jpg','33e0efef-5e1f-4d1c-a079-9e61c60e3a35.original.jpg','2013-10-11 06:33:21'),(803,155,'4d547972-2ff9-4bcc-b5cf-da2efe5b55bb.small.jpg','4d547972-2ff9-4bcc-b5cf-da2efe5b55bb.mid.jpg','4d547972-2ff9-4bcc-b5cf-da2efe5b55bb.original.jpg','2013-10-11 06:33:21'),(804,156,'3e82c950-7a42-48cc-8318-e3b2777af4f0.small.jpg','3e82c950-7a42-48cc-8318-e3b2777af4f0.mid.jpg','3e82c950-7a42-48cc-8318-e3b2777af4f0.original.jpg','2013-10-11 06:33:25'),(805,156,'5eb21581-b8bf-4b3b-b9a1-702f2ddf4853.small.jpg','5eb21581-b8bf-4b3b-b9a1-702f2ddf4853.mid.jpg','5eb21581-b8bf-4b3b-b9a1-702f2ddf4853.original.jpg','2013-10-11 06:33:25'),(806,156,'cb3dd122-c802-48a1-92bd-2511ac3c8b4d.small.jpg','cb3dd122-c802-48a1-92bd-2511ac3c8b4d.mid.jpg','cb3dd122-c802-48a1-92bd-2511ac3c8b4d.original.jpg','2013-10-11 06:33:26'),(807,156,'8164656f-a9c0-412b-a27e-49df23a9faf8.small.jpg','8164656f-a9c0-412b-a27e-49df23a9faf8.mid.jpg','8164656f-a9c0-412b-a27e-49df23a9faf8.original.jpg','2013-10-11 06:33:27'),(808,156,'5075268b-faae-4638-b21c-22e9b55e8c28.small.jpg','5075268b-faae-4638-b21c-22e9b55e8c28.mid.jpg','5075268b-faae-4638-b21c-22e9b55e8c28.original.jpg','2013-10-11 06:33:28'),(809,156,'3896a1db-eaa0-4ee0-af76-125477896c6b.small.jpg','3896a1db-eaa0-4ee0-af76-125477896c6b.mid.jpg','3896a1db-eaa0-4ee0-af76-125477896c6b.original.jpg','2013-10-11 06:33:29'),(810,156,'b01501a5-4a32-4765-9f84-8a7e4a7f4eba.small.jpg','b01501a5-4a32-4765-9f84-8a7e4a7f4eba.mid.jpg','b01501a5-4a32-4765-9f84-8a7e4a7f4eba.original.jpg','2013-10-11 06:33:30'),(811,156,'ec6f403c-9f95-49aa-889a-f170c00c7ae5.small.jpg','ec6f403c-9f95-49aa-889a-f170c00c7ae5.mid.jpg','ec6f403c-9f95-49aa-889a-f170c00c7ae5.original.jpg','2013-10-11 06:33:31'),(812,156,'5c8ffc68-f408-4353-8532-fda07e7eb598.small.jpg','5c8ffc68-f408-4353-8532-fda07e7eb598.mid.jpg','5c8ffc68-f408-4353-8532-fda07e7eb598.original.jpg','2013-10-11 06:33:31'),(813,156,'bd24ba97-c208-4ad5-8398-7f9d167f51e3.small.jpg','bd24ba97-c208-4ad5-8398-7f9d167f51e3.mid.jpg','bd24ba97-c208-4ad5-8398-7f9d167f51e3.original.jpg','2013-10-11 06:33:32'),(814,157,'7ebe0306-880a-4884-88b2-cc94031a85da.small.jpg','7ebe0306-880a-4884-88b2-cc94031a85da.mid.jpg','7ebe0306-880a-4884-88b2-cc94031a85da.original.jpg','2013-10-11 06:33:36'),(815,157,'95aad3a2-b9c2-4892-977d-831bd1fe5067.small.jpg','95aad3a2-b9c2-4892-977d-831bd1fe5067.mid.jpg','95aad3a2-b9c2-4892-977d-831bd1fe5067.original.jpg','2013-10-11 06:33:37'),(816,157,'fb1cab2d-fcbe-4a85-873f-db09a0add422.small.jpg','fb1cab2d-fcbe-4a85-873f-db09a0add422.mid.jpg','fb1cab2d-fcbe-4a85-873f-db09a0add422.original.jpg','2013-10-11 06:33:38'),(817,157,'698b5a7a-d89f-4455-bd8f-8fb3bcb14107.small.jpg','698b5a7a-d89f-4455-bd8f-8fb3bcb14107.mid.jpg','698b5a7a-d89f-4455-bd8f-8fb3bcb14107.original.jpg','2013-10-11 06:33:39'),(818,157,'0744c14b-c11d-4bcf-a557-8bbea8412705.small.jpg','0744c14b-c11d-4bcf-a557-8bbea8412705.mid.jpg','0744c14b-c11d-4bcf-a557-8bbea8412705.original.jpg','2013-10-11 06:33:41'),(819,157,'c33ee47c-0fb6-4c2d-98b3-90160fd9bc6f.small.jpg','c33ee47c-0fb6-4c2d-98b3-90160fd9bc6f.mid.jpg','c33ee47c-0fb6-4c2d-98b3-90160fd9bc6f.original.jpg','2013-10-11 06:33:42'),(820,157,'3710131a-ac34-4ae2-acc5-9b2a364e5586.small.jpg','3710131a-ac34-4ae2-acc5-9b2a364e5586.mid.jpg','3710131a-ac34-4ae2-acc5-9b2a364e5586.original.jpg','2013-10-11 06:33:42'),(821,157,'f3297a56-17dc-4195-bd21-3f51afa1df41.small.jpg','f3297a56-17dc-4195-bd21-3f51afa1df41.mid.jpg','f3297a56-17dc-4195-bd21-3f51afa1df41.original.jpg','2013-10-11 06:33:43'),(822,157,'ebc95515-3940-4767-8582-6f8f89d942aa.small.jpg','ebc95515-3940-4767-8582-6f8f89d942aa.mid.jpg','ebc95515-3940-4767-8582-6f8f89d942aa.original.jpg','2013-10-11 06:33:43'),(823,158,'ec435322-a0c3-48ab-be86-dc2783704f8a.small.jpg','ec435322-a0c3-48ab-be86-dc2783704f8a.mid.jpg','ec435322-a0c3-48ab-be86-dc2783704f8a.original.jpg','2013-10-11 06:33:47'),(824,159,'eba80dff-7253-466f-b177-99b322cdffc3.small.jpg','eba80dff-7253-466f-b177-99b322cdffc3.mid.jpg','eba80dff-7253-466f-b177-99b322cdffc3.original.jpg','2013-10-11 06:33:49'),(825,159,'b49fae07-02a9-4114-a486-758753eafb5d.small.jpg','b49fae07-02a9-4114-a486-758753eafb5d.mid.jpg','b49fae07-02a9-4114-a486-758753eafb5d.original.jpg','2013-10-11 06:33:50'),(826,159,'a5d08b76-d0dd-4bdd-9606-6e2e6096ee57.small.jpg','a5d08b76-d0dd-4bdd-9606-6e2e6096ee57.mid.jpg','a5d08b76-d0dd-4bdd-9606-6e2e6096ee57.original.jpg','2013-10-11 06:33:51'),(827,159,'6d246c9b-05aa-4808-8290-c3959ebf36d2.small.jpg','6d246c9b-05aa-4808-8290-c3959ebf36d2.mid.jpg','6d246c9b-05aa-4808-8290-c3959ebf36d2.original.jpg','2013-10-11 06:33:52'),(828,159,'39ec7c21-a89f-4f41-854a-1dcf514ef4aa.small.jpg','39ec7c21-a89f-4f41-854a-1dcf514ef4aa.mid.jpg','39ec7c21-a89f-4f41-854a-1dcf514ef4aa.original.jpg','2013-10-11 06:33:52'),(829,159,'2862273c-4736-45af-9cad-f98fe76fece7.small.jpg','2862273c-4736-45af-9cad-f98fe76fece7.mid.jpg','2862273c-4736-45af-9cad-f98fe76fece7.original.jpg','2013-10-11 06:33:53'),(830,159,'b6fb13a8-cdf0-4c45-940d-911a5b92d00d.small.jpg','b6fb13a8-cdf0-4c45-940d-911a5b92d00d.mid.jpg','b6fb13a8-cdf0-4c45-940d-911a5b92d00d.original.jpg','2013-10-11 06:33:54'),(831,160,'368a859b-9472-4d7d-bce4-23a86418bfba.small.jpg','368a859b-9472-4d7d-bce4-23a86418bfba.mid.jpg','368a859b-9472-4d7d-bce4-23a86418bfba.original.jpg','2013-10-11 06:33:58'),(832,160,'9c1fd525-a735-4aa3-b5d3-343cd9eb52a8.small.jpg','9c1fd525-a735-4aa3-b5d3-343cd9eb52a8.mid.jpg','9c1fd525-a735-4aa3-b5d3-343cd9eb52a8.original.jpg','2013-10-11 06:34:00'),(833,160,'c8ae2914-93be-4bdb-ba9d-c49308eaff0a.small.jpg','c8ae2914-93be-4bdb-ba9d-c49308eaff0a.mid.jpg','c8ae2914-93be-4bdb-ba9d-c49308eaff0a.original.jpg','2013-10-11 06:34:03'),(834,160,'7e449b05-4a65-4d76-8c9e-8218864bc99e.small.jpg','7e449b05-4a65-4d76-8c9e-8218864bc99e.mid.jpg','7e449b05-4a65-4d76-8c9e-8218864bc99e.original.jpg','2013-10-11 06:34:04'),(835,160,'373dcead-dea9-49d5-b2e8-c2f25939e67d.small.jpg','373dcead-dea9-49d5-b2e8-c2f25939e67d.mid.jpg','373dcead-dea9-49d5-b2e8-c2f25939e67d.original.jpg','2013-10-11 06:34:05'),(836,161,'3da8cd9c-c87a-4b35-87e5-a5a15635959b.small.jpg','3da8cd9c-c87a-4b35-87e5-a5a15635959b.mid.jpg','3da8cd9c-c87a-4b35-87e5-a5a15635959b.original.jpg','2013-10-11 06:34:08'),(837,162,'db8b8590-610b-4c97-99e2-7bcc327c069e.small.jpg','db8b8590-610b-4c97-99e2-7bcc327c069e.mid.jpg','db8b8590-610b-4c97-99e2-7bcc327c069e.original.jpg','2013-10-11 06:34:11'),(838,162,'3fd6cc4c-7f64-474e-a079-51471c1c3bfe.small.jpg','3fd6cc4c-7f64-474e-a079-51471c1c3bfe.mid.jpg','3fd6cc4c-7f64-474e-a079-51471c1c3bfe.original.jpg','2013-10-11 06:34:14'),(839,162,'cfa1d42f-c871-4216-889b-f85df580eea4.small.jpg','cfa1d42f-c871-4216-889b-f85df580eea4.mid.jpg','cfa1d42f-c871-4216-889b-f85df580eea4.original.jpg','2013-10-11 06:34:14'),(840,162,'476dd0af-6d04-4e97-b6fa-81b8470ca0d5.small.jpg','476dd0af-6d04-4e97-b6fa-81b8470ca0d5.mid.jpg','476dd0af-6d04-4e97-b6fa-81b8470ca0d5.original.jpg','2013-10-11 06:34:15'),(841,162,'6c98c87d-4f36-4e63-b181-749a329759a3.small.jpg','6c98c87d-4f36-4e63-b181-749a329759a3.mid.jpg','6c98c87d-4f36-4e63-b181-749a329759a3.original.jpg','2013-10-11 06:34:16'),(842,162,'76e275d8-864b-4fe9-82f4-ebd023b9ba93.small.jpg','76e275d8-864b-4fe9-82f4-ebd023b9ba93.mid.jpg','76e275d8-864b-4fe9-82f4-ebd023b9ba93.original.jpg','2013-10-11 06:34:16'),(843,162,'f0e370a2-cc06-4340-ac35-55da14d0b7a3.small.jpg','f0e370a2-cc06-4340-ac35-55da14d0b7a3.mid.jpg','f0e370a2-cc06-4340-ac35-55da14d0b7a3.original.jpg','2013-10-11 06:34:17'),(844,162,'8cc2d0b9-30f3-4b4e-80ac-0fab4843d242.small.jpg','8cc2d0b9-30f3-4b4e-80ac-0fab4843d242.mid.jpg','8cc2d0b9-30f3-4b4e-80ac-0fab4843d242.original.jpg','2013-10-11 06:34:18'),(845,163,'321120de-14f2-48d3-9720-a600c3b43487.small.jpg','321120de-14f2-48d3-9720-a600c3b43487.mid.jpg','321120de-14f2-48d3-9720-a600c3b43487.original.jpg','2013-10-11 06:34:22'),(846,163,'c34db9d9-fe2e-4ec3-bc6d-351198a61970.small.jpg','c34db9d9-fe2e-4ec3-bc6d-351198a61970.mid.jpg','c34db9d9-fe2e-4ec3-bc6d-351198a61970.original.jpg','2013-10-11 06:34:22'),(847,164,'b5f99f76-ba0a-440d-8a99-5653dd556c9e.small.jpg','b5f99f76-ba0a-440d-8a99-5653dd556c9e.mid.jpg','b5f99f76-ba0a-440d-8a99-5653dd556c9e.original.jpg','2013-10-11 06:34:26'),(848,164,'b95fe2eb-a4ef-44cf-89e3-2f8a0eb2e9be.small.jpg','b95fe2eb-a4ef-44cf-89e3-2f8a0eb2e9be.mid.jpg','b95fe2eb-a4ef-44cf-89e3-2f8a0eb2e9be.original.jpg','2013-10-11 06:34:27'),(849,165,'18a62bd5-c59f-42d1-87ed-1582f7d858f5.small.jpg','18a62bd5-c59f-42d1-87ed-1582f7d858f5.mid.jpg','18a62bd5-c59f-42d1-87ed-1582f7d858f5.original.jpg','2013-10-11 06:34:30'),(850,165,'ab0718bc-f6ea-4d8c-a3d0-776769d38c4e.small.jpg','ab0718bc-f6ea-4d8c-a3d0-776769d38c4e.mid.jpg','ab0718bc-f6ea-4d8c-a3d0-776769d38c4e.original.jpg','2013-10-11 06:34:31'),(851,165,'f558e20f-6135-439a-b81d-88fcddc2675c.small.jpg','f558e20f-6135-439a-b81d-88fcddc2675c.mid.jpg','f558e20f-6135-439a-b81d-88fcddc2675c.original.jpg','2013-10-11 06:34:31'),(852,165,'e90fe5d0-3bab-4207-912d-52a16bff49c1.small.jpg','e90fe5d0-3bab-4207-912d-52a16bff49c1.mid.jpg','e90fe5d0-3bab-4207-912d-52a16bff49c1.original.jpg','2013-10-11 06:34:33'),(853,165,'2fd26752-7f9c-45d1-a470-4d933ca135a3.small.jpg','2fd26752-7f9c-45d1-a470-4d933ca135a3.mid.jpg','2fd26752-7f9c-45d1-a470-4d933ca135a3.original.jpg','2013-10-11 06:34:34'),(854,165,'cac78ad6-5bfd-4e17-abdf-af5a7501ef08.small.jpg','cac78ad6-5bfd-4e17-abdf-af5a7501ef08.mid.jpg','cac78ad6-5bfd-4e17-abdf-af5a7501ef08.original.jpg','2013-10-11 06:34:35'),(855,165,'c1d9c934-2f41-4d1a-a9eb-32d7167debbf.small.jpg','c1d9c934-2f41-4d1a-a9eb-32d7167debbf.mid.jpg','c1d9c934-2f41-4d1a-a9eb-32d7167debbf.original.jpg','2013-10-11 06:34:36'),(856,165,'72337955-32ac-400c-8efe-4503c72b5032.small.jpg','72337955-32ac-400c-8efe-4503c72b5032.mid.jpg','72337955-32ac-400c-8efe-4503c72b5032.original.jpg','2013-10-11 06:34:37'),(857,165,'dfb2f051-222d-4679-acca-57f45a409295.small.jpg','dfb2f051-222d-4679-acca-57f45a409295.mid.jpg','dfb2f051-222d-4679-acca-57f45a409295.original.jpg','2013-10-11 06:34:38'),(858,165,'40343aa6-33f0-4e56-a87c-0f00ed36ca29.small.jpg','40343aa6-33f0-4e56-a87c-0f00ed36ca29.mid.jpg','40343aa6-33f0-4e56-a87c-0f00ed36ca29.original.jpg','2013-10-11 06:34:38'),(859,166,'f26be61e-b3c9-46d8-b0b8-86b139506cf3.small.jpg','f26be61e-b3c9-46d8-b0b8-86b139506cf3.mid.jpg','f26be61e-b3c9-46d8-b0b8-86b139506cf3.original.jpg','2013-10-11 06:34:42'),(860,167,'0fac9b4c-9a75-4c24-b0f5-eb0b47e55f96.small.jpg','0fac9b4c-9a75-4c24-b0f5-eb0b47e55f96.mid.jpg','0fac9b4c-9a75-4c24-b0f5-eb0b47e55f96.original.jpg','2013-10-11 06:34:46'),(861,167,'276d01e5-c6af-4b0f-839f-991892ef9423.small.jpg','276d01e5-c6af-4b0f-839f-991892ef9423.mid.jpg','276d01e5-c6af-4b0f-839f-991892ef9423.original.jpg','2013-10-11 06:34:47'),(862,167,'d58108ca-5d61-470a-a743-27ef5337c96f.small.jpg','d58108ca-5d61-470a-a743-27ef5337c96f.mid.jpg','d58108ca-5d61-470a-a743-27ef5337c96f.original.jpg','2013-10-11 06:34:47'),(863,167,'953171bc-3a56-49a7-ad99-173b5e465ff9.small.jpg','953171bc-3a56-49a7-ad99-173b5e465ff9.mid.jpg','953171bc-3a56-49a7-ad99-173b5e465ff9.original.jpg','2013-10-11 06:34:48'),(864,167,'9aacf175-c9f9-4550-93ae-a406fe2e2f78.small.jpg','9aacf175-c9f9-4550-93ae-a406fe2e2f78.mid.jpg','9aacf175-c9f9-4550-93ae-a406fe2e2f78.original.jpg','2013-10-11 06:34:49'),(865,167,'36c85c1f-3d82-43ca-b70c-055dda2d2cca.small.jpg','36c85c1f-3d82-43ca-b70c-055dda2d2cca.mid.jpg','36c85c1f-3d82-43ca-b70c-055dda2d2cca.original.jpg','2013-10-11 06:34:50'),(866,167,'75c04fdc-70a5-4789-a4e8-69f666daba9c.small.jpg','75c04fdc-70a5-4789-a4e8-69f666daba9c.mid.jpg','75c04fdc-70a5-4789-a4e8-69f666daba9c.original.jpg','2013-10-11 06:34:51'),(867,167,'33352982-0708-48b1-aaa0-107685c859d1.small.jpg','33352982-0708-48b1-aaa0-107685c859d1.mid.jpg','33352982-0708-48b1-aaa0-107685c859d1.original.jpg','2013-10-11 06:34:51'),(868,168,'f4a5eb79-024d-4ce3-9a00-a748e9c90d84.small.jpg','f4a5eb79-024d-4ce3-9a00-a748e9c90d84.mid.jpg','f4a5eb79-024d-4ce3-9a00-a748e9c90d84.original.jpg','2013-10-11 06:34:54'),(869,168,'3aabbc34-f02c-4c61-957d-7022aa7b2ade.small.jpg','3aabbc34-f02c-4c61-957d-7022aa7b2ade.mid.jpg','3aabbc34-f02c-4c61-957d-7022aa7b2ade.original.jpg','2013-10-11 06:34:55'),(870,168,'306a93d8-4bea-46e8-8406-0e5596ae0dc6.small.jpg','306a93d8-4bea-46e8-8406-0e5596ae0dc6.mid.jpg','306a93d8-4bea-46e8-8406-0e5596ae0dc6.original.jpg','2013-10-11 06:34:56'),(871,168,'85503bd5-3e2f-4c38-97c9-34910dfbc5af.small.jpg','85503bd5-3e2f-4c38-97c9-34910dfbc5af.mid.jpg','85503bd5-3e2f-4c38-97c9-34910dfbc5af.original.jpg','2013-10-11 06:34:56'),(872,168,'242d33af-57c4-4270-aebe-af12f1c70b1e.small.jpg','242d33af-57c4-4270-aebe-af12f1c70b1e.mid.jpg','242d33af-57c4-4270-aebe-af12f1c70b1e.original.jpg','2013-10-11 06:34:57'),(873,168,'dfdf1404-ecbc-4904-8003-43442d7c9692.small.jpg','dfdf1404-ecbc-4904-8003-43442d7c9692.mid.jpg','dfdf1404-ecbc-4904-8003-43442d7c9692.original.jpg','2013-10-11 06:34:57'),(874,168,'a4a1bb33-a245-416c-b59c-57d6adf98c0f.small.jpg','a4a1bb33-a245-416c-b59c-57d6adf98c0f.mid.jpg','a4a1bb33-a245-416c-b59c-57d6adf98c0f.original.jpg','2013-10-11 06:34:58'),(875,168,'02351ccb-0326-41df-8989-a7476567d21e.small.jpg','02351ccb-0326-41df-8989-a7476567d21e.mid.jpg','02351ccb-0326-41df-8989-a7476567d21e.original.jpg','2013-10-11 06:34:59'),(876,169,'f540f3ad-1b62-42ec-b913-3b75f2c902e2.small.jpg','f540f3ad-1b62-42ec-b913-3b75f2c902e2.mid.jpg','f540f3ad-1b62-42ec-b913-3b75f2c902e2.original.jpg','2013-10-11 06:35:02'),(877,169,'a532b5d3-ad58-4abd-85f6-fbb7ac99c512.small.jpg','a532b5d3-ad58-4abd-85f6-fbb7ac99c512.mid.jpg','a532b5d3-ad58-4abd-85f6-fbb7ac99c512.original.jpg','2013-10-11 06:35:02'),(878,169,'4f2332c2-220b-4b5c-ab09-afca0167d773.small.jpg','4f2332c2-220b-4b5c-ab09-afca0167d773.mid.jpg','4f2332c2-220b-4b5c-ab09-afca0167d773.original.jpg','2013-10-11 06:35:04'),(879,169,'e2f15e3a-8d3a-4585-81d1-3e0a97262fa7.small.jpg','e2f15e3a-8d3a-4585-81d1-3e0a97262fa7.mid.jpg','e2f15e3a-8d3a-4585-81d1-3e0a97262fa7.original.jpg','2013-10-11 06:35:04'),(880,169,'c999c530-b6da-4174-9131-de1a2993a7ce.small.jpg','c999c530-b6da-4174-9131-de1a2993a7ce.mid.jpg','c999c530-b6da-4174-9131-de1a2993a7ce.original.jpg','2013-10-11 06:35:06'),(881,169,'6d4d8a80-f4d9-4404-ac8c-566a4f3e76d9.small.jpg','6d4d8a80-f4d9-4404-ac8c-566a4f3e76d9.mid.jpg','6d4d8a80-f4d9-4404-ac8c-566a4f3e76d9.original.jpg','2013-10-11 06:35:08'),(882,169,'d6a75b89-c9d6-4929-bf3a-61b9f0c41894.small.jpg','d6a75b89-c9d6-4929-bf3a-61b9f0c41894.mid.jpg','d6a75b89-c9d6-4929-bf3a-61b9f0c41894.original.jpg','2013-10-11 06:35:09'),(883,169,'ab017f47-70e0-4155-a912-932ecf0d73eb.small.jpg','ab017f47-70e0-4155-a912-932ecf0d73eb.mid.jpg','ab017f47-70e0-4155-a912-932ecf0d73eb.original.jpg','2013-10-11 06:35:10'),(884,170,'2c8dbb08-f089-41ff-b1b0-1aae2e91afdf.small.jpg','2c8dbb08-f089-41ff-b1b0-1aae2e91afdf.mid.jpg','2c8dbb08-f089-41ff-b1b0-1aae2e91afdf.original.jpg','2013-10-11 06:35:12'),(885,170,'e741b134-3b50-4978-8c64-a449e6c39785.small.jpg','e741b134-3b50-4978-8c64-a449e6c39785.mid.jpg','e741b134-3b50-4978-8c64-a449e6c39785.original.jpg','2013-10-11 06:35:13'),(886,170,'a85beaf0-caa3-42d6-890f-8a82a6f611be.small.jpg','a85beaf0-caa3-42d6-890f-8a82a6f611be.mid.jpg','a85beaf0-caa3-42d6-890f-8a82a6f611be.original.jpg','2013-10-11 06:35:14'),(887,170,'8b389036-017d-42f1-9a08-5eac8c13b3c8.small.jpg','8b389036-017d-42f1-9a08-5eac8c13b3c8.mid.jpg','8b389036-017d-42f1-9a08-5eac8c13b3c8.original.jpg','2013-10-11 06:35:15'),(888,170,'314f2ed3-c978-4f15-965f-5da6336a9e39.small.jpg','314f2ed3-c978-4f15-965f-5da6336a9e39.mid.jpg','314f2ed3-c978-4f15-965f-5da6336a9e39.original.jpg','2013-10-11 06:35:15'),(889,170,'c5b5d00d-d0aa-48d8-8ac0-c7a3f81d88b3.small.jpg','c5b5d00d-d0aa-48d8-8ac0-c7a3f81d88b3.mid.jpg','c5b5d00d-d0aa-48d8-8ac0-c7a3f81d88b3.original.jpg','2013-10-11 06:35:16'),(890,170,'98f24c4f-0a34-48ab-af2c-2a86a3b858c0.small.jpg','98f24c4f-0a34-48ab-af2c-2a86a3b858c0.mid.jpg','98f24c4f-0a34-48ab-af2c-2a86a3b858c0.original.jpg','2013-10-11 06:35:17'),(891,170,'cf0bffb3-9463-4049-b2d7-7381e5000316.small.jpg','cf0bffb3-9463-4049-b2d7-7381e5000316.mid.jpg','cf0bffb3-9463-4049-b2d7-7381e5000316.original.jpg','2013-10-11 06:35:17'),(892,170,'89212d51-9c28-4f94-9b8d-5c2425ebc161.small.jpg','89212d51-9c28-4f94-9b8d-5c2425ebc161.mid.jpg','89212d51-9c28-4f94-9b8d-5c2425ebc161.original.jpg','2013-10-11 06:35:18'),(893,170,'c4af42ed-de6a-4b81-b58c-8ff17b97060f.small.jpg','c4af42ed-de6a-4b81-b58c-8ff17b97060f.mid.jpg','c4af42ed-de6a-4b81-b58c-8ff17b97060f.original.jpg','2013-10-11 06:35:18'),(894,171,'7711799a-af63-4f10-929c-ca57985e54a9.small.jpg','7711799a-af63-4f10-929c-ca57985e54a9.mid.jpg','7711799a-af63-4f10-929c-ca57985e54a9.original.jpg','2013-10-11 06:35:21'),(895,171,'f468d527-2e6c-47cc-9d68-adfad09774b6.small.jpg','f468d527-2e6c-47cc-9d68-adfad09774b6.mid.jpg','f468d527-2e6c-47cc-9d68-adfad09774b6.original.jpg','2013-10-11 06:35:22'),(896,171,'4b19fccc-c497-41d4-aa56-93807a77f423.small.jpg','4b19fccc-c497-41d4-aa56-93807a77f423.mid.jpg','4b19fccc-c497-41d4-aa56-93807a77f423.original.jpg','2013-10-11 06:35:24'),(897,171,'17e4f109-9aae-4245-b19e-be923f0ad911.small.jpg','17e4f109-9aae-4245-b19e-be923f0ad911.mid.jpg','17e4f109-9aae-4245-b19e-be923f0ad911.original.jpg','2013-10-11 06:35:25'),(898,171,'03aa82e9-9208-4b16-a0e3-4b9dd0962312.small.jpg','03aa82e9-9208-4b16-a0e3-4b9dd0962312.mid.jpg','03aa82e9-9208-4b16-a0e3-4b9dd0962312.original.jpg','2013-10-11 06:35:26'),(899,172,'d161b1f3-390c-4f17-9fce-017db54f0a99.small.jpg','d161b1f3-390c-4f17-9fce-017db54f0a99.mid.jpg','d161b1f3-390c-4f17-9fce-017db54f0a99.original.jpg','2013-10-11 06:35:30'),(900,172,'52f7d97c-6f56-485d-8a49-8fea180a0dfb.small.jpg','52f7d97c-6f56-485d-8a49-8fea180a0dfb.mid.jpg','52f7d97c-6f56-485d-8a49-8fea180a0dfb.original.jpg','2013-10-11 06:35:32'),(901,172,'71bfb143-c222-4ba9-9809-66ba373ae423.small.jpg','71bfb143-c222-4ba9-9809-66ba373ae423.mid.jpg','71bfb143-c222-4ba9-9809-66ba373ae423.original.jpg','2013-10-11 06:35:33'),(902,172,'8b7de5b6-66ed-4747-a8d9-e00e336c2cfc.small.jpg','8b7de5b6-66ed-4747-a8d9-e00e336c2cfc.mid.jpg','8b7de5b6-66ed-4747-a8d9-e00e336c2cfc.original.jpg','2013-10-11 06:35:33'),(903,173,'adf91531-085c-44fb-8a01-2d346153e228.small.jpg','adf91531-085c-44fb-8a01-2d346153e228.mid.jpg','adf91531-085c-44fb-8a01-2d346153e228.original.jpg','2013-10-11 06:35:37'),(904,173,'9fe3488b-e8a4-490b-ba5e-8634c21ad90a.small.jpg','9fe3488b-e8a4-490b-ba5e-8634c21ad90a.mid.jpg','9fe3488b-e8a4-490b-ba5e-8634c21ad90a.original.jpg','2013-10-11 06:35:37'),(905,173,'fe48caaa-7b14-43a0-aabc-7c424bd65343.small.jpg','fe48caaa-7b14-43a0-aabc-7c424bd65343.mid.jpg','fe48caaa-7b14-43a0-aabc-7c424bd65343.original.jpg','2013-10-11 06:35:38'),(906,173,'0434d7ab-5f7a-40bf-ac91-2c1043ab230d.small.jpg','0434d7ab-5f7a-40bf-ac91-2c1043ab230d.mid.jpg','0434d7ab-5f7a-40bf-ac91-2c1043ab230d.original.jpg','2013-10-11 06:35:39'),(907,173,'5c52be75-c6e5-44e5-99c9-27a640bbc888.small.jpg','5c52be75-c6e5-44e5-99c9-27a640bbc888.mid.jpg','5c52be75-c6e5-44e5-99c9-27a640bbc888.original.jpg','2013-10-11 06:35:40'),(908,174,'3465fa2d-8d05-4e08-b6c2-b7bc03720f98.small.jpg','3465fa2d-8d05-4e08-b6c2-b7bc03720f98.mid.jpg','3465fa2d-8d05-4e08-b6c2-b7bc03720f98.original.jpg','2013-10-11 06:35:43'),(909,174,'8f09bf17-e8d0-49fa-9c7c-c00f3a0b1234.small.jpg','8f09bf17-e8d0-49fa-9c7c-c00f3a0b1234.mid.jpg','8f09bf17-e8d0-49fa-9c7c-c00f3a0b1234.original.jpg','2013-10-11 06:35:44'),(910,174,'1a3f27ba-9302-4c8e-bbc4-72703b3defe7.small.jpg','1a3f27ba-9302-4c8e-bbc4-72703b3defe7.mid.jpg','1a3f27ba-9302-4c8e-bbc4-72703b3defe7.original.jpg','2013-10-11 06:35:45'),(911,174,'91f26a79-3b90-4d12-b8c0-64c07ee3af7c.small.jpg','91f26a79-3b90-4d12-b8c0-64c07ee3af7c.mid.jpg','91f26a79-3b90-4d12-b8c0-64c07ee3af7c.original.jpg','2013-10-11 06:35:46'),(912,174,'5108d138-b976-4dd3-9c8c-d46e2239792d.small.jpg','5108d138-b976-4dd3-9c8c-d46e2239792d.mid.jpg','5108d138-b976-4dd3-9c8c-d46e2239792d.original.jpg','2013-10-11 06:35:48'),(913,174,'87fd2de8-5e6f-4a07-8d70-3d44ffa3520b.small.jpg','87fd2de8-5e6f-4a07-8d70-3d44ffa3520b.mid.jpg','87fd2de8-5e6f-4a07-8d70-3d44ffa3520b.original.jpg','2013-10-11 06:35:49'),(914,174,'55e4a650-eecf-4b10-990a-a3953397adc9.small.jpg','55e4a650-eecf-4b10-990a-a3953397adc9.mid.jpg','55e4a650-eecf-4b10-990a-a3953397adc9.original.jpg','2013-10-11 06:35:51'),(915,174,'1bd33b1d-fd0f-4b0e-8f19-856540fd043e.small.jpg','1bd33b1d-fd0f-4b0e-8f19-856540fd043e.mid.jpg','1bd33b1d-fd0f-4b0e-8f19-856540fd043e.original.jpg','2013-10-11 06:35:54'),(916,174,'593a3e66-b8f4-4f0f-bbbc-8f8c18173352.small.jpg','593a3e66-b8f4-4f0f-bbbc-8f8c18173352.mid.jpg','593a3e66-b8f4-4f0f-bbbc-8f8c18173352.original.jpg','2013-10-11 06:35:56'),(917,174,'a73d776a-da1e-45cc-990a-1fd48d3d1ae0.small.jpg','a73d776a-da1e-45cc-990a-1fd48d3d1ae0.mid.jpg','a73d776a-da1e-45cc-990a-1fd48d3d1ae0.original.jpg','2013-10-11 06:35:58'),(918,175,'340648d1-bfbe-4540-bdd8-a9495e63c377.small.jpg','340648d1-bfbe-4540-bdd8-a9495e63c377.mid.jpg','340648d1-bfbe-4540-bdd8-a9495e63c377.original.jpg','2013-10-11 06:36:04'),(919,175,'36a86c0f-32f6-4200-889f-9fa4fd0389f3.small.jpg','36a86c0f-32f6-4200-889f-9fa4fd0389f3.mid.jpg','36a86c0f-32f6-4200-889f-9fa4fd0389f3.original.jpg','2013-10-11 06:36:05'),(920,175,'eb959e0a-81ac-42a0-ad0a-6f9be93eebab.small.jpg','eb959e0a-81ac-42a0-ad0a-6f9be93eebab.mid.jpg','eb959e0a-81ac-42a0-ad0a-6f9be93eebab.original.jpg','2013-10-11 06:36:07'),(921,175,'e606196d-792e-4fb8-8b98-990090c4b37f.small.jpg','e606196d-792e-4fb8-8b98-990090c4b37f.mid.jpg','e606196d-792e-4fb8-8b98-990090c4b37f.original.jpg','2013-10-11 06:36:07'),(922,175,'c58dc3c1-8175-403d-bf03-d769f66397af.small.jpg','c58dc3c1-8175-403d-bf03-d769f66397af.mid.jpg','c58dc3c1-8175-403d-bf03-d769f66397af.original.jpg','2013-10-11 06:36:09'),(923,175,'fd764552-79c3-43c4-91db-018738ae2dd9.small.jpg','fd764552-79c3-43c4-91db-018738ae2dd9.mid.jpg','fd764552-79c3-43c4-91db-018738ae2dd9.original.jpg','2013-10-11 06:36:10'),(924,175,'0ede824c-3c5a-4ee9-9590-b47d39404e45.small.jpg','0ede824c-3c5a-4ee9-9590-b47d39404e45.mid.jpg','0ede824c-3c5a-4ee9-9590-b47d39404e45.original.jpg','2013-10-11 06:36:11'),(925,175,'2fdba6c7-febf-46e9-a478-d244f50056cd.small.jpg','2fdba6c7-febf-46e9-a478-d244f50056cd.mid.jpg','2fdba6c7-febf-46e9-a478-d244f50056cd.original.jpg','2013-10-11 06:36:11'),(926,176,'1e8e1795-bed9-4ad7-9ec2-a7ebd6d4bdef.small.jpg','1e8e1795-bed9-4ad7-9ec2-a7ebd6d4bdef.mid.jpg','1e8e1795-bed9-4ad7-9ec2-a7ebd6d4bdef.original.jpg','2013-10-11 06:36:15'),(927,176,'934abd4b-56d7-4f52-8de4-fe7d8b0ebc44.small.jpg','934abd4b-56d7-4f52-8de4-fe7d8b0ebc44.mid.jpg','934abd4b-56d7-4f52-8de4-fe7d8b0ebc44.original.jpg','2013-10-11 06:36:16'),(928,176,'c4c29ab3-49c5-428b-89d7-62075b042bb9.small.jpg','c4c29ab3-49c5-428b-89d7-62075b042bb9.mid.jpg','c4c29ab3-49c5-428b-89d7-62075b042bb9.original.jpg','2013-10-11 06:36:18'),(929,176,'905d3643-81d8-42ac-825d-638c72311b6a.small.jpg','905d3643-81d8-42ac-825d-638c72311b6a.mid.jpg','905d3643-81d8-42ac-825d-638c72311b6a.original.jpg','2013-10-11 06:36:19'),(930,176,'dc887771-4ad5-4fed-ba6e-9268debd0871.small.jpg','dc887771-4ad5-4fed-ba6e-9268debd0871.mid.jpg','dc887771-4ad5-4fed-ba6e-9268debd0871.original.jpg','2013-10-11 06:36:19'),(931,176,'a24b3e49-0919-491f-a019-2683ecc4eaf9.small.jpg','a24b3e49-0919-491f-a019-2683ecc4eaf9.mid.jpg','a24b3e49-0919-491f-a019-2683ecc4eaf9.original.jpg','2013-10-11 06:36:20');
/*!40000 ALTER TABLE `ad_photos` ENABLE KEYS */;
UNLOCK TABLES;

--
-- Table structure for table `blog_categories`
--

DROP TABLE IF EXISTS `blog_categories`;
/*!40101 SET @saved_cs_client     = @@character_set_client */;
/*!40101 SET character_set_client = utf8 */;
CREATE TABLE `blog_categories` (
  `id` bigint(20) NOT NULL AUTO_INCREMENT,
  `key` varchar(64) DEFAULT NULL,
  `title` varchar(64) DEFAULT NULL,
  `order_id` int(11) DEFAULT '0',
  `is_sub` bit(1) DEFAULT b'0',
  PRIMARY KEY (`id`)
) ENGINE=InnoDB AUTO_INCREMENT=9 DEFAULT CHARSET=utf8;
/*!40101 SET character_set_client = @saved_cs_client */;

--
-- Dumping data for table `blog_categories`
--

LOCK TABLES `blog_categories` WRITE;
/*!40000 ALTER TABLE `blog_categories` DISABLE KEYS */;
INSERT INTO `blog_categories` VALUES (1,NULL,'Путешествия',1,'\0'),(2,NULL,'Образование',2,'\0'),(3,NULL,'Хобби',3,'\0'),(4,NULL,'Музыка',4,'\0'),(5,NULL,'Кино и ТВ',5,'\0'),(6,NULL,'Рецензии',6,'\0'),(7,NULL,'Ещё Один',1,''),(8,NULL,'Ещё Два',2,'');
/*!40000 ALTER TABLE `blog_categories` ENABLE KEYS */;
UNLOCK TABLES;

--
-- Table structure for table `blog_comments`
--

DROP TABLE IF EXISTS `blog_comments`;
/*!40101 SET @saved_cs_client     = @@character_set_client */;
/*!40101 SET character_set_client = utf8 */;
CREATE TABLE `blog_comments` (
  `id` bigint(20) NOT NULL AUTO_INCREMENT,
  `left_key` int(11) NOT NULL,
  `right_key` int(11) NOT NULL,
  `level` int(11) NOT NULL,
  `delete` bit(1) NOT NULL,
  `create_date` datetime NOT NULL,
  `account_id` bigint(20) NOT NULL,
  `text` text NOT NULL,
  `parent_id` bigint(20) DEFAULT NULL,
  `blog_id` bigint(20) NOT NULL,
  PRIMARY KEY (`id`)
) ENGINE=InnoDB AUTO_INCREMENT=2 DEFAULT CHARSET=utf8;
/*!40101 SET character_set_client = @saved_cs_client */;

--
-- Dumping data for table `blog_comments`
--

LOCK TABLES `blog_comments` WRITE;
/*!40000 ALTER TABLE `blog_comments` DISABLE KEYS */;
INSERT INTO `blog_comments` VALUES (1,1,2,0,'\0','2013-09-30 12:30:26',21,'))))))))))))',0,7);
/*!40000 ALTER TABLE `blog_comments` ENABLE KEYS */;
UNLOCK TABLES;

--
-- Table structure for table `blog_lastviews`
--

DROP TABLE IF EXISTS `blog_lastviews`;
/*!40101 SET @saved_cs_client     = @@character_set_client */;
/*!40101 SET character_set_client = utf8 */;
CREATE TABLE `blog_lastviews` (
  `id` bigint(20) NOT NULL AUTO_INCREMENT,
  `blog_id` bigint(20) NOT NULL,
  `account_id` bigint(20) NOT NULL,
  `view_date` datetime DEFAULT NULL,
  PRIMARY KEY (`id`)
) ENGINE=InnoDB AUTO_INCREMENT=11 DEFAULT CHARSET=utf8;
/*!40101 SET character_set_client = @saved_cs_client */;

--
-- Dumping data for table `blog_lastviews`
--

LOCK TABLES `blog_lastviews` WRITE;
/*!40000 ALTER TABLE `blog_lastviews` DISABLE KEYS */;
INSERT INTO `blog_lastviews` VALUES (1,1,18,'2013-09-20 10:22:44'),(2,7,21,'2013-10-25 13:09:14'),(3,2,5,'2013-10-11 14:52:37'),(4,2,21,'2013-10-25 13:09:26'),(5,10,19,'2013-10-10 11:47:12'),(6,7,19,'2013-10-10 11:25:36'),(7,8,19,'2013-10-10 11:43:06'),(8,2,19,'2013-10-10 11:25:11'),(9,2,2,'2013-10-15 13:49:22'),(10,12,21,'2013-10-25 13:11:14');
/*!40000 ALTER TABLE `blog_lastviews` ENABLE KEYS */;
UNLOCK TABLES;

--
-- Table structure for table `blog_marks`
--

DROP TABLE IF EXISTS `blog_marks`;
/*!40101 SET @saved_cs_client     = @@character_set_client */;
/*!40101 SET character_set_client = utf8 */;
CREATE TABLE `blog_marks` (
  `id` bigint(20) NOT NULL AUTO_INCREMENT,
  `account_id` bigint(20) NOT NULL,
  `blog_id` bigint(20) NOT NULL,
  `mark` int(11) DEFAULT NULL,
  `create_date` datetime DEFAULT NULL,
  PRIMARY KEY (`id`)
) ENGINE=InnoDB AUTO_INCREMENT=4 DEFAULT CHARSET=utf8;
/*!40101 SET character_set_client = @saved_cs_client */;

--
-- Dumping data for table `blog_marks`
--

LOCK TABLES `blog_marks` WRITE;
/*!40000 ALTER TABLE `blog_marks` DISABLE KEYS */;
INSERT INTO `blog_marks` VALUES (1,21,7,5,'2013-09-30 12:30:08'),(2,19,10,4,'2013-10-10 10:53:09'),(3,19,7,4,'2013-10-10 10:53:17');
/*!40000 ALTER TABLE `blog_marks` ENABLE KEYS */;
UNLOCK TABLES;

--
-- Table structure for table `blog_photos`
--

DROP TABLE IF EXISTS `blog_photos`;
/*!40101 SET @saved_cs_client     = @@character_set_client */;
/*!40101 SET character_set_client = utf8 */;
CREATE TABLE `blog_photos` (
  `id` bigint(20) NOT NULL AUTO_INCREMENT,
  `blog_id` bigint(20) DEFAULT NULL,
  `original` varchar(100) DEFAULT NULL COMMENT 'Оригинальная картинка',
  `list_thumbnail` varchar(100) DEFAULT NULL COMMENT 'Картинка для отображения в списках',
  `normal_thumbnail` varchar(100) DEFAULT NULL COMMENT 'Картинка та тот случай, если пользователь вставляет фото на 4мб',
  `guid` varchar(36) DEFAULT NULL,
  `alt` varchar(256) DEFAULT NULL,
  `url` varchar(256) DEFAULT NULL,
  PRIMARY KEY (`id`)
) ENGINE=InnoDB AUTO_INCREMENT=5 DEFAULT CHARSET=utf8;
/*!40101 SET character_set_client = @saved_cs_client */;

--
-- Dumping data for table `blog_photos`
--

LOCK TABLES `blog_photos` WRITE;
/*!40000 ALTER TABLE `blog_photos` DISABLE KEYS */;
INSERT INTO `blog_photos` VALUES (1,2,'29FDE008-7DEA-4D93-ADAE-9CE7084CA99A.jpg','9D30816C-9CBC-45AE-A143-6322C5D7D279.jpg','29FDE008-7DEA-4D93-ADAE-9CE7084CA99A.jpg',NULL,NULL,NULL),(4,7,'75fa90d7-5693-4e95-9c23-8c5e1e44c97f.original.jpg','75fa90d7-5693-4e95-9c23-8c5e1e44c97f.small.jpg','75fa90d7-5693-4e95-9c23-8c5e1e44c97f.normal.jpg','75fa90d7-5693-4e95-9c23-8c5e1e44c97f','','/content/userdata/blogs/7/1bd3a05f-db5f-44fd-aa3a-7452f38f9d87.normal.jpg');
/*!40000 ALTER TABLE `blog_photos` ENABLE KEYS */;
UNLOCK TABLES;

--
-- Table structure for table `blogs`
--

DROP TABLE IF EXISTS `blogs`;
/*!40101 SET @saved_cs_client     = @@character_set_client */;
/*!40101 SET character_set_client = utf8 */;
CREATE TABLE `blogs` (
  `id` bigint(20) NOT NULL AUTO_INCREMENT,
  `title` varchar(245) DEFAULT NULL,
  `announce` text,
  `text` text,
  `create_date` datetime DEFAULT NULL,
  `publish_date` datetime DEFAULT NULL,
  `is_main` bit(1) DEFAULT b'0',
  `rating` int(11) DEFAULT '0',
  `views` int(11) DEFAULT '0',
  `comment_count` int(11) DEFAULT '0',
  `category_id` bigint(20) DEFAULT NULL,
  `is_interesting` bit(1) DEFAULT b'0',
  `is_thebest` bit(1) DEFAULT b'0',
  `account_id` bigint(20) NOT NULL,
  `can_comment` bit(1) DEFAULT b'0',
  `is_publish` bit(1) DEFAULT b'0',
  `is_delete` bit(1) DEFAULT b'0',
  PRIMARY KEY (`id`)
) ENGINE=InnoDB AUTO_INCREMENT=14 DEFAULT CHARSET=utf8;
/*!40101 SET character_set_client = @saved_cs_client */;

--
-- Dumping data for table `blogs`
--

LOCK TABLES `blogs` WRITE;
/*!40000 ALTER TABLE `blogs` DISABLE KEYS */;
INSERT INTO `blogs` VALUES (1,'Представление о нем как об олигархе ушло в прошлое','<p>\r\n	У экс-владельца ЮКОСа Михаила Ходорковского, почти 10 лет находящегося в местах лишения свободы, в среду юбилей.</p>\r\n','<p>\r\n	Самому знаменитому российскому сидельцу исполнилось 50 лет. &laquo;Газета.Ru&raquo; спросила друзей и врагов &laquo;узника номер 1&raquo;, изменилось ли у них отношение к Ходорковскому с момента его задержания в 2003 году и что они думают о возможности открытия третьего уголовного дела против экс-руководителей ЮКОСа.</p>\r\n<p>\r\n	<img alt=\"\" src=\"http://img.gazeta.ru/files3/893/5393893/upload-01-pic668-668x444-57822.jpg\" style=\"height: 266px; width: 500px;\" /><br />\r\n	<br />\r\n	<br />\r\n	Алексей Мельников, член федерального политбюро партии &laquo;Яблоко&raquo;<br />\r\n	<br />\r\n	&mdash; Отношение изменилось в лучшую сторону, потому что история Ходорковского &mdash;<br />\r\n	<br />\r\n	это уже не политическая и не экономическая история, а человеческая.</p>\r\n<p>\r\n	<img alt=\"\" src=\"http://img.gazeta.ru/files3/925/5393925/upload-08-pic4_zoom-1000x1000-37757.jpg\" style=\"height: 377px; width: 600px;\" /><br />\r\n	<br />\r\n	Когда в день юбилея человека государственные телеканалы показывают про него какое-то пропагандистское кино (фильм НТВ &laquo;ЧП. Расследование: убийство в подарок&raquo;, посвященный 15-летию гибели мэра Нефтеюганска Владимира Петухова. &mdash; &laquo;Газета.Ru&raquo;) в духе того, какой он плохой, идут DDoS-атаки на его сайт, становится все понятно про нынешнюю систему. Для нее не важно, прав человек или виноват, ее задача &mdash; втоптать его в грязь. По-человечески Ходорковский, который в этих обстоятельствах находится 10 лет, вызывает на этом фоне уважение.</p>\r\n<p>\r\n	Ирина Ясина, правозащитник, в прошлом &mdash; директор программ фонда &laquo;Открытая Россия&raquo;, организованного Ходорковским</p>\r\n<p>\r\n	<img alt=\"\" src=\"http://img.gazeta.ru/files3/913/5393913/upload-06-pic4_zoom-1000x1000-38527.jpg\" style=\"height: 459px; width: 600px;\" /><br />\r\n	<br />\r\n	<br />\r\n	&mdash; Конечно, изменилось. Из жесткого начальника, которым Ходорковский некогда был для меня, он превратился в практически родного человека, из довольно механического человека, человека-функции он стал очень теплым и близким, я о нем думаю почти каждый день&hellip; Что касается возможности открытия третьего уголовного дела против него и Платона Лебедева, я отрицаю саму такую возможность. Это дело можно только высосать из пальца, и то будет непросто.<br />\r\n	<br />\r\n	Павел Данилин, глава Центра политического анализа при ИТАР-ТАСС, экс-сотрудник Фонда эффективной политики<br />\r\n	<br />\r\n	&mdash; У меня, конечно, ухудшилось отношение, я раньше многого о нем не знал. Когда я писал о нем аналитическую записку некоторое время назад, я узнал, что он подонок, мошенник, руководитель преступной банды. Каждый, кто знает правду, к нему так относится. Третье дело против Ходорковского мне безразлично &mdash; свой срок он уже получил.<br />\r\n	<br />\r\n	Геннадий Гудков, экс-депутат Госдумы, член Координационного совета оппозиции<br />\r\n	<br />\r\n	&mdash; Конечно, поменялось отношение &mdash; из нейтрально-доброжелательного и сочувственного оно превратилось в представление о нем как о серьезном политике, общественном деятеле, философе, человеке, который способен мужественно держать удар. Конечно, я стал его гораздо больше уважать, чем 10 лет назад.<br />\r\n	<br />\r\n	Мне кажется, что нынешний Ходорковский &mdash; это гораздо более глубокий, нравственный, моральный человек, чем тот, который был задержан почти 10 лет назад.<br />\r\n	<br />\r\n	То, что он не обозлился, не пылает ненавистью к своим мучителям, заставляет только больше уважать его. В этот день я желаю ему скорейшего освобождения и воссоединения со своей семьей.<br />\r\n	<br />\r\n	Вадим Соловьев, депутат Госдумы от КПРФ, глава юридической службы компартии<br />\r\n	<br />\r\n	&mdash; Тень уважения к этому человеку у меня есть, потому что он пошел за свои взгляды, убеждения в места не столь отдаленные.<br />\r\n	<br />\r\n	Другое дело &mdash; что сами либеральные идеи, как нам кажется, менее эффективны для России, чем плановая экономика, но с точки зрения личностной он вызывает определенное уважение.<br />\r\n	<br />\r\n	Вячеслав Тимченко, председатель думского комитета по вопросам местного самоуправления, член генерального совета партии &laquo;Единая Россия&raquo;<br />\r\n	<br />\r\n	&mdash; Вряд ли как-то менялось и могло измениться в принципе, потому что ответственность бизнесмена перед государством не меняется с течением времени. Что касается новых уголовных дел, то слухи я не комментирую, но напомню, что у надзорных органов есть право проводить проверки, а принимать окончательное решение &mdash; это прерогатива суда.<br />\r\n	<br />\r\n	Валерий Зубов, депутат Госдумы, экс-губернатор Красноярского края<br />\r\n	<br />\r\n	&mdash; Отношение сместилось в положительную сторону. Он очень достойно и по-человечески ведет себя, и<br />\r\n	<br />\r\n	представление о нем как об олигархе ушло в прошлое. Возникает чувство неловкости, ощущение неправильности того, что он и Лебедев сидят вот уже 10 лет &mdash; лучших лет жизни.<br />\r\n	<br />\r\n	Не я один считаю, что это неправильно. Что касается третьего уголовного дела, если его возбудят, все поймут, что оно притянуто за уши. Даже по второму делу уже многие экономисты высказывали мнение, что оно придумано, а нынешнее муссирование вопроса властью вокруг возможности возбудить новое уголовное дело против Ходорковоскго и Лебедева вообще уже находится за гранью морали и права.<br />\r\n	<br />\r\n	Алексей Чеснаков, политолог, экс-замсекретаря президиума генерального совета &laquo;Единой России&raquo;<br />\r\n	<br />\r\n	&mdash; Вообще личное отношение к людям за 10 лет не может не поменяться. Но гораздо более важным кажется то, что<br />\r\n	<br />\r\n	Ходорковский за это время не изменил своим принципам. Таких людей всегда приятно иметь как среди друзей, так и среди врагов.<br />\r\n	<br />\r\n	Владимир Соловьев, телеведущий<br />\r\n	<br />\r\n	&mdash; Во-первых, на Руси принято жалеть сидельцев. Я был в свое время неплохо знаком с деятельностью его структур, и он не являлся, конечно, героем моего романа. Но ведь тюрьма меняет людей, если верить образцам русской литературы. Во-вторых, никому никогда не пожелаешь сидеть в тюрьме, и сидеть долго. В-третьих, мне, как и многим людям, хочется, чтобы история Ходорковского имела свое разумное завершение.<br />\r\n	<br />\r\n	Третье дело против Ходорковского мне пока кажется надуманной историей, тем более что люди столько лет сидят.<br />\r\n	<br />\r\n	Можно открыть против него еще и четвертое, и пятое уголовные дела, но должен быть какой-то логичный предел. Лучше ведь ужасный конец, чем бесконечный ужас. Добавлю еще, что ругать человека в его день рождения вообще не принято.</p>\r\n','2013-09-16 00:15:00','2013-09-16 00:15:00','',0,2,0,1,'','\0',8,'\0','\0','\0'),(2,'Альтернатива не проходит через фильтр','В среду о начале сбора подписей для регистрации в качестве кандидата от &laquo;Яблока&raquo; на выборах губернатора Подмосковья сообщил экс-&laquo;эсер&raquo; Геннадий Гудков, объявивший себя...','<p>\r\n	<img alt=\"\" src=\"http://img.gazeta.ru/files3/445/5393445/andrew-pic510-510x340-78105.jpg\" style=\"width: 509px; height: 340px;\" /><br />\r\n	&nbsp;</p>\r\n<p>\r\n	В среду о начале сбора подписей для регистрации в качестве кандидата от &laquo;Яблока&raquo; на выборах губернатора Подмосковья сообщил экс-&laquo;эсер&raquo; Геннадий Гудков, объявивший себя единственной альтернативой врио главы региона Андрею Воробьеву. &laquo;Газета.Ru&raquo; выяснила, что муниципальный фильтр в Подмосковье свел на нет возможность конкурентной предвыборной борьбы. Выборы, скорее всего, пройдут по безальтернативному сценарию, несмотря на потенциальное наличие политической альтернативы на старте кампании. Ее результат может оказаться непредсказуемым разве что из-за возможных лесных пожаров в августе.<br />\r\n	<br />\r\n	Пока в Москве кипят предвыборные страсти, Подмосковье, которое в день единого голосования 8 сентября будет выбирать себе нового главу, пребывает, похоже, в летаргическом сне.<br />\r\n	<br />\r\n	О том, что в области пройдут выборы, напоминают лишь периодически мелькающие возле основных магистралей рекламные щиты &laquo;Инвестируйте в Подмосковье &ndash; инвестируйте в будущее&raquo;, &laquo;Инвестируйте в Подмосковье &ndash; гарантия губернатора&raquo;. На плакатах адрес электронной почты врио главы региона Андрея Воробьева, назначенного на этот пост в ноябре 2012 года. (Его предшественника Сергея Шойгу Кремль неожиданно перебросил в Минобороны.)<br />\r\n	<br />\r\n	Впрочем, изредка по дороге попадаются синие щиты с желтой аббревиатурой ЛДПР; другие партии и кандидаты особо себя не проявляют.<br />\r\n	<br />\r\n	В среду напомнил о себе политик некогда федерального масштаба &mdash; бывший &laquo;эсер&raquo; и экс-депутат Госдумы Геннадий Гудков. Кандидат в губернаторы Подмосковья, официально выдвинутый на этой неделе от партии &laquo;Яблоко&raquo;, начал сбор подписей муниципальных депутатов в свою поддержку, распространив обращение с просьбой поддержать его и сделать выборы конкурентными, чтобы единоросс Андрей Воробьев не стал фактически безальтернативным кандидатом.<br />\r\n	<br />\r\n	Территория парадокса<br />\r\n	<br />\r\n	Кампания в Подмосковье отличается некоторой парадоксальностью. С одной стороны, все опрошенные фигуранты выборов соглашаются, что у Воробьева неплохой рейтинг (по данным майского опроса ВЦИОМ, ему доверяют 47% опрошенных; еще в феврале было 32%), при этом они отмечают, что Московская область &mdash; сложный для власти регион, поэтому, при желании, оппозиция могла бы составить нынешнему врио достойную конкуренцию. Тем более что у кандидата от партии власти есть не только сильные стороны (в том числе поддержка федерального центра), но и слабые.<br />\r\n	<br />\r\n	В числе последних наличие в Подмосковье старых региональных элит, пришедших к власти еще в 90-е.<br />\r\n	<br />\r\n	&laquo;Говорить о том, что у Воробьева нет проблем, нельзя. Здешние администрации достаточно автономны: у многих есть выход на федеральную элиту, ведь в каждом районе есть заводы, дачи, земельные участки уважаемых людей; есть районы, где крайне сильны оппозиционные силы. Воробьев для таких элит кажется легковесным,<br />\r\n	<br />\r\n	особенно по сравнению с Шойгу&raquo;, &mdash; считает руководитель региональных программ Фонда развития информационной политики Александр Кынев.<br />\r\n	<br />\r\n	Как себя во время кампании будут вести старые региональные элиты &mdash; одна из главных интриг кампании, отмечает Кынев.<br />\r\n	<br />\r\n	&laquo;Проблема Воробьева &ndash; это поиск общего языка с главами районов и муниципалитетов. Очевидно, что молодой Воробьев не может являться для них абсолютным авторитетом. Они его слушаются в рамках вертикали власти, но, увидь они какую-то альтернативу, ситуация могла бы развиваться непредсказуемым образом&raquo;, &mdash; считает общественный деятель из Жуковского Анатолий Баташев.<br />\r\n	<br />\r\n	Очевидно, что ручное управление регионом, которое имело место быть при Громове, потеряно, и Воробьеву, как и его предшественнику Сергею Шойгу, приходится работать в режиме &laquo;пожарной команды&raquo;, а хочется, чтобы все работало системно, считает Баташев.<br />\r\n	<br />\r\n	Что касается сильных сторон, то Воробьев достаточно интересен даже протестным группам, полагает Баташев. В отличие от администрации бывшего губернатора Громова, его команда настроена на диалог с жителями и работу с такими протестными группами. Но, с другой стороны, в выборной ситуации локальные протесты все равно имеют политическое значение и будут играть против него.<br />\r\n	<br />\r\n	&laquo;Да, у него уже есть реальные достижения, например то, что президент Владимир Путин обозначил строительство ЦКАД (кольцевой дороги в Подмосковье) одним из приоритетов при дорожном строительстве&raquo;, &mdash; добавляет Баташев.<br />\r\n	<br />\r\n	Аналитики как регионального, так и федерального уровня сходятся во мнении, что, несмотря на небезоблачную ситуацию во власти, по факту кампания в Московской области пройдет в атмосфере политической предрешенности. И проблема здесь не только в наличии жесткой вертикали власти, которая фальсифицирует итоги выборов.<br />\r\n	<br />\r\n	Первая причина &mdash; парламентские партии решили не выставлять конкурентами Воробьеву тяжеловесов. И этом при том, что в Московской области традиционно сильны коммунисты, рейтинг же &laquo;Единой России&raquo; тут невелик. На думских выборах в Подмосковье единороссы набрали от 28,7% (Московская область разделена на несколько территориальных комиссий) до 36,9%, в среднем 32,83% &mdash; это один из худших результатов по стране. Для сравнения, коммунисты в этом регионе на тех же выборах получили от 23,19% до 27,51%.<br />\r\n	<br />\r\n	Вторая причина &mdash; &laquo;муниципальный фильтр&raquo;. Наличие фильтра фактически сводит на нет возможность конкурентной кампании, отмечают эксперты.</p>\r\n','2013-09-16 00:15:00','2013-09-16 00:15:00','\0',0,26,0,5,'\0','',7,'','','\0'),(3,'Зачистка без организаторов и нарушений','<p>\r\n	СПЧ созвал экстренное заседание в связи с силовым выселением движения &laquo;За права человека&raquo;</p>\r\n','<p>\r\n	<img alt=\"\" src=\"http://img.gazeta.ru/files3/485/5394485/zapravacheloveka-pic510-510x340-35150.jpg\" style=\"width: 510px; height: 340px;\" /></p>\r\n<p>\r\n	На экстренной встрече, организованной президентским советом по правам человека в среду, представители полиции Юрий Демидов и московской прокуратуры Александр Козлов не сообщили, кто руководил выселением движения &laquo;За права человека&raquo; из офиса, и информировали о том, что проверка не выявила нарушений в действиях оперативников.<br />\r\n	<br />\r\n	Совет по правам человека при президенте России провел в среду экстренное заседание в связи с выселением сотрудников организации &laquo;За права человека&raquo; из их офиса в Москве. В заседании приняли участие представители полиции и прокуратуры &mdash; начальник Главного управления по обеспечению охраны общественного порядка и координации взаимодействия с органами исполнительной власти субъектов России МВД Юрий Демидов и первый заместитель прокурора Москвы Александр Козлов. Кроме того, присутствовал уполномоченный по правам человека Владимир Лукин, московский омбудсмен Александр Музыкантский и сам пострадавший &mdash; глава движения &laquo;За права человека&raquo; Лев Пономарев.</p>\r\n<p>\r\n	&nbsp;</p>\r\n<p>\r\n	Представители полиции и прокуратуры так и не смогли объяснить, кто отдал приказ зачистить офис в Малом Кисловском переулке в ночь на 22 июня. &laquo;Этот вопрос ставили Лукин и Музыкантский, но Козлов и Демидов уклонились от ответа. Они говорили не совсем то, что соответствует действительности&raquo;, &mdash; заявил &laquo;Газете.Ru&raquo; Пономарев.<br />\r\n	<br />\r\n	Более того, МВД так и не нашло нарушений в действиях полицейских при выселении возглавляемой Пономаревым организации. &laquo;По предварительной оценке, в рамках назначенной служебной проверки нарушений в действиях сотрудников полиции не установлено, за исключением недопуска уполномоченного по правам человека в РФ Владимира Лукина&raquo;, &mdash; заявил Демидов.<br />\r\n	<br />\r\n	По итогам спецоперации с участием бойцов ОМОН и сотрудников неизвестного ЧОПа в полицию поступило 19 обращений. Демидов уточнил, что по обращениям продолжается процессуальная проверка. Как пояснил Пономарев, Демидов обещал расследовать только факт избиения правозащитников.<br />\r\n	<br />\r\n	В ночь на субботу, в 2.30 мск, в офис движения &laquo;За права человека&raquo; (ЗПЧ) в Малом Кисловском переулке ворвались бойцы ОМОН в камуфляже и бронежилетах. Они бросали людей на пол и волокли по коридорам, на улице задержанных передавали сотрудникам неизвестного ЧОПа. В организации Пономарева отмечают, что даже люди, согласившиеся выйти из офиса самостоятельно, были схвачены таким же жестким образам. Все это фиксировала на камеру съемочная группа телекомпании НТВ.<br />\r\n	<br />\r\n	Силовой акцией руководили люди, представившиеся Вергиным и Гордеевым, однако выполнить просьбу Музыкантского предъявить документы они отказались. В ходе штурма были избиты Пономарев, другие сотрудники офиса и кандидат в мэры Москвы, председатель партии &laquo;Яблоко&raquo; Сергей Митрохин. Последнему полиция пообещала вернуть планшетник после завершения служебной проверки.<br />\r\n	<br />\r\n	В департаменте имущества Москвы пояснили, что действия силовиков вызваны истечением срока действия договора об аренде. Организатором зачистки офиса, по данным правозащитников, был начальник отдела департамента земельных ресурсов города Москвы А. Руднев. В свою очередь, Пономарев назвал происходящее &laquo;рейдерским захватом&raquo;, отметив, что аренда офиса была оплачена до конца июля. В заключении, подготовленном членом совета по правам человека Евгением Бобровом, уточняется, что процедура пролонгации договора аренды не была завершена со стороны собственника помещения.<br />\r\n	<br />\r\n	&laquo;Аренда за текущее время арендатором оплачена, а арендодателем принята&hellip; При таких обстоятельствах уведомление об отказе арендодателя от договора аренды от 15.02.2013 г. не могло быть основанием выселения&raquo;, &mdash; говорится в заключении.<br />\r\n	<br />\r\n	Глава СПЧ Михаил Федотов на заседании в среду напомнил, что полицейские отказались представиться и пропустить Лукина в офис, поэтому он предложил полицейским прослушать курс лекций о значении правозащитных институтов. &laquo;Может быть, действительно сотрудникам полиции прочитать курс о роли правозащитных институтов, о роли уполномоченного по правам человека, президентского совета по правам человека, Общественной палаты?&raquo; &mdash; сказал Федотов. Он добавил, что готов лично принимать у сотрудников правоохранительных органов экзамены и зачеты по этой теме.<br />\r\n	<br />\r\n	По мнению Федотова, представитель МВД Демидов &laquo;взял на заметку&raquo; его предложение: &laquo;С начальником Главного управления по обеспечению охраны общественного порядка МВД Юрием Демидовым мы договорились, что члены совета будут подключены к проведению служебной проверки и будут проинформированы о ее результатах&raquo;.</p>\r\n','2013-09-16 00:15:00','2013-09-16 00:15:00','\0',0,3,0,5,'','',3,'\0','\0','\0'),(4,'Тест блог','Анонс тестового блога','<p>\r\n	<a href=\"http://cs424927.vk.me/v424927128/251b/XEtd4kkILYI.jpg\"><img alt=\"\" data-gallery=\"false\" src=\"http://cs424927.vk.me/v424927128/251b/XEtd4kkILYI.jpg\" style=\"width: 320px; height: 263px;\" /></a>Блог тест тестируемый блог тест</p>\r\n','2013-10-08 00:00:00','2013-10-08 00:00:00','',0,4,0,1,'','',19,'\0','\0','\0'),(5,'Тест блог 2','Тестовый блог 2','<p>\r\n	Тестировать тестироватьтьтьть</p>\r\n','1800-01-01 00:00:00','1800-01-01 00:00:00','\0',0,1,0,1,'\0','\0',19,'\0','\0','\0'),(6,'Тестовая запись','Текст тестовой записи','<p>\r\n	Текст тестовой записи</p>\r\n','2013-09-28 00:59:54','2013-09-28 00:59:54','\0',0,1,0,6,'\0','\0',7,'','','\0'),(7,'Очень хочется на море','Отпустите меня в Гималаи!! Подлечиться мне надо...','<p>\r\n	Отпустите меня в Гималаи!! Подлечиться мне надо...<img alt=\"\" data-gallery=\"false\" id=\"75fa90d7-5693-4e95-9c23-8c5e1e44c97f\" src=\"/content/userdata/blogs/7/75fa90d7-5693-4e95-9c23-8c5e1e44c97f.normal.jpg\" style=\"width: 500px; height: 375px; float: left;\"></p>\r\n','2013-09-30 12:29:19','2013-09-30 12:29:19','\0',4,18,1,1,'\0','\0',21,'','','\0'),(8,'Люблю страну в начале мая','тест','<p>\r\n	тест</p>\r\n','2013-10-02 10:33:47','2013-10-02 10:33:47','\0',0,2,0,1,'\0','\0',5,'','','\0'),(9,'Холод на дворе','МОСКВА, 2 октября. В центральной части России к выходным заметно потеплеет, и такая погода продержится достаточно долго. Такой прогноз дает Росгидрометцентр. ','<p style=\"margin: 0.2727em 0px 1em; padding: 0px; outline: 0px; border: 0px; vertical-align: baseline; font-size: 21px; font-family: Georgia, \'Times New Roman\', Times, serif; line-height: 1.2857em; color: rgb(32, 32, 32);\">\r\n	Главная особенность атмосферных процессов над&nbsp;Еропейской территорией России &ndash; продолжающееся наступление антициклона с&nbsp;северо-запада и&nbsp;отсечение высокого циклона над&nbsp;Причерноморьем. &laquo;Это означает установление в&nbsp;центре Европейской России на&nbsp;фоне роста атмосферного давления спокойной погоды преимущественно без&nbsp;осадков и&nbsp;увеличение амплитуды суточного хода температуры. При этом значение средней суточной температуры на&nbsp;севере и&nbsp;в центре ЦФО повысится до&nbsp;нормы. В Черноземье сократится ее отставание от&nbsp;нормы, но&nbsp;там скажется близость малоподвижного циклона, из-за которого будет ветрено и&nbsp;с осадками&raquo;,&nbsp;&mdash; говорится в&nbsp;сообщении на&nbsp;сайте Гидрометцентра.</p>\r\n<p style=\"margin: 0.2727em 0px 1em; padding: 0px; outline: 0px; border: 0px; vertical-align: baseline; font-size: 21px; font-family: Georgia, \'Times New Roman\', Times, serif; line-height: 1.2857em; color: rgb(32, 32, 32);\">\r\n	В среду в&nbsp;тыловой части циклона с&nbsp;центром над&nbsp;Поволжьем в&nbsp;Центральном федеральном округе (ЦФО) местами пройдут небольшие осадки (дождь, мокрый снег). Максимальная температура составит плюс 1-8 градусов. В четверг рост атмосферного давления в&nbsp;регионе будет самым большим. Наступление антициклона отзовется ночными заморозками до&nbsp;минус шести градусов. Зато днем воздух прогреется до&nbsp;плюс девяти.</p>\r\n<p style=\"margin: 0.2727em 0px 1em; padding: 0px; outline: 0px; border: 0px; vertical-align: baseline; font-size: 21px; font-family: Georgia, \'Times New Roman\', Times, serif; line-height: 1.2857em; color: rgb(32, 32, 32);\">\r\n	На большей части ЦФО в&nbsp;области повышенного атмосферного давления вероятность осадков будет незначительной, а&nbsp;вот на&nbsp;юге под&nbsp;влиянием черноморского циклона пройдут дожди, местами сильные и&nbsp;с порывистым ветром, отмечается в&nbsp;прогнозе.</p>\r\n<p style=\"margin: 0.2727em 0px 1em; padding: 0px; outline: 0px; border: 0px; vertical-align: baseline; font-size: 21px; font-family: Georgia, \'Times New Roman\', Times, serif; line-height: 1.2857em; color: rgb(32, 32, 32);\">\r\n	В пятницу постепенно на&nbsp;северную половину округа начнет поступать более теплая воздушная масса. Местами ее могут сопровождать небольшие дожди.</p>\r\n<p style=\"margin: 0.2727em 0px 1em; padding: 0px; outline: 0px; border: 0px; vertical-align: baseline; font-size: 21px; font-family: Georgia, \'Times New Roman\', Times, serif; line-height: 1.2857em; color: rgb(32, 32, 32);\">\r\n	В выходные погода вполне может порадовать на&nbsp;севере и&nbsp;в центре округа. В субботу потеплеет, и&nbsp;в ночные часы до&nbsp;плюс шести, а&nbsp;днем воздух прогреется до&nbsp;плюс 12-ти. В воскресенье столбики термометров покажут до&nbsp;минус одного градуса ночью и&nbsp;до плюс 14-ти&nbsp;&mdash; днем. Улучшится погода и&nbsp;на юге округа. В начале новой недели станут более плотными облаками &ndash; поэтому ночи станут немного теплее, а&nbsp;дневной прогрев будет немного ограничен. Вновь возрастет вероятность небольших осенних дождей, прогнозируют специалисты.</p>\r\n','2013-10-01 00:00:00','2013-10-01 00:00:00','\0',0,0,0,6,'','',21,'','',''),(10,'Тест','Тест','<p>\r\n	Тест</p>\r\n','2013-10-09 16:39:02','2013-10-09 16:39:02','\0',4,4,0,1,'\0','\0',19,'','','\0'),(11,'Блог о блоге','анонс блогаоблоге','<p>\r\n	<img alt=\"\" data-gallery=\"false\" src=\"/content/userdata/news/b749ce16-d34c-4ebc-a802-62c496a84f37.jpg\" style=\"width: 1024px; height: 768px;\" />Аавтомобиль</p>\r\n','2013-10-09 00:00:00','2013-10-09 00:00:00','',0,0,0,1,'','\0',19,'\0','\0','\0'),(12,'тест публикации','тесттесттест','<p>\r\n	тесттест</p>\r\n','2013-10-10 00:00:00','2013-10-10 00:00:00','\0',0,4,0,3,'','',21,'','','\0'),(13,'Записки на папирусе','Выше пробок!..<br/>	<br/>	<br/>	&laquo;Сохраняй всегда позитивное настроение! Ищи плюсы!&raquo;<br/>	<br/>	x x x<br/>	<br/>	&hellip; Час пик. Все эти сонные люди вокруг воспринимают тебя и твою попытку улыбаться сейчас...','<p>\r\n	<strong>Выше пробок!..</strong><br>\r\n	<br>\r\n	<br>\r\n	&laquo;Сохраняй всегда позитивное настроение! Ищи плюсы!&raquo;<br>\r\n	<br>\r\n	x x x<br>\r\n	<br>\r\n	&hellip; Час пик. Все эти сонные люди вокруг воспринимают тебя и твою попытку улыбаться сейчас как плевок в душу. Где это видано? Улыбаться в 8 утра, стоя на одной ноге, уткнувшись головой в плечо неопохмеленного соседа&hellip; Да еще в тот ужасный момент, когда поезд опять застрял между &laquo;Баррикадной&raquo; и &laquo;Пушкинcкой&raquo;&hellip;<br>\r\n	<br>\r\n	Улыбаться!<br>\r\n	<br>\r\n	Несчастные люди! Тебе их жалко. Они не читали Леви, Козлова, Норбекова, да и Карнеги, судя по всему, не впечатлил этих узников &laquo;подземки&raquo;. Все они так зависимы от погоды и мимики окружающих&hellip;<br>\r\n	<br>\r\n	Улыбаться!!<br>\r\n	<br>\r\n	&hellip;Но рано или поздно приходит день&nbsp;&mdash; и ты сдаешься. Внутренний антивирус от раздражения&nbsp;и равнодушия глохнет намертво. Ощущаешь себя муравьем, винтиком в механизме Мегаполиса. И отдаешь, наконец, себе отчет в том, что пробки&nbsp;&mdash; не победить. Вдруг осознаешь, что пробки не только на дорогах, в метро и в бухгалтерии в день получки. Пробки давно уже в твоей голове&hellip; Пытаешься строить мысли, не терять концентрации, мыслить ясно, но все магистрали давно забиты и требуют развязок.<br>\r\n	<br>\r\n	Тебе остается одно&nbsp;&mdash; стать выше всего этого. Выше пробок.<br>\r\n	ВЗЛЕТЕТЬ!..<br>\r\n	<br>\r\n	Ты абсолютно спонтанно берешь отпуск, выбираешь первый в журнале горящий тур и включаешь мозги только при подсчете отпускных.<br>\r\n	&nbsp;</p>\r\n<p>\r\n	&hellip; Взлетать лучше всего в рабочий день, около 8 утра. Чтобы почувствовать свободу в<br>\r\n	груди, глядя&nbsp;на&nbsp; удаляющуюся&nbsp;вереницу&nbsp;&laquo;Ауди&raquo;,&nbsp;&laquo;Фордов&raquo;,&nbsp;&laquo;Фольксвагенов&raquo;&nbsp;и&nbsp;так&nbsp;<br>\r\n	дорогих&nbsp;твоему&nbsp;сердцу&nbsp;желтых&nbsp;газелей.</p>\r\n<p>\r\n	<br>\r\n	<br>\r\n	x x x<br>\r\n	<br>\r\n	&laquo;Уважаемые пассажиры! Наш самолет рейсом &laquo;Москва&nbsp;&mdash; Шарм-Эль-Шейх&raquo; набрал высоту 10 000 метров. Вы можете отстегнуть ремни и перемещаться по салону&hellip;&raquo;<br>\r\n	<br>\r\n	Есть! Взлетели!<br>\r\n	<br>\r\n	Теперь включи плеер и&nbsp;&mdash; обязательно! - поставь песню &laquo;Sing&raquo; группы &laquo;Travis&raquo;&hellip;<br>\r\n	Слова не столь важны. Главное&nbsp;&mdash; тот самый переход, в начале, от нудного, монотонного звука к взрывной полифонии!<br>\r\n	<br>\r\n	Смотри в небо, слушай музыку и, в конце концов, улыбайся. Искренне и свободно.<br>\r\n	<br>\r\n	x x x<br>\r\n	<br>\r\n	14 января 2008 года. Раннее утро. Старообрядцы до мозга костей еще водят новогодние хороводы, а я прохожу досмотр в аэропорту &laquo;Домодедово&raquo;. Через полчаса Boeing-737<br>\r\n	унесет меня в прекрасное далеко Шарм-Эль-Шейха.&nbsp;А&nbsp;пока&nbsp;бдительный&nbsp;сотрудник&nbsp;<br>\r\n	милиции&nbsp;вынимает&nbsp;из&nbsp;рюкзака&nbsp;пену&nbsp;для&nbsp;бритья&nbsp;и&nbsp;беспощадно&nbsp;забрасывает&nbsp;в&nbsp;корзину&nbsp;<br>\r\n	как&nbsp;запрещенную&nbsp;к провозу жидкость.<br>\r\n	<br>\r\n	&laquo;Знак судьбы,&raquo; - думаю я.&nbsp;И с чистой совестью зарекаюсь от бритвы на ближайшие пять дней, пока бедуины не начинают уже принимать за &laquo;своего&raquo;.<br>\r\n	<br>\r\n	&hellip;Перед самым вылетом группа подвыпивших туристов вдруг обнаруживает потерю двух бесценных предметов:&nbsp;стакана&nbsp;и&nbsp;фотоаппарата.&nbsp;<br>\r\n	<br>\r\n	И&nbsp;до&nbsp;меня&nbsp;доносится&nbsp;фраза:<br>\r\n	&laquo;Ты, Серег&hellip; ик&hellip; фотоаппарат ищи. Над ж будьт за-пе-чат-леть! А стакан&hellip; Ну и фиг с ним! Стакан везде найдем!&raquo;<br>\r\n	<br>\r\n	Летим в Египет без стакана. За впечатлениями!<br>\r\n	<br>\r\n	<br>\r\n	<br>\r\n	<strong>Потомки фараонов</strong><br>\r\n	<br>\r\n	&laquo;Я люблю тебя и очень скучаю. Скоро приеду!&raquo;<br>\r\n	<br>\r\n	Ахмед сияет, как начищенный кальян. Только что я прочитал вслух sms от его девушки- москвички. Ахмед&nbsp;&mdash; сотрудник отеля. Мне не составило труда пару раз прочитать sms и написать&nbsp;пылкий&nbsp;ответ.&nbsp;Зато,&nbsp;когда&nbsp;у&nbsp;меня&nbsp;сломался&nbsp;кондиционер,&nbsp;починили&nbsp;его&nbsp;сию&nbsp;минуту,&nbsp;<br>\r\n	что&nbsp;не&nbsp;всегда&nbsp;свойственно&nbsp;египтянам.<br>\r\n	<br>\r\n	Я отдыхаю в Royal Rojana Resort, поэтому могу судить о египтянах именно по персоналу данного отеля. Естественно, о мужчинах. Девушка встречается одна, однажды, и то&nbsp;&mdash; в аптеке.<br>\r\n	<br>\r\n	Про египтян, как<strong>&nbsp;</strong>и про русских, нельзя сказать что-то однозначно. Разве что&hellip; Все, как один, смуглы и долгим взглядом провожают любую русскую девушку.<br>\r\n	<br>\r\n	&laquo;Привьет, друг, как дела?&raquo; - стандартное приглашение к беседе.<br>\r\n	&laquo;Превед, медвед!&raquo; - отвечаю.<br>\r\n	<br>\r\n	Непередаваемая радость в глазах потомка Тутанхамона сопровождается попыткой изобразить русского медведя:<br>\r\n	&laquo;Зима, медведь, водка, холодно&hellip;&raquo;<br>\r\n	<br>\r\n	Я прерываю изложение русской кармы официальным заявлением:<br>\r\n	<br>\r\n	&laquo;Yes, It`s cold in Moscow. But! The russian girls are the most beautiful girls in the world, aren`t they?&raquo;<br>\r\n	<br>\r\n	Египтянин причмокивает и начинает с блаженной улыбкой описывать в воздухе контуры<br>\r\n	русской девушки.&nbsp;<br>\r\n	<br>\r\n	&laquo;What do you like in russian girls espessially?&raquo; - не унимаюсь.<br>\r\n	Снова театр мимики и жестов. Я улыбаюсь и хитро подмигиваю.<br>\r\n	<br>\r\n	&hellip;Суть вопроса мне прояснил днем ранее Мохаммед, наш гид в поездке в Каир.<br>\r\n	&laquo;Свадьба в Египте&nbsp;&mdash; куда более серьезное дело, нежели в России&raquo; (Мохаммед год прожил в Москве и знает, о чем говорит). &laquo;В случае согласия отца девушки, жениху выпадает великая честь раскошелиться на $5 000 и 500 граммов золота, а также он обязуется обеспечить избранницу жильем. Закон Египта на стороне женщины в этом вопросе, равно как&nbsp;&mdash; в случае развода. &laquo;Вырваться на свободу&raquo; будет стоить не меньше, чем вступить в брак.<br>\r\n	<br>\r\n	Выхода&nbsp;&mdash; нет?<br>\r\n	Выходов два:&nbsp;Шарм-Эль-Шейх и Хургада.&nbsp;Здесь,&nbsp;в&nbsp;мире&nbsp;почти&nbsp;обнаженных&nbsp;красавиц&nbsp;из&nbsp;<br>\r\n	Европы,&nbsp;молодые&nbsp;египтяне&nbsp;ищут&nbsp;шанс&nbsp;жениться &laquo;на выгодных условиях&raquo;.<br>\r\n	Ну и&hellip; природную красоту иноземок никто не отменял!&raquo;.<br>\r\n	<br>\r\n	Охота на невест порой принимает &laquo;наглые и развязные формы&raquo;, выражаясь перлами коммунистической&nbsp;пропаганды. Одна знакомая пара из России, пребывая в счастливом браке, столкнулась на улицах Каира&nbsp;с&nbsp;немыслимым&nbsp;для&nbsp;нашей&nbsp;культуры&nbsp;хамством.&nbsp;<br>\r\n	Молодой&nbsp;араб,&nbsp;завидев&nbsp;такую&nbsp;красоту&nbsp;(я&nbsp;про&nbsp;жену),&nbsp;позабыл&nbsp;все&nbsp;заповеди&nbsp;Аллаха&nbsp;и&nbsp;ринулся&nbsp;<br>\r\n	на&nbsp;абордаж.&nbsp;Далеко&nbsp;утащить&nbsp;невесту&nbsp;он&nbsp;не&nbsp;успел,&nbsp;ибо был пойман ловким движением<br>\r\n	за воротник (это уже про опомнившегося мужа).<br>\r\n	<br>\r\n	&laquo;В морду бы ему дать&raquo;,&nbsp;-&nbsp;глубокомысленно&nbsp;замечаю&nbsp;я,&nbsp;прослушав&nbsp;эмоциональный&nbsp;<br>\r\n	рассказ&nbsp;пары.<br>\r\n	<br>\r\n	x x x<br>\r\n	<br>\r\n	&hellip;Как-то за обедом к моему столику подруливает Фази, официант, он же электрик из Каира. Симпатичный парень, очень вежливый и по-египетски весьма интеллигентный.<br>\r\n	<br>\r\n	Подходит:<br>\r\n	- Привьет, друг! Как дела? Вот&hellip; Как мне познакомиться с русской девушкой, чтобы она не обиделась?<br>\r\n	<br>\r\n	- Ну&hellip; Хе-хе&hellip; - на секунду задумываюсь.&nbsp;&mdash; Скажи ей, что она прекрасная!<br>\r\n	- Пере-красная? Очень красная?!<br>\r\n	<br>\r\n	Черт бы побрал эти филологические раскопки.<br>\r\n	<br>\r\n	-Да, - говорю.&nbsp;&mdash; Очень красная!!<br>\r\n	А в голове уже нараспев: &laquo;Девушки бывают разные&hellip;&raquo;<br>\r\n	- Прекрасная! - повторяю.&nbsp;&mdash;&nbsp;И не вздумай сказать: &laquo;пере!&raquo;<br>\r\n	<br>\r\n	<br>\r\n	&hellip; Спустя сутки подруга девушки, к которой подбивал клинья наш пылкий юноша, с ужасом<br>\r\n	передает детали знакомства:<br>\r\n	<br>\r\n	- Представляешь! Подходит к ней и говорит: &laquo;Привет, прекрасная (!), как тибья зовут? Эля? Эля, я жду тибья вечером в таком-то номере&hellip;&raquo;<br>\r\n	<br>\r\n	&raquo;&nbsp;Эге, - думаю я.&nbsp;- Такому я Фази не учил!&raquo;<br>\r\n	И добавляю сакраментальное:<br>\r\n	- В морду бы ему дать&hellip;<br>\r\n	<br>\r\n	x x x<br>\r\n	<br>\r\n	Наконец шанс реализовать свое желание мне предоставляется лично.<br>\r\n	Слава аллаху, я познакомился с двумя прелестными созданиями и, для закрепления братского союза,&nbsp;отправился&nbsp;искать&nbsp;по&nbsp;пляжу&nbsp;картофель&nbsp;фри.<br>\r\n	<br>\r\n	Утомленный поисками, но довольный результатом, возвращаюсь спустя десять минут и вижу картину: прыткий молодой человек вовсю увивается возле девчонок с предложением посетить сеанс массажа.<br>\r\n	<br>\r\n	&laquo;Ну, араб,&raquo; - думаю я и уже собираюсь угостить его картошкой фри, как на девушек нисходит озарение:<br>\r\n	<br>\r\n	- Мы не можем,&nbsp;&mdash; виновато так смотрят.&nbsp;&mdash; У нас педикулез!<br>\r\n	- Да, - подхватываю.&nbsp;&mdash; Меня Саша зовут.<br>\r\n	И протягиваю арабу руку.<br>\r\n	<br>\r\n	&hellip;В общем, на массаж нас больше не звали.<br>\r\n	<br>\r\n	<br>\r\n	x x x<br>\r\n	<br>\r\n	<br>\r\n	Конечно же, не одними девушками живут египтяне.<br>\r\n	Как показалось,&nbsp;носители&nbsp;древней&nbsp;культуры очень ценят чаевые. И здесь тот самый случай, когда размер&nbsp;&mdash; не самое главное.<br>\r\n	<br>\r\n	В нашем отеле отдыхали в основном русскоязычные туристы. Большинство, увы, пока не привыкли &laquo;швырять деньги на ветер&raquo;. По словам некоторых попутчиков, &laquo;деньги аборигенов только развращают&raquo;.<br>\r\n	<br>\r\n	Отсюда&nbsp;&mdash; отношение к нам местной рабочей молодежи.<br>\r\n	<br>\r\n	Мой совет: оставь по доллару официанту и уборщику в номере&nbsp;&mdash; им приятно, и тебе комфортно. В знак благодарности &laquo;менеджер по клинингу&raquo; принесет бутылку воды, сложит одежду, не забудет про полотенца и&nbsp;&mdash; что немаловажно! - ничего не свистнет.<br>\r\n	Официант&nbsp;будет&nbsp;доставлять&nbsp;к&nbsp;столику&nbsp;напитки&nbsp;и&nbsp;внимать&nbsp;каждому&nbsp;твоему&nbsp;слову,&nbsp;<br>\r\n	пусть&nbsp;даже&nbsp;и&nbsp;не&nbsp;понимая&nbsp;порой запутанных&nbsp;выражений.<br>\r\n	<br>\r\n	Общение в Египте&nbsp;&mdash; дело тонкое.&nbsp;<br>\r\n	Казалось&nbsp;бы,&nbsp;5&nbsp;звезд,&nbsp;все&nbsp;включено,&nbsp;только&nbsp;пальчиком&nbsp;помани&hellip;<br>\r\n	Если ты подходишь к египтянину с постным лицом и, не глядя в глаза, бубнишь: &laquo;Дай мне колы&raquo;,&nbsp;отношение к тебе будет соответствующее.<br>\r\n	Никогда не забывай, что каждый египтянин&nbsp;&mdash; как минимум, внучатый племянник Тутанхамона (как он сам искренне считает).<br>\r\n	<br>\r\n	Улыбнись, поговори про жизнь, про Путина, про Хеопса, про русско-египетские отношения,<br>\r\n	напомни про советское строительство Асуанской плотины, поцокай с ним языком вслед очередной обнаженной красавице, подрожи всем телом при упоминании слова &laquo;Moscow&raquo;,<br>\r\n	и вот тогда уже:<br>\r\n	<br>\r\n	- Дай мне колы!<br>\r\n	Увидишь разницу.<br>\r\n	<br>\r\n	Так я&nbsp;познакомился&nbsp;почти&nbsp;со&nbsp;всем&nbsp;персоналом&nbsp;Royal&nbsp;Rojana,&nbsp;и&nbsp;везде&nbsp;отвечали&nbsp;мне&nbsp;<br>\r\n	улыбкой&nbsp;и&nbsp;вниманием.&nbsp;<br>\r\n	<br>\r\n	Не могу не рассказать о Жоре.<br>\r\n	Джордж&nbsp;(или Жора, как он сам представился) продает&nbsp;напитки&nbsp;возле&nbsp;бассейнов.&nbsp;<br>\r\n	Более&nbsp;колоритного&nbsp;Жоры&nbsp;я&nbsp;еще&nbsp;на своем веку не встречал! После того, как мы обсудили с ним весь вышеобозначенный круг тем, Жора достает свой мобильник и предлагает выпить за фирму Nokia. Я, как обладатель финского бренда, не могу не поддержать. И вот тут Жора мутит мне такой коктейль&hellip; что я заглядываю к нему все чаще.<br>\r\n	<br>\r\n	На третий день знакомства Георгий мне признается, что у него давняя мечта: иметь наушники<br>\r\n	для телефона, а в Шарм-Эль-Шейхе они почему-то&nbsp;не&nbsp;продаются.&nbsp;Намек&nbsp;переходит&nbsp;в&nbsp;деловое<br>\r\n	предложение.<br>\r\n	<br>\r\n	- Назначь любую цену! - умоляет Джордж.&nbsp;&mdash; Любую цену не выше 5 долларов!<br>\r\n	И выворачиват карманы, мол, наличных вообще отродясь не видел.<br>\r\n	<br>\r\n	- Ведь в Москве этого много?<br>\r\n	<br>\r\n	- Много, - соглашаюсь.&nbsp;&mdash; Даже слишком.<br>\r\n	<br>\r\n	- В подарок, - Жора вовсю размахивает руками, словно шейх при попытке закадрить в гарем очередную блондинку.&nbsp;&mdash; Я дам тебе много арабской музыки! Очень красивый музыка. Любишь?<br>\r\n	<br>\r\n	- Конечно! - спешу заверить египетского друга.&nbsp;&mdash; Очень люблю.<br>\r\n	И тут же в памяти всплывает раннее утро 17 января, день поездки в Гизу и Каир.<br>\r\n	<br>\r\n	<br>\r\n	<br>\r\n	<strong>Город Ниломанов</strong><br>\r\n	<br>\r\n	Арабская&nbsp;музыка&nbsp;мягко&nbsp;разливается&nbsp;по&nbsp;салону&nbsp;автобуса,&nbsp;везущего&nbsp;нас&nbsp;к&nbsp;пирамидам.<br>\r\n	<br>\r\n	Дорога&nbsp;из&nbsp;Шарм-Эль-Шейха в Каир&nbsp;&mdash; это путешествие вдоль всего Синайского полуострова.<br>\r\n	За&nbsp;окном&nbsp;пустыня,&nbsp;верблюды,&nbsp;бесконечные&nbsp;кустарники,&nbsp;редкие&nbsp;дома. Под капотом&nbsp;&mdash; довольно ровный асфальт, хоть и без разметки.<br>\r\n	<br>\r\n	При подъезде к столице&nbsp;Египта начинаются коттеджные поселки. Рублевка, по-нашему.<br>\r\n	Я смотрю на Мохаммеда. Веселый, искрящий юмором парень вдруг меняется в лице.<br>\r\n	Эти дома&nbsp;не&nbsp;назовешь&nbsp;гордостью&nbsp;нации&nbsp;и&nbsp;светом&nbsp;архитектуры.&nbsp;Огромные&nbsp;безликие&nbsp;массивы<br>\r\n	серых неоштукатуренных домов, невероятно близких друг к другу и&nbsp;-&nbsp;почти&nbsp;всюду&nbsp;-&nbsp;недостроенных.&nbsp;<br>\r\n	<br>\r\n	Впрочем, здесь удивляться нечему. Молодые египетские семьи никогда не останутся без<br>\r\n	собственного жилья. Если родители стали строить дом и закончили первый этаж,<br>\r\n	впоследствии дети могут свить семейное гнездо уже на втором этаже. И так далее, пока не надоест.<br>\r\n	<br>\r\n	Все вместе, друг над другом, из поколения в поколение.<br>\r\n	Ипотека по-египетски.<br>\r\n	<br>\r\n	x x x<br>\r\n	<br>\r\n	Жизнь налаживается ближе к Нилу. Еще 5 тыс. лет назад египтяне основали<br>\r\n	цивилизацию вдоль Великой&nbsp;Реки.&nbsp;Спустя века мало что изменилось.<br>\r\n	Все,&nbsp;что&nbsp;близко&nbsp;к&nbsp;воде,&nbsp;-&nbsp;цветет&nbsp;и&nbsp;развивается.&nbsp;Нил&nbsp;давным-давно&nbsp;обожествлен&nbsp;и&nbsp;наделен&nbsp;душой.&nbsp;<br>\r\n	Поэтому&nbsp;Каир,&nbsp;безусловно,&nbsp;-&nbsp;город&nbsp;ниломанов.<br>\r\n	<br>\r\n	Мы едем по мосту. Здесь Нил совсем неширокий, но для меня, 8 лет изучавшего историю,<br>\r\n	это особый момент. Что уж говорить про секунду, когда&nbsp;за крышами домов, словно могущественный великан, выплывает темный силуэт пирамиды Хеопса.<br>\r\n	<br>\r\n	- Ни одна из теорий строительства пирамид не доказана.&nbsp;Мы не знаем, КАК они это сделали, -&nbsp;слышу&nbsp;сквозь&nbsp;рев&nbsp;мотора&nbsp;голос&nbsp;гида.&nbsp;<br>\r\n	<br>\r\n	Его&nbsp;зовут&nbsp;Ясир.&nbsp;Приятно&nbsp;удивляет,&nbsp;что&nbsp;гид&nbsp;не&nbsp;начинает&nbsp;рассказывать&nbsp;&laquo;байки из склепа&raquo;&nbsp;о&nbsp;том,&nbsp;<br>\r\n	какие&nbsp;египтяне&nbsp;были&nbsp;сильные&nbsp;и&nbsp;сколько&nbsp;грыж&nbsp;они&nbsp;порвали,&nbsp;затягивая&nbsp;камни&nbsp;по&nbsp;2,5&nbsp;тонны&nbsp;<br>\r\n	все&nbsp;выше&nbsp;и&nbsp;выше,&nbsp;к&nbsp;солнцу.&nbsp;&nbsp;&nbsp;<br>\r\n	<br>\r\n	- Есть только ответы на вопрос &laquo;Зачем?&raquo;.<br>\r\n	Согласно религии, египтяне пытались ублажить фараона и воздать ему почести&nbsp;&mdash; поэтому, собственно, пирамида такая огромная. Они сделали все, чтобы никто не покусился на тело<br>\r\n	и&nbsp;дары фараону&nbsp;&mdash; отсюда мощные камни. Наконец, чтобы облегчить участь восхождения<br>\r\n	души на Небо,&nbsp;гробница сделана в форме ступенчатой пирамиды, то есть&nbsp;&mdash; лестницы.<br>\r\n	<br>\r\n	Все четко. Я улыбаюсь. Все-таки два года рассказывал студентам об истории цивилизаций.<br>\r\n	Были, наверное, ошибки в моем изложении истории, но про пирамиды я не наврал.<br>\r\n	<br>\r\n	Как выяснилось позже,&nbsp;Ясир&nbsp;-&nbsp;профессиональный&nbsp;египтолог.&nbsp;<br>\r\n	Большой,&nbsp;красивый,&nbsp;добрый&nbsp;и&nbsp;очень&nbsp;увлеченный&nbsp;человек. Уже после официальной<br>\r\n	экскурсии по знаменитому Каирскому&nbsp;музею&nbsp;он&nbsp;таскает&nbsp;меня&nbsp;от&nbsp;экспозиции&nbsp;к&nbsp;<br>\r\n	экспозиции&nbsp;и&nbsp;перечисляет&nbsp;монографии, которые обязательно надо прочитать.<br>\r\n	<br>\r\n	Возможно, когда-нибудь&hellip;<br>\r\n	<br>\r\n	Пирамиды, Сфинкс, улицы Каира, девушки и женщины из сериала &laquo;Клон&raquo;, древние<br>\r\n	побитые машины,&nbsp;бесконечные&nbsp;пальмы и клумбы,&nbsp;дороги&nbsp;без&nbsp;светофоров,&nbsp;пробки 18-миллионного мегаполиса, музей&nbsp;папируса, зачарованный взгляд египетского ребенка<br>\r\n	в салон нашего автобуса&hellip;<br>\r\n	<br>\r\n	Ощущение, как&nbsp;будто&nbsp;на один день тебя переместили во времени в сказку&nbsp;&laquo;1000 и 1 ночи&raquo;&hellip;<br>\r\n	А ведь именно так себе это и представлял.<br>\r\n	<br>\r\n	Визит в Каир заканчивается прогулкой по Нилу, на теплоходе. Египтянка потрясающе<br>\r\n	(кто бы сомневался) исполняет танец живота, и вот уже наш столик приглашается на сцену.<br>\r\n	От неожиданности все девчонки отказываются. Дабы поддержать гордое имя &laquo;руссо туристо&raquo;,<br>\r\n	я соглашаюсь и тут же предлагаю арабскому танцору грузинскую лезгинку. Пять минут изображаю активное движение и с поклоном возвращаюсь за столик, ибо в скорости танца соревноваться с египтянами&nbsp;&mdash; дело безнадежное!<br>\r\n	<br>\r\n	<br>\r\n	<br>\r\n	&hellip;Город Ниломанов исчезает вместе с закатом солнца. Пение&nbsp;муллы&nbsp;завершает&nbsp;наш&nbsp;вояж&nbsp;по<br>\r\n	легендарной столице.<br>\r\n	<br>\r\n	<br>\r\n	<br>\r\n	<strong>А напоследок&hellip;</strong><br>\r\n	<br>\r\n	То, что я искал в этой поездке,&nbsp;&mdash; нашел. Банальные &laquo;солнце, воздух и вода&raquo; делают с твоим&nbsp;организмом&nbsp;великое&nbsp;дело.&nbsp;<br>\r\n	При&nbsp;желании,&nbsp;можно&nbsp;найти&nbsp;изъяны&nbsp;в&nbsp;сервисе&nbsp;<br>\r\n	отеля,&nbsp;посетовать на дождь,&nbsp;свалившийся вдруг на наши горячие головы.<br>\r\n	<br>\r\n	Признаться, мебель в отеле оказалась малость старовата для 5 звезд, да и вечерами без теплой одежды можно&nbsp;было&nbsp;слегка &laquo;дать дуба&raquo;.&nbsp;Вода в одном из бассейнов оказалась настолько холодной, что 19 января особо верующие собрались уже отметить в нем Крещение.<br>\r\n	<br>\r\n	Но днем было солнце, тепло, Красное море с потрясающим&nbsp;подводным&nbsp;миром,&nbsp;воллейбол, теннис, общение&nbsp;с&nbsp;туристами из России, Белоруссии, Украины, Египта, Польши на одном&nbsp;&mdash; русском&nbsp;&mdash; языке.<br>\r\n	<br>\r\n	Вечерние кальян, ужин в веселой компании, дискотека, прогулки по морю, бессонные ночи&hellip; Просто удивительно, как меняются люди на курорте. Добрые, открытые, веселые, готовые прийти на помощь.<br>\r\n	<br>\r\n	А ведь это соседи, застрявшие с тобой между &laquo;Баррикадной&raquo; и &laquo;Пушкинской&raquo;.<br>\r\n	<br>\r\n	&hellip;Последний&nbsp;вечер&nbsp;-&nbsp;расставание&nbsp;с&nbsp;кораллами,&nbsp;горами,&nbsp;песком.&nbsp;<br>\r\n	Прощание&nbsp;с&nbsp;людьми,&nbsp;вдруг&nbsp;за&nbsp;10&nbsp;дней&nbsp;ставшими&nbsp;тебе&nbsp;близкими.<br>\r\n	Идешь&nbsp;по&nbsp;ночному берегу.&nbsp;<br>\r\n	<br>\r\n	Самое&nbsp;время&nbsp;включить&nbsp;дуэт Рамазотти-Тернер&hellip;&nbsp;<br>\r\n	<br>\r\n	x x x<br>\r\n	<br>\r\n	- Назначь любую цену! - умоляет Джордж.&nbsp;&mdash; Любую цену не выше 5 долларов!<br>\r\n	И выворачивает карманы, мол, наличных вообще отродясь не видел.<br>\r\n	<br>\r\n	Эту&nbsp;просьбу&nbsp;Жора&nbsp;повторяет&nbsp;в мой последний день отдыха.<br>\r\n	<br>\r\n	<br>\r\n	- Когда у вас самая клевая погода? - спрашиваю с улыбкой.<br>\r\n	<br>\r\n	- April. Апрель!<br>\r\n	<br>\r\n	- Держи,&nbsp;-&nbsp;расстаюсь&nbsp;с&nbsp;наушниками&nbsp;без&nbsp;сожаления.&nbsp;-&nbsp;Деньги в апреле отдашь!</p>\r\n','2013-10-15 15:23:58','2013-10-15 15:23:58','\0',0,0,0,1,'\0','\0',2,'','','\0');
/*!40000 ALTER TABLE `blogs` ENABLE KEYS */;
UNLOCK TABLES;

--
-- Table structure for table `changelog`
--

DROP TABLE IF EXISTS `changelog`;
/*!40101 SET @saved_cs_client     = @@character_set_client */;
/*!40101 SET character_set_client = utf8 */;
CREATE TABLE `changelog` (
  `ChangeId` int(11) NOT NULL AUTO_INCREMENT,
  `Folder` varchar(256) NOT NULL,
  `ScriptNumber` smallint(6) NOT NULL,
  `ScriptName` varchar(512) NOT NULL,
  `StartDate` datetime NOT NULL,
  `CompleteDate` datetime DEFAULT NULL,
  `AppliedBy` varchar(128) NOT NULL,
  `ScriptStatus` tinyint(4) NOT NULL,
  `ScriptOutput` text NOT NULL,
  PRIMARY KEY (`ChangeId`),
  UNIQUE KEY `Folder` (`Folder`(100),`ScriptNumber`)
) ENGINE=InnoDB AUTO_INCREMENT=109 DEFAULT CHARSET=utf8;
/*!40101 SET character_set_client = @saved_cs_client */;

--
-- Dumping data for table `changelog`
--

LOCK TABLES `changelog` WRITE;
/*!40000 ALTER TABLE `changelog` DISABLE KEYS */;
INSERT INTO `changelog` VALUES (1,'v0.1',1,'001_All_Tables_For_Restaurants.sql','2013-08-09 05:23:26','2013-08-09 05:23:27','root@localhost',1,''),(2,'v0.1',2,'002_Restaurants_Events.sql','2013-08-09 05:23:27','2013-08-09 05:23:27','root@localhost',1,''),(3,'v0.1',3,'003_Discounts_Entries.sql','2013-08-09 05:23:27','2013-08-09 05:23:27','root@localhost',1,''),(4,'v0.1',4,'004_Accounts_Modify.sql','2013-08-09 05:23:27','2013-08-09 05:23:27','root@localhost',1,''),(5,'v0.1',5,'005_Accounts_Modify_2.sql','2013-08-09 05:23:27','2013-08-09 05:23:27','root@localhost',1,''),(6,'v0.1',6,'006_Accounts_Added_Photographer_Related_Fields.sql','2013-08-09 05:23:27','2013-08-09 05:23:27','root@localhost',1,''),(7,'v0.1',7,'007_Photobank_tables.sql','2013-08-09 05:23:27','2013-08-09 05:23:27','root@localhost',1,''),(8,'v0.1',8,'008_Accounts_Added_Social_Fields.sql','2013-08-09 05:23:27','2013-08-09 05:23:27','root@localhost',1,''),(9,'v0.1',9,'009_Photobank_Tables_Changes_And_Test_Data.sql','2013-08-09 05:23:27','2013-08-09 05:23:27','root@localhost',1,''),(10,'v0.1',10,'010_Photobank_Test_Data.sql','2013-08-09 05:23:27','2013-08-09 05:23:27','root@localhost',1,''),(11,'v0.1',11,'011_Accound_Added_Avatar_Field.sql','2013-08-09 05:23:27','2013-08-09 05:23:27','root@localhost',1,''),(12,'v0.1',12,'012_Photobank_Tables_Modify_And_Test_Data.sql','2013-08-13 15:22:08','2013-08-13 15:22:08','root@localhost',1,''),(13,'v0.1',13,'013_Photos_PhotosRestaurans.sql','2013-08-13 15:22:08','2013-08-13 15:22:08','root@localhost',1,''),(14,'v0.1',14,'014_Restaurants_Rating.sql','2013-08-13 15:22:08','2013-08-13 15:22:08','root@localhost',1,''),(15,'v0.1',15,'015_Comments_Table.sql','2013-08-13 15:22:08','2013-08-13 15:22:08','root@localhost',1,''),(16,'v0.1',16,'016_Photobank licenses primary id.sql','2013-08-13 15:22:08','2013-08-13 15:22:08','root@localhost',1,''),(17,'v0.1',17,'017_Accounts guid.sql','2013-08-13 15:22:08','2013-08-13 15:22:08','root@localhost',1,''),(18,'v0.1',18,'018_Comments_Table_Add_Fields.sql','2013-08-13 15:22:08','2013-08-13 15:22:08','root@localhost',1,''),(19,'v0.1',19,'019_MarksNews_Table.sql','2013-08-14 11:41:40','2013-08-14 11:41:40','root@localhost',1,''),(20,'v0.1',20,'020_Photobank_PhotosRating_Modify.sql','2013-08-19 05:42:46',NULL,'root@localhost',1,''),(21,'v0.1',21,'021_Photos_Data_Insert.sql','2013-08-19 05:46:59','2013-08-19 05:47:00','root@localhost',1,''),(22,'v0.1',22,'022_Photobank_Cart_Table.sql','2013-08-19 05:47:00','2013-08-19 05:47:00','root@localhost',1,''),(23,'v0.1',23,'023_Author_as_text_field.sql','2013-08-19 08:04:16','2013-08-19 08:04:16','root@localhost',1,''),(24,'v0.1',24,'024_News_Images_Thumbnails.sql','2013-08-21 15:33:38','2013-08-21 15:33:38','root@localhost',1,''),(25,'v0.1',25,'025_Restaurants_email.sql','2013-08-26 16:31:15','2013-08-26 16:31:15','root@localhost',1,''),(26,'v0.1',26,'026_Restaurant_photos_Reconstruction.sql','2013-08-26 16:31:15','2013-08-26 16:31:16','root@localhost',1,''),(27,'v0.1',27,'027_Companies.sql','2013-08-26 16:31:16','2013-08-26 16:31:16','root@localhost',1,''),(28,'v0.1',28,'028_Paid_Companies.sql','2013-08-26 16:31:16','2013-08-26 16:31:16','root@localhost',1,''),(29,'v0.1',29,'029_Companies_part2.sql','2013-08-26 16:31:16','2013-08-26 16:31:16','root@localhost',1,''),(30,'v0.1',30,'030_Company_Categories_Full_Reconstruction.sql','2013-08-26 16:31:16','2013-08-26 16:31:16','root@localhost',1,''),(35,'v0.1',31,'031_Restaurant_Commemts_Table.sql','2013-08-27 16:54:36','2013-08-27 16:54:36','root@localhost',1,''),(36,'v0.1',32,'032_Company_Commemts_Table.sql','2013-08-28 12:24:56','2013-08-28 12:24:56','root@localhost',1,''),(37,'v0.1',33,'033_News_Add_Processed_Text.sql','2013-09-02 08:00:09','2013-09-02 08:00:09','root@localhost',1,''),(38,'v0.1',34,'034_Company_Comments_Data.sql','2013-09-04 11:01:51','2013-09-04 11:01:51','root@localhost',1,''),(39,'v0.1',35,'035_Companies_ViewsCount_Column.sql','2013-09-04 11:01:51','2013-09-04 11:01:51','root@localhost',1,''),(40,'v0.1',36,'036_Add_restaraunt_categories_fields.sql','2013-09-05 11:02:48','2013-09-05 11:02:48','root@localhost',1,''),(41,'v0.1',37,'037_Vacancies.sql','2013-09-08 16:03:10','2013-09-08 16:03:11','root@localhost',1,''),(42,'v0.1',38,'038_Vacancies_add_columns.sql','2013-09-11 00:33:56','2013-09-11 00:33:56','root@localhost',1,''),(43,'v0.1',39,'039_Initial_Ads_tables.sql','2013-09-12 00:08:52','2013-09-12 00:08:53','root@localhost',1,''),(44,'v0.1',40,'040_City_prices_icons.sql','2013-09-12 08:51:59','2013-09-12 08:51:59','root@localhost',1,''),(45,'v0.1',41,'041_City_prices.sql','2013-09-12 08:51:59','2013-09-12 08:51:59','root@localhost',1,''),(46,'v0.1',42,'042_City_Prices_Sample_data_and_fixes.sql','2013-09-12 08:51:59','2013-09-12 08:51:59','root@localhost',1,''),(47,'v0.1',43,'043_Ads_Tables_Changes_And_Categories_Data.sql','2013-09-13 04:07:04','2013-09-13 04:07:04','root@localhost',1,''),(48,'v0.1',44,'044_Main_Page_Widgets_Table.sql','2013-09-13 04:07:04','2013-09-13 04:07:04','root@localhost',1,''),(49,'v0.1',45,'045_Main_Page_Widgets_Jams.sql','2013-09-13 04:07:04',NULL,'root@localhost',1,''),(50,'v0.1',46,'046_Main_Page_Weather_all_day.sql','2013-09-13 04:07:24','2013-09-13 04:07:24','root@localhost',1,''),(51,'v0.1',47,'047_Add_Lead.sql','2013-09-13 05:40:10','2013-09-13 05:40:10','root@localhost',1,''),(52,'v0.1',48,'048_Change_Type_For_Vacancy_Entries.sql','2013-09-16 00:15:19','2013-09-16 00:15:20','root@localhost',1,''),(53,'v0.1',49,'049_Advertisments_Table_Changes.sql','2013-09-16 00:15:20','2013-09-16 00:15:20','root@localhost',1,''),(54,'v0.1',50,'050_Blogs_Tables.sql','2013-09-16 00:15:20','2013-09-16 00:15:20','root@localhost',1,''),(55,'v0.1',51,'051_Test_Advertisments_Data.sql','2013-09-16 00:15:20','2013-09-16 00:15:20','root@localhost',1,''),(56,'v0.1',52,'052_Add_Blogs_Image.sql','2013-09-16 00:15:20','2013-09-16 00:15:20','root@localhost',1,''),(57,'v0.1',53,'053_News_Videos_Table.sql','2013-09-16 00:15:20','2013-09-16 00:15:20','root@localhost',1,''),(58,'v0.1',54,'054_Static_pages.sql','2013-09-16 04:59:17','2013-09-16 04:59:17','root@localhost',1,''),(59,'v0.1',55,'055_Actions.sql','2013-09-16 04:59:17','2013-09-16 04:59:17','root@localhost',1,''),(60,'v0.1',56,'056_Static_pages_sample.sql','2013-09-16 04:59:17','2013-09-16 04:59:17','root@localhost',1,''),(61,'v0.1',57,'057_Companies_Alter Description.sql','2013-09-17 07:49:00','2013-09-17 07:49:00','root@localhost',1,''),(62,'v0.1',58,'058_Coordinates_Fields.sql','2013-09-17 07:49:00','2013-09-17 07:49:01','root@localhost',1,''),(63,'v0.1',59,'059_Test_Restaurants_Coordinates.sql','2013-09-17 07:49:01','2013-09-17 07:49:01','root@localhost',1,''),(64,'v0.1',60,'060_News_tags.sql','2013-09-17 07:49:01','2013-09-17 07:49:01','root@localhost',1,''),(65,'v0.1',61,'061_Restaurants_description.sql','2013-09-17 07:49:01','2013-09-17 07:49:01','root@localhost',1,''),(66,'v0.1',62,'062_Test_Actions_and_Companies_Coordinates.sql','2013-09-17 17:45:05','2013-09-17 17:45:06','root@localhost',1,''),(67,'v0.1',63,'063_Actions_modify.sql','2013-09-19 08:03:03','2013-09-19 08:03:03','root@localhost',1,''),(68,'v0.1',64,'064_vacancies_alter.sql','2013-09-19 13:07:17','2013-09-19 13:07:17','root@localhost',1,''),(69,'v0.1',65,'065_Adverts_Changed_Test_Data.sql','2013-09-21 15:43:49','2013-09-21 15:43:49','root@localhost',1,''),(70,'v0.1',66,'066_resumes.sql','2013-09-22 12:53:20','2013-09-22 12:53:20','root@localhost',1,''),(71,'v0.1',67,'67_Change_Places.sql','2013-09-22 15:21:35','2013-09-22 15:21:35','root@localhost',1,''),(72,'v0.1',68,'068_vacancies.sql','2013-09-23 19:07:15','2013-09-23 19:07:15','root@localhost',1,''),(73,'v0.1',69,'069_Adverts_Table_Changes.sql','2013-09-25 23:45:52','2013-09-25 23:45:52','root@localhost',1,''),(74,'v0.1',70,'070_Actions_modify2.sql','2013-09-25 23:45:52','2013-09-25 23:45:52','root@localhost',1,''),(75,'v0.1',71,'071_sales.sql','2013-09-25 23:45:52','2013-09-25 23:45:52','root@localhost',1,''),(76,'v0.1',72,'072_Accounts_Modify.sql','2013-09-25 23:45:52','2013-09-25 23:45:52','root@localhost',1,''),(77,'v0.1',73,'073_actionsAccount_and_restaurantReserve.sql','2013-09-26 10:11:29','2013-09-26 10:11:29','root@localhost',1,''),(78,'v0.1',74,'074_Messages.sql','2013-09-26 13:18:09','2013-09-26 13:18:10','root@localhost',1,''),(79,'v0.1',75,'075_companies_ownership.sql','2013-09-26 16:57:05','2013-09-26 16:57:05','root@localhost',1,''),(80,'v0.1',76,'076_AddFieldsToMarks.sql','2013-09-26 18:37:53','2013-09-26 18:37:53','root@localhost',1,''),(81,'v0.1',77,'077_favoriteCompanies.sql','2013-09-28 00:56:50','2013-09-28 00:56:50','root@localhost',1,''),(82,'v0.1',78,'078_sales_data.sql','2013-09-28 00:56:50','2013-09-28 00:56:50','root@localhost',1,''),(83,'v0.1',79,'079_favorite_vacancy.sql','2013-09-28 00:56:50','2013-09-28 00:56:50','root@localhost',1,''),(84,'v0.1',80,'080_Blogs_Add_Fields.sql','2013-09-28 00:56:50','2013-09-28 00:56:50','root@localhost',1,''),(85,'v0.1',81,'081_Photobank_Profile_Table.sql','2013-09-29 15:22:35','2013-09-29 15:22:35','root@localhost',1,''),(86,'v0.1',82,'082_PhotobankAlbums.sql','2013-09-29 15:22:35','2013-09-29 15:22:35','root@localhost',1,''),(87,'v0.1',83,'083_Blogs_Photos_Alter.sql','2013-09-30 01:44:15','2013-09-30 01:44:15','root@localhost',1,''),(89,'v0.1',84,'084_updates_.sql','2013-10-01 01:40:15','2013-10-01 01:40:15','root@localhost',1,''),(90,'v0.1',85,'085_favoriteAdverts.sql','2013-10-01 09:23:11','2013-10-01 09:23:11','root@localhost',1,''),(91,'v0.1',86,'086_Increase_fields_limit.sql','2013-10-01 11:01:37','2013-10-01 11:01:37','root@localhost',1,''),(92,'v0.1',87,'087_resume_vacancies_add_columns.sql','2013-10-01 15:02:19','2013-10-01 15:02:19','root@localhost',1,''),(93,'v0.1',88,'088_resume_columns.sql','2013-10-02 06:32:12','2013-10-02 06:32:13','root@localhost',1,''),(94,'v0.1',89,'089_Photo_Add_Fields_For_Main.sql','2013-10-02 06:32:13','2013-10-02 06:32:13','root@localhost',1,''),(95,'v0.1',90,'090_Advert_Photo_Original_Image.sql','2013-10-02 20:47:17','2013-10-02 20:47:17','root@localhost',1,''),(96,'v0.1',91,'091_vacancies_update.sql','2013-10-07 02:18:53','2013-10-07 02:18:53','root@localhost',1,''),(97,'v0.1',92,'092_vacancies_resumes_update.sql','2013-10-07 02:18:53','2013-10-07 02:18:53','root@localhost',1,''),(98,'v0.1',93,'093_remove_all_vacancies.sql','2013-10-07 02:18:53','2013-10-07 02:18:53','root@localhost',1,''),(99,'v0.1',94,'094_remove_all_resumes.sql','2013-10-07 04:34:10','2013-10-07 04:34:10','root@localhost',1,''),(100,'v0.1',95,'095_Increase_length_companies.sql','2013-10-09 12:58:40','2013-10-09 12:58:40','root@localhost',1,''),(101,'v0.1',96,'096_Can_Book_Table_restaurant.sql','2013-10-11 01:08:32','2013-10-11 01:08:32','root@localhost',1,''),(102,'v0.1',97,'097_Add_Url_Advert.sql','2013-10-11 06:13:45','2013-10-11 06:13:45','root@localhost',1,''),(103,'v0.1',98,'098_favoriteRestaurants.sql','2013-10-13 15:37:23','2013-10-13 15:37:23','root@localhost',1,''),(104,'v0.1',99,'099_quizzes.sql','2013-10-13 15:37:23','2013-10-13 15:37:23','root@localhost',1,''),(105,'v0.1',100,'100_Add_Ownerships.sql','2013-10-15 03:52:32','2013-10-15 03:52:32','root@localhost',1,''),(106,'v0.1',101,'101_actionsPlaces.sql','2013-10-16 02:16:01','2013-10-16 02:16:02','root@localhost',1,''),(107,'v0.1',102,'102_Adverts_Field_Descriptions.sql','2013-10-17 00:28:46','2013-10-17 00:28:46','root@localhost',1,''),(108,'v0.1',103,'103_Adverts_Field_Descriptions1.sql','2013-10-17 00:28:46','2013-10-17 00:28:46','root@localhost',1,'');
/*!40000 ALTER TABLE `changelog` ENABLE KEYS */;
UNLOCK TABLES;

--
-- Table structure for table `cities`
--

DROP TABLE IF EXISTS `cities`;
/*!40101 SET @saved_cs_client     = @@character_set_client */;
/*!40101 SET character_set_client = utf8 */;
CREATE TABLE `cities` (
  `id` bigint(20) NOT NULL AUTO_INCREMENT,
  `title` varchar(50) DEFAULT NULL,
  `region_id` bigint(20) DEFAULT NULL,
  PRIMARY KEY (`id`)
) ENGINE=InnoDB AUTO_INCREMENT=5 DEFAULT CHARSET=utf8;
/*!40101 SET character_set_client = @saved_cs_client */;

--
-- Dumping data for table `cities`
--

LOCK TABLES `cities` WRITE;
/*!40000 ALTER TABLE `cities` DISABLE KEYS */;
INSERT INTO `cities` VALUES (1,'Смоленск',1),(2,'Вязьма',1),(3,'Архангельск',2),(4,'Северодвинск',2);
/*!40000 ALTER TABLE `cities` ENABLE KEYS */;
UNLOCK TABLES;

--
-- Table structure for table `city_prices`
--

DROP TABLE IF EXISTS `city_prices`;
/*!40101 SET @saved_cs_client     = @@character_set_client */;
/*!40101 SET character_set_client = utf8 */;
CREATE TABLE `city_prices` (
  `id` bigint(20) NOT NULL AUTO_INCREMENT,
  `title` varchar(145) DEFAULT NULL,
  `icon_id` bigint(20) DEFAULT NULL,
  `value` varchar(45) DEFAULT NULL,
  `html` varchar(245) DEFAULT NULL,
  `url_icon` varchar(145) DEFAULT NULL,
  `url_showall` varchar(145) DEFAULT NULL,
  PRIMARY KEY (`id`)
) ENGINE=InnoDB AUTO_INCREMENT=9 DEFAULT CHARSET=utf8;
/*!40101 SET character_set_client = @saved_cs_client */;

--
-- Dumping data for table `city_prices`
--

LOCK TABLES `city_prices` WRITE;
/*!40000 ALTER TABLE `city_prices` DISABLE KEYS */;
INSERT INTO `city_prices` VALUES (1,'АИ-95',1,'32,50','<p>\n	<span style=\"font-family: arial, sans-serif; font-size: 13px;\">Цена за литр</span></p>\n','http://www.azsgazprom.ru/',''),(2,'отель',4,'3 000','<p>\n	<span style=\"font-family: arial, sans-serif; font-size: 13px;\">Цена за сутки</span></p>\n','http://www.smolensk-hotel.ru/',''),(3,'ресторан',3,'1 500','<p>\n	<span style=\"font-family: arial, sans-serif; font-size: 13px;\">Средний чек</span></p>\n','http://orhideyasml.ru/',''),(4,'Египет',5,'53 000','<p>\n	<span style=\"font-family: arial, sans-serif; font-size: 13px;\">Путевка в Египет на двоих</span></p>\n','http://www.smolensk-travel.com/',''),(5,'по городу',2,'130','<p>\n	<span style=\"font-family: arial, sans-serif; font-size: 13px;\">Поездка </span><span style=\"font-family: arial, sans-serif; font-size: 13px;\">по городу </span></p>\n','http://www.taxishka.ru/','');
/*!40000 ALTER TABLE `city_prices` ENABLE KEYS */;
UNLOCK TABLES;

--
-- Table structure for table `city_prices_icons`
--

DROP TABLE IF EXISTS `city_prices_icons`;
/*!40101 SET @saved_cs_client     = @@character_set_client */;
/*!40101 SET character_set_client = utf8 */;
CREATE TABLE `city_prices_icons` (
  `id` bigint(20) NOT NULL AUTO_INCREMENT,
  `title` varchar(45) DEFAULT NULL,
  `css_class` varchar(45) DEFAULT NULL,
  PRIMARY KEY (`id`)
) ENGINE=InnoDB AUTO_INCREMENT=6 DEFAULT CHARSET=utf8;
/*!40101 SET character_set_client = @saved_cs_client */;

--
-- Dumping data for table `city_prices_icons`
--

LOCK TABLES `city_prices_icons` WRITE;
/*!40000 ALTER TABLE `city_prices_icons` DISABLE KEYS */;
INSERT INTO `city_prices_icons` VALUES (1,'Топливо','fuel'),(2,'Такси','taxi'),(3,'Еда','eat'),(4,'Отель','hotel'),(5,'Недвижимость','realty');
/*!40000 ALTER TABLE `city_prices_icons` ENABLE KEYS */;
UNLOCK TABLES;

--
-- Table structure for table `comments_news`
--

DROP TABLE IF EXISTS `comments_news`;
/*!40101 SET @saved_cs_client     = @@character_set_client */;
/*!40101 SET character_set_client = utf8 */;
CREATE TABLE `comments_news` (
  `id` bigint(20) NOT NULL AUTO_INCREMENT,
  `left_key` int(11) NOT NULL,
  `right_key` int(11) NOT NULL,
  `level` int(11) NOT NULL,
  `delete` bit(1) NOT NULL,
  `create_date` datetime NOT NULL,
  `account_id` bigint(20) NOT NULL,
  `text` text NOT NULL,
  `parent_id` bigint(20) DEFAULT NULL,
  `news_id` bigint(20) NOT NULL,
  PRIMARY KEY (`id`)
) ENGINE=InnoDB AUTO_INCREMENT=35 DEFAULT CHARSET=utf8;
/*!40101 SET character_set_client = @saved_cs_client */;

--
-- Dumping data for table `comments_news`
--

LOCK TABLES `comments_news` WRITE;
/*!40000 ALTER TABLE `comments_news` DISABLE KEYS */;
INSERT INTO `comments_news` VALUES (1,1,2,0,'\0','2013-08-13 15:22:39',5,'Test',0,7),(2,3,4,0,'\0','2013-08-13 15:22:44',5,'Test',0,7),(3,5,6,0,'\0','2013-08-13 15:23:00',5,'test',0,7),(4,7,8,0,'\0','2013-08-13 15:23:06',5,'test',0,7),(5,9,10,0,'\0','2013-08-13 15:29:26',7,'а я',0,7),(6,11,12,0,'\0','2013-08-13 15:30:41',7,'из хрома',0,7),(7,13,14,0,'\0','2013-08-13 15:31:47',5,'Tester marukati',0,7),(8,15,16,0,'\0','2013-08-13 15:32:06',5,'Kupamai',0,7),(9,1,2,0,'\0','2013-08-13 15:32:36',7,'ну ещё раз',0,21),(10,17,18,0,'\0','2013-08-13 15:38:19',5,'Карфаген должен быть разрушен!!!!',0,7),(11,1,2,0,'\0','2013-08-14 12:27:36',9,'Дожили, врачей не хватает. И это Смоленщина с одним некогда лучшим медВУЗом в стране',0,33),(14,1,2,0,'\0','2013-08-26 00:38:12',10,'Опять страшный вирус',0,16),(15,1,2,0,'\0','2013-08-26 13:01:38',11,'«Москва забирает у нас медицинских работников, но мы будем стараться продолжать улучшать условия работы на месте» - как в Гагарине будут улучшались? Доулучшались...\r\n',0,36),(16,1,2,0,'\0','2013-08-26 19:32:34',7,'Чувак, ты гонишь!',10,7),(17,1,4,0,'\0','2013-08-27 02:09:23',1,'Тестовый комментарий к новости.',0,39),(18,1,2,0,'\0','2013-09-10 13:43:10',13,'Факт мошенничества',0,40),(19,1,2,0,'\0','2013-09-16 00:16:29',5,'test!',0,30),(20,1,2,0,'\0','2013-09-16 00:16:36',5,'test1',19,30),(21,1,2,0,'\0','2013-09-16 14:37:06',2,'Вот оно чё',18,40),(22,1,2,0,'\0','2013-09-17 11:09:33',2,'Привет',21,40),(23,1,2,0,'\0','2013-09-18 11:08:36',18,'Живут же люди)',0,41),(24,1,2,0,'\0','2013-09-18 17:29:58',2,'Жесть',0,45),(25,3,4,0,'\0','2013-09-26 13:20:12',5,'я люблю милу йовович',0,45),(26,2,3,1,'\0','2013-09-26 17:04:28',7,'Тестовый комментарий для списка комментов в профиле',17,39),(27,1,2,0,'\0','2013-09-30 12:31:25',21,'Скандалы, интриги, расследования...',0,46),(29,3,4,0,'\0','2013-10-04 15:29:04',18,'Умничка))\r<br/>',0,46),(30,5,6,0,'\0','2013-10-05 17:19:19',12,'Интересно',0,45),(31,7,8,0,'\0','2013-10-09 16:38:09',19,'наркоманы',0,45),(32,9,10,0,'\0','2013-10-15 14:16:20',2,'Фото так се',0,45),(33,1,2,0,'\0','2013-10-17 12:24:27',2,'Монеты как монеты\r<br/>',0,42),(34,1,2,0,'\0','2013-10-25 12:15:11',21,'тест ',0,43);
/*!40000 ALTER TABLE `comments_news` ENABLE KEYS */;
UNLOCK TABLES;

--
-- Table structure for table `companies`
--

DROP TABLE IF EXISTS `companies`;
/*!40101 SET @saved_cs_client     = @@character_set_client */;
/*!40101 SET character_set_client = utf8 */;
CREATE TABLE `companies` (
  `id` bigint(20) NOT NULL AUTO_INCREMENT,
  `title` varchar(255) DEFAULT NULL,
  `work_time` varchar(255) DEFAULT NULL,
  `address` varchar(255) DEFAULT NULL,
  `www` varchar(255) DEFAULT NULL,
  `email` varchar(255) DEFAULT NULL,
  `phones` varchar(255) DEFAULT NULL,
  `leader` varchar(255) DEFAULT NULL,
  `description` varchar(10000) DEFAULT NULL,
  `publish_date` datetime DEFAULT NULL,
  `category_id` bigint(20) DEFAULT NULL,
  `paid_order` bigint(20) DEFAULT NULL,
  `stable_order` bigint(20) DEFAULT NULL,
  `views_count` bigint(20) DEFAULT NULL,
  `coordinates` varchar(255) DEFAULT NULL,
  `map_title` varchar(255) DEFAULT NULL,
  `map_description` varchar(255) DEFAULT NULL,
  `ownership_id` bigint(20) DEFAULT NULL,
  PRIMARY KEY (`id`)
) ENGINE=InnoDB AUTO_INCREMENT=427 DEFAULT CHARSET=utf8;
/*!40101 SET character_set_client = @saved_cs_client */;

--
-- Dumping data for table `companies`
--

LOCK TABLES `companies` WRITE;
/*!40000 ALTER TABLE `companies` DISABLE KEYS */;
INSERT INTO `companies` VALUES (10,'ТД «Желябовский», павильон №16','с 10.00 до 17.00','г.Смоленск, площадь Желябова','','',' 8 (909) 257-40-49','','продажа меховых изделий (шубы из норки, бобра, мутона, изделия из натуральной кожи). пн. - выходной','2013-10-07 15:06:43',9,0,0,5,'32.044155,54.794383','ТД «Желябовский», павильон №16','продажа меховых изделий (шубы из норки, бобра, мутона, изделия из натуральной кожи). пн. - выходной',0),(11,'«Ярмарка»','с 10.00 до 21.00, без выходных','г.Смоленск, пр-т Гагарина, ТЦ «Зебра»','','','','','одежда, детские игрушки','2013-10-07 15:06:43',9,0,0,2,'32.046419,54.766906','«Ярмарка»','одежда, детские игрушки',0),(12,'\"Перемена\" школьная форма','без выходных','г.Смоленск, ул. Кашена, д. 2а','','',' 8 (920) 666-08-06','','режим работы: с 9.00 до 18.00','2013-10-07 15:06:43',9,0,0,0,'32.047955,54.795748','\"Перемена\" школьная форма','режим работы: с 9.00 до 18.00',0),(13,'“Farfett” салон женской одежды и аксессуаров','с 11.00 до 19.30, без выходных','г.Смоленск, ул. Дохтурова, д.1','','',' 8 (905) 163-74-74','','','2013-10-07 15:06:43',9,0,0,0,'32.043086,54.775833','“Farfett” салон женской одежды и аксессуаров','',0),(14,'«Селебрити бутик» одежда','без выходных','г. Смоленск, ул.Тухачевского, д.8','','',' (4812) 64-88-44','','вт.-сб. с 11.00 до 20.00, пн.,вс. с 11.00 до 18.00','2013-10-07 15:06:43',9,0,0,0,'32.055312,54.781171','«Селебрити бутик» одежда','вт.-сб. с 11.00 до 20.00, пн.,вс. с 11.00 до 18.00',0),(15,'«Filo Rosso»','без выходных','г.Смоленск, пр-т. Гагарина, д. 60, стр.3, оф. 8','','',' (4812) 46-08-81','','интернет-магазин женской одежды и аксессуаров','2013-10-07 15:06:43',9,0,0,0,'32.044766,54.757633','«Filo Rosso»','интернет-магазин женской одежды и аксессуаров',0),(16,'«Favor»','','г. Смоленск, ул. Кирова, д. 59','','',' (4812) 31-24-42','','продажа женской одежды. пн.- вс. с 10.00 до 20.00','2013-10-07 15:06:43',9,0,0,0,'32.057225,54.769243','«Favor»','продажа женской одежды. пн.- вс. с 10.00 до 20.00',0),(17,'Силуэт','без выходных','г. Смоленск, ул.Кутузова, д.2','','',' (4812) 41-29-90','','женская одежда, бижутерия. пн.-сб. с 10-00 до 19-00, вс. с 10-00 до 18-00','2013-10-07 15:06:43',9,0,0,0,'32.043319,54.811129','Силуэт','женская одежда, бижутерия. пн.-сб. с 10-00 до 19-00, вс. с 10-00 до 18-00',0),(18,'«Шоу Рум» Piccolo','с 10-00 до 19-00 в воскресенье с 10-00 до 17-00','г.Смоленск, ул.Николаева, д.59, ул.Октябрьской революции,д.3Б','','',' (4812) 55-44-20; 32-72-24','','магазин женской одежды','2013-10-07 15:06:43',9,0,0,1,'32.045664,54.777386','«Шоу Рум» Piccolo','магазин женской одежды',0),(19,'ИП Ханжова Л.М.','с 10-00 до 17-00','г.Смоленск, 2я Саловая, 25А, ТД «Славянский», 156 ,63','','','','','розничная торговля обувью. понедельник-выходной','2013-10-07 15:06:43',9,0,0,0,'32.045224,54.793392','ИП Ханжова Л.М.','розничная торговля обувью. понедельник-выходной',0),(20,'Гипермаркет «Линия», пав.30, «Мечта»','без выходных','','','','','','С 10-00 до 20-00','2013-10-07 15:06:43',9,0,0,2,'','Гипермаркет «Линия», пав.30, «Мечта»','С 10-00 до 20-00',0),(21,'«Дженнифер»','','г.Смоленск, ул.Октябрьской революции, д.7','','',' 8-951-707-53-66','','сумки и аксессуары. пн.-суббота: с 10-00 до 19-00. воскресенье: с 11-00 до 18-00','2013-10-07 15:06:43',9,0,0,0,'32.044505,54.776384','«Дженнифер»','сумки и аксессуары. пн.-суббота: с 10-00 до 19-00. воскресенье: с 11-00 до 18-00',0),(22,'Вероника','с 10-00 до 19-00, без выходных','','','',' (4812) 65-97-51, 8-910-763-46-31','','обувь, сумки, галантерея, обувная косметика, зонты','2013-10-07 15:06:43',9,0,0,0,'','Вероника','обувь, сумки, галантерея, обувная косметика, зонты',0),(23,'Смайл Кидс','с 10-00 до 21-00, без выходных','г.Смоленск, ул. Рыленкова, д.18','','',' 8-910-781-06-38','','детская одежда','2013-10-07 15:06:43',9,0,0,0,'32.096940,54.761311','Смайл Кидс','детская одежда',0),(24,'F5','с 9-00 до 21-00, без выходных','ТЦ Юнона, Гагарина д.1 эт.2','','',' 8(910)713-83-60','','одежда','2013-10-07 15:06:43',9,0,0,0,'32.049724,54.777817','F5','одежда',0),(25,'TEATRO','с 9-00 до 20-00','Пр-т Гагарина, д.1, 3 эт., ТЦ «ЮНОНА»','','',' 8(910)718-88-84','','Модная женская одежда из Италии','2013-10-07 15:06:43',9,0,0,0,'32.050165,54.777214','TEATRO','Модная женская одежда из Италии',0),(26,'Студия дизайнерской одежды Эллы Принцевой','с 10-00 до 19-00','г.Смоленск, ул. Полоцкая д.10','','',' 33-06-79','','Разработка индивидуального дизайна и пошив одежды. вых.: вс, пн','2013-10-07 15:06:43',9,0,0,0,'32.051674,54.816805','Студия дизайнерской одежды Эллы Принцевой','Разработка индивидуального дизайна и пошив одежды. вых.: вс, пн',0),(27,'Магазин «Ремикс»','','розничная торговля женской одеждой, головными уборами, очки, сумкиbr /&gt; ул.Крупской,','','',' 8 952 984 65 17, 8 952 533 56 56','','ТРЦ «Европа». 2эт.. с10:00 до 20:00','2013-10-07 15:06:43',9,0,0,0,'32.044128,54.782526','Магазин «Ремикс»','ТРЦ «Европа». 2эт.. с10:00 до 20:00',0),(28,'Магазин модной одежды «Имидж»','','ул.Кирова, д 30а','','',' 65 86 19','','пн-сб: с10-00 до 19-00, вс.: с 10-00 до 17-00','2013-10-07 15:06:43',9,0,0,0,'32.040876,54.768370','Магазин модной одежды «Имидж»','пн-сб: с10-00 до 19-00, вс.: с 10-00 до 17-00',0),(29,'Салон-ателье «Три-Н»','с 9-00 до 18-00','г.Смоленск,ул. Дзержинского д.15','','',' 32-77-91','','Ателье по пошиву одежды и солярий. вых.: суббота, воскресенье','2013-10-07 15:06:43',9,0,0,0,'32.041352,54.779660','Салон-ателье «Три-Н»','Ателье по пошиву одежды и солярий. вых.: суббота, воскресенье',0),(30,'«Рур Мур»','с 10-00 до 20-00, без выходных','г.Смоленск, ул.Кирова,д.30б','','',' 61-00-53','','Магазин женского и мужского белья, подарки, сумки, обувь','2013-10-07 15:06:43',9,0,0,0,'32.040166,54.768744','«Рур Мур»','Магазин женского и мужского белья, подарки, сумки, обувь',0),(31,'Магазин «Ника»','с 11-00 до 20-00','г.Смоленск, ул. Кирова,д.43','','','64-33-74','','Отдел нижнего белья. Нижнее бельё мужское и женское, термобельё, купальники, колготки. воскресенье с 11-00 до 18-00','2013-10-07 15:06:43',9,0,0,1,'32.045610,54.769144','Магазин «Ника»','Отдел нижнего белья. Нижнее бельё мужское и женское, термобельё, купальники, колготки. воскресенье с 11-00 до 18-00',0),(32,'Магазин \"Красотка\"','с 11-00 до 19-00 (без выходных)','г. Смоленск, ул. П.Алексеева Киселёвский рынок (павильон) № 3-6, 15-15.','','','','','Продажа одежды. Тел. 906-668-67-70','2013-10-07 15:06:43',9,0,0,0,'32.031821,54.797585','Магазин \"Красотка\"','Продажа одежды. Тел. 906-668-67-70',0),(33,'Магазин «Новый образ»','с 10-00 до 19-00, без выходных','г.Смоленск, пр-т.Гагрина,д.6','','',' 38-37-52','','Продажа одежды и сумок','2013-10-07 15:06:43',9,0,0,0,'32.047622,54.776612','Магазин «Новый образ»','Продажа одежды и сумок',0),(34,'«Анжелика»','с 11-00 до 19-00, воскр. С11-00 до 17-00','г.Смоленск, бульв.Гагарина д. 2/9','','',' 38-14-52','','Магазин мужской одежды','2013-10-07 15:06:43',9,0,0,0,'32.047694,54.774831','«Анжелика»','Магазин мужской одежды',0),(35,'«Нео Стиль»','с 10-00 до 19-00, без выходных','г.Смоленск, пр-т.Гагарина,д.6','','',' 38-11-98','','Магазин женской и мужской одежды','2013-10-07 15:06:43',9,0,0,0,'32.047622,54.776612','«Нео Стиль»','Магазин женской и мужской одежды',0),(36,'«Детонация»','с 9-00 до 21-00, без выходных','г.Смоленск, пр-т Гагарина, д.1','','','','','Розничная торговля молодежной одеждой. ТЦ «Юнона» тел.: 38-77-04','2013-10-07 15:06:43',9,0,0,0,'32.050165,54.777214','«Детонация»','Розничная торговля молодежной одеждой. ТЦ «Юнона» тел.: 38-77-04',0),(37,'Магазин «Лидер Джинс»','с 10-00 до 20-00, без выходных','г. Смоленск, ул. Тенишевой д.19','','',' 62-20-15','','Розничная торговля брендовой одеждой','2013-10-07 15:06:43',9,0,0,0,'32.056120,54.774093','Магазин «Лидер Джинс»','Розничная торговля брендовой одеждой',0),(38,'Магазин «Такса»','с 10-00 до 19-00','г.Смоленск, ул.Дзержинского, д.10, ул.Урицкого д.3','','',' 38-28-68','','Распродажа фирменной одежды','2013-10-07 15:06:43',9,0,0,0,'32.049203,54.778087','Магазин «Такса»','Распродажа фирменной одежды',0),(39,'\"Street one shop\"','с 9-00 до 21-00, без выходных','г.Смоленск, ТЦ \"Юнона\", 1-й этаж','','','','','Магазин молодежной одежды','2013-10-07 15:06:43',9,0,0,0,'32.044128,54.782526','\"Street one shop\"','Магазин молодежной одежды',0),(40,'М-н «Эдванс»','с 10-00 до 19-00 (вых.- воскресенье)','г. Смоленск, ул Пржевальского, д. 9/27','','',' 38-79-54','','Одежда для мужчин','2013-10-07 15:06:43',9,0,0,2,'32.041684,54.783710','М-н «Эдванс»','Одежда для мужчин',0),(41,'Магазин «Авант»','с 10-00 до 19-00 ( воскр. с 11-00 до 18-00)','г. Смоленск, ул.Тухачевского, д.7','','',' 38-40-47','','Одежда и акссесуары для женщин','2013-10-07 15:06:43',9,0,0,0,'32.056354,54.781332','Магазин «Авант»','Одежда и акссесуары для женщин',0),(42,'М-н «Панда»','с 10-00 до 19-00 (без выходных)','г.Смоленск, ул.Кирова, д.31','','',' 38-62-97','','Детская одежда и обувь','2013-10-07 15:06:43',9,0,0,0,'32.041154,54.769165','М-н «Панда»','Детская одежда и обувь',0),(43,'Flo &amp; Jo','с 10-00 до 19-00 (воск. С 11-00 до 17-00)','г.Смоленск, ул.Коммунистическая, д.12','','',' 35-61-77','','Итальянская женская одежда','2013-10-07 15:06:43',9,0,0,0,'32.050452,54.780460','Flo &amp; Jo','Итальянская женская одежда',0),(44,'М-н «Гламур»','с 10-00 до 19-00 (без выходных)','г. Смоленск, ул. Николаева, д.13','','',' 32-02-15','','Товары для отдыха, нижнее белье','2013-10-07 15:06:43',9,0,0,0,'32.040508,54.773366','М-н «Гламур»','Товары для отдыха, нижнее белье',0),(45,'Магазин «5 Звезд»','с 10-00 до 19-00','г. Смоленск, ул.Октябрьской революции, д.18','','',' 60-97-56','','Товары для отдыха. воскресенье: с 11-00 до 17-00','2013-10-07 15:06:43',9,0,0,0,'32.043481,54.775381','Магазин «5 Звезд»','Товары для отдыха. воскресенье: с 11-00 до 17-00',0),(46,'«First fashion»','с 11-00 до 20-00 (воск.&nbsp;c 11-00 до 18-00)','г.Смоленск, ул.Тенишевой, д.4','','',' 63-23-75','','Итальянская одежда и обувь для мужчин и женщин','2013-10-07 15:06:43',9,0,0,0,'32.052662,54.776529','«First fashion»','Итальянская одежда и обувь для мужчин и женщин',0),(47,'Магазин \"Сканди\"','с 10-00 до 21-00','г.Смоленск, ул.Николаева д.12а ТЦ «Центрум», 2 этаж','','',' 68-35-53','','финская женская одежда','2013-10-07 15:06:43',9,0,0,0,'32.040059,54.774109','Магазин \"Сканди\"','финская женская одежда',0),(48,'Свадебный салон «Стиль С»','','г.Смоленск, ул.Глинки, д.4А (во дворе Дворца бракосочетания)','','',' (4812) 38-44-98, 8-951-694-91-44','','продажа и прокат свадебных платьев, аксессуаров, автомобилей и украшений. пн.-пт.: с 9-00 до 20-00. сб.: с 9-00 до 19-00. воскр.: с 9-00 до 18-00','2013-10-07 15:06:43',9,0,0,0,'32.048826,54.779655','Свадебный салон «Стиль С»','продажа и прокат свадебных платьев, аксессуаров, автомобилей и украшений. пн.-пт.: с 9-00 до 20-00. сб.: с 9-00 до 19-00. воскр.: с 9-00 до 18-00',0),(49,'«Люкс»','без выходных','г. Смоленск, ул. Николаева, д.5, отдел PERSPEKTIV','','',' (4812) 65-80-46','','женская одежда (офисная и верхняя). пн.-сб. с 10-00 до 19-00, вс. с 11-00 до 18-00','2013-10-07 15:06:43',9,0,0,0,'32.045278,54.773896','«Люкс»','женская одежда (офисная и верхняя). пн.-сб. с 10-00 до 19-00, вс. с 11-00 до 18-00',0),(50,'«БЕЛЬКЕЛЬМЕ»','с 10-00 до 20-00, без выходных','г. Смоленск, ул. Крупской, д.43а, ТЦ «Империя»','','',' 8 (915) 633-29-21','','магазин одежды','2013-10-07 15:06:43',9,0,0,0,'32.062391,54.767331','«БЕЛЬКЕЛЬМЕ»','магазин одежды',0),(51,'ДВЕРИ','','г. Смоленск, ул. Академика Петрова, д.2','','',' (4812) 65-62-37','','пн.-пт. с 10-00 до 19-00, сб. с 10-00 до 18-00, вс. с 10-00 до 16-00','2013-10-07 15:06:43',9,0,0,0,'32.021014,54.777105','ДВЕРИ','пн.-пт. с 10-00 до 19-00, сб. с 10-00 до 18-00, вс. с 10-00 до 16-00',0),(52,'Смоленская фурнитурная компания','','г.Смоленск, Тульский переулок, д. 9','','',' (4812) 65-61-41, 65-64-53, 65-69-58','','продажа мебельной фурнитуры и комплектующих. пн.-пт. с 9-00 до 18-00, сб. с 9-00 до 17-00. воскресенье – выходной','2013-10-07 15:06:43',9,0,0,0,'32.018679,54.766500','Смоленская фурнитурная компания','продажа мебельной фурнитуры и комплектующих. пн.-пт. с 9-00 до 18-00, сб. с 9-00 до 17-00. воскресенье – выходной',0),(53,'Студия мебели «Концепт» (ТД «Лидер», 3 этаж)','с 10-00 до 17-00, без выходных','г.Смоленск, ул.2я Садовая, д.25; ул.Рыленкова, 40, оф.21','','',' (4812) 63-22-35','','корпусная мебель на заказ','2013-10-07 15:06:43',9,0,0,0,'32.045224,54.793392','Студия мебели «Концепт» (ТД «Лидер», 3 этаж)','корпусная мебель на заказ',0),(54,'Салон-ателье «Кухни ART»','','г.Смоленск, ул.Крупской, 41','','',' (4812) 20-27-08','','изготовление кухонной мебели на заказ. пн.-пт. с 10-00 до 19-00. сб. с 10-00 до 17-00. воскр.-выходной','2013-10-07 15:06:43',9,0,0,0,'32.062373,54.767934','Салон-ателье «Кухни ART»','изготовление кухонной мебели на заказ. пн.-пт. с 10-00 до 19-00. сб. с 10-00 до 17-00. воскр.-выходной',0),(55,'Гефест','','г.Смоленск, ул.Бабушкина, д.7','','',' (4812) 29-91-06','','газовое бытовое оборудование. пн.-пт. с 10-00 до 18-00. сб. с 10-00 до 17-00. вс. с 10-00 до 16-00','2013-10-07 15:06:43',9,0,0,0,'32.096518,54.775366','Гефест','газовое бытовое оборудование. пн.-пт. с 10-00 до 18-00. сб. с 10-00 до 17-00. вс. с 10-00 до 16-00',0),(56,'Полароид','с 10.00 до 20.00, без выходных','г.Смоленск, ул.Кашена, д.13а (ТЦ Линия), 2 этаж, павильон 27','','','','','бытовая техника,товары для дома,телефоны. телефон: (4812) 30-27-20','2013-10-07 15:06:43',9,0,0,0,'32.033824,54.795224','Полароид','бытовая техника,товары для дома,телефоны. телефон: (4812) 30-27-20',0),(57,'Уют Тут','с 10.00 до 20.00, без выходных','г.Смоленск, ТЦ Байкал','','','','','Продажа текстильной продукции. телефон: 8 (908)280-25-19','2013-10-07 15:06:43',9,0,0,0,'32.044128,54.782526','Уют Тут','Продажа текстильной продукции. телефон: 8 (908)280-25-19',0),(58,'МеКор','','ул.Новоленинградская,15, 2 этаж','','','','','Изготовление и продажа корпусной мебели. режим работы: с 10.00 до 19.00, выходной – понедельник. телефон: (4812) 40-89-61','2013-10-07 15:06:43',9,0,0,0,'32.050892,54.796231','МеКор','Изготовление и продажа корпусной мебели. режим работы: с 10.00 до 19.00, выходной – понедельник. телефон: (4812) 40-89-61',0),(59,'BergHOFF','с 10-00 до 19-00, воскр.: с 11-00 до 17-00','ул.Коммунистическая, д.6','','',' 40-33-49','','Посуда премиум-класса из высококачественной нержавеющий стали','2013-10-07 15:06:43',9,0,0,0,'32.047200,54.780439','BergHOFF','Посуда премиум-класса из высококачественной нержавеющий стали',0),(60,'ООО «Барьер-Запад»','с 10-00 до 17-00, без выходных','','','',' 8 (952) 534-43-43, 41-85-62','','Двери, душевые кабинки, кровля, фасад. ТЦ Южный, Торговая сеть «Клевер», Город мастеров — павильон №62','2013-10-07 15:06:43',9,0,0,0,'','ООО «Барьер-Запад»','Двери, душевые кабинки, кровля, фасад. ТЦ Южный, Торговая сеть «Клевер», Город мастеров — павильон №62',0),(61,'Свет Люкс','','г.Смоленск, ул.Индустриальная д.2 «Дом Мебели»','','',' 20-92-81','','Розничная продажа люстр, светильников. пн.-сб.:10-00 до 19-00. воскр. 10-00 до 17-00','2013-10-07 15:06:43',9,0,0,0,'32.103489,54.770375','Свет Люкс','Розничная продажа люстр, светильников. пн.-сб.:10-00 до 19-00. воскр. 10-00 до 17-00',0),(62,'Центр Ковров','','г.Смоленск, ул Индустриальная, д. 2 «Дом мебели»','','',' 33-01-70','','Продажа ковровых изделий. пн.-сб.10-00 до 19-00 воскр.10-00 до 17-00. воскр. 10-00 до 17-00','2013-10-07 15:06:43',9,0,0,0,'32.103489,54.770375','Центр Ковров','Продажа ковровых изделий. пн.-сб.10-00 до 19-00 воскр.10-00 до 17-00. воскр. 10-00 до 17-00',0),(63,'«Artprint»','','','','','','','Установка спутникого цифрового «ТРИКОЛОР ТЕЛЕВИДЕНИЯ». Тел. 38-37-45 (заказ установки 8 904 362-15-16). Пн.-суб. с 10-00 до 20-00. Вс. 10-00 до 19-00. Без выходных','2013-10-07 15:06:43',9,0,0,0,'','«Artprint»','Установка спутникого цифрового «ТРИКОЛОР ТЕЛЕВИДЕНИЯ». Тел. 38-37-45 (заказ установки 8 904 362-15-16). Пн.-суб. с 10-00 до 20-00. Вс. 10-00 до 19-00. Без выходных',0),(64,'«Мир люстр»','с 10-00 до 19-00, без выходных','Ул. 25 Сентября д.52а','','',' 40-11-37, 404-738, 62-29-04','','Продажа светильников','2013-10-07 15:06:43',9,0,0,0,'32.085486,54.768531','«Мир люстр»','Продажа светильников',0),(65,'«Оптим-мебель»','','Ул. Багратиона, д.10','','',' 409-609','','Мебельная компания. Производство корпусной мебели на заказ. вт-сб.: с 10 до 19-00, вс.-пн: выходной','2013-10-07 15:06:43',9,0,0,0,'32.023431,54.780018','«Оптим-мебель»','Мебельная компания. Производство корпусной мебели на заказ. вт-сб.: с 10 до 19-00, вс.-пн: выходной',0),(66,'Окна 21 века','','ул. Б.-Советская. 24','','',' 608-222, 38-56-90','','Изготовления окон ПВХ. пн-пт. 9-00 до 18-00,сб. с 10-00 до 14-00, вых.: воскресенье','2013-10-07 15:06:43',9,0,0,0,'32.052410,54.781602','Окна 21 века','Изготовления окон ПВХ. пн-пт. 9-00 до 18-00,сб. с 10-00 до 14-00, вых.: воскресенье',0),(67,'ООО Строй Дом','с 9-00 до 18-00, вых.: воскресенье','','','',' 63-23-33','','Пластиковые окна, натяжные потолки, жалюзи','2013-10-07 15:06:43',9,0,0,0,'','ООО Строй Дом','Пластиковые окна, натяжные потолки, жалюзи',0),(68,'«Мой климат»','с 9-00 до 18-00, вых.: воскресенье','','','',' 40-76-74','','Современное климатическое оборудование','2013-10-07 15:06:43',9,0,0,0,'','«Мой климат»','Современное климатическое оборудование',0),(69,'«Мир бамбука»','без выходных','г.Смоленск, ул. Крупской, д.34','','',' 89621939516','','Товары для дома. с10-00 до 20-00','2013-10-07 15:06:43',9,0,0,0,'32.061798,54.766490','«Мир бамбука»','Товары для дома. с10-00 до 20-00',0),(70,'ТД «Два кита»','с 10-00 до 19-00, без выходных','г.Смоленск, ул. 25 Сентября,д.30б','','',' 40-18-10','','Розничная продажа бытовой техники, посуды','2013-10-07 15:06:43',9,0,0,0,'32.077949,54.767456','ТД «Два кита»','Розничная продажа бытовой техники, посуды',0),(71,'Магазин «Домус»','','г.Смоленск, ул.Кашена,д.11а','','','','','Продажа бытовой техники. ТД \"Городянский\". Тел.: 8(920)302-71-56. С 9-00 до 19-00. Без выходных','2013-10-07 15:06:43',9,0,0,0,'32.039322,54.794752','Магазин «Домус»','Продажа бытовой техники. ТД \"Городянский\". Тел.: 8(920)302-71-56. С 9-00 до 19-00. Без выходных',0),(72,'М-н «Нужные вещи»','с 10-00 до 21-00 (без выходных)','г. Смоленск, ТД «Европа», 1 этаж','','',' 8 960 588 05 78','','Розничная торговля товарами для дома','2013-10-07 15:06:43',9,0,0,0,'32.044128,54.782526','М-н «Нужные вещи»','Розничная торговля товарами для дома',0),(73,'Мебельная компания «Фурор»','с 10-00 до 18-00 (суб. с 10-00 до 15-00)','г. Смоленск, ул.25 сентября, д.42','','',' 40-48-58, 606-505','','Корпусная мебель на заказ. (без выходных)','2013-10-07 15:06:43',9,0,0,0,'32.080366,54.767617','Мебельная компания «Фурор»','Корпусная мебель на заказ. (без выходных)',0),(74,'М-н «Империя комфорта»','','г.Смоленск, ул.Нахимова, павильон «Артфоле» напротив магазина «Магнит»','','','8(910)783-79-03; 35-45-84','','Производство и продажа корпусной мебели, пластиковых окон. С 10-00 до 19-00.(вых. – воскресенье)','2013-10-07 15:06:43',9,0,0,0,'32.019855,54.781285','М-н «Империя комфорта»','Производство и продажа корпусной мебели, пластиковых окон. С 10-00 до 19-00.(вых. – воскресенье)',0),(75,'ООО «Баюшки» Салон-магазин','с 10-00 до 19-00, без выходных','г.Смоленск, ул.Николаева, д.18','','','63-04-43, 63-04-83','','Чистка перьевых подушек,перин,одеял.. Продажа постельного белья, подушек,одеял. рынок «Универсальный»','2013-10-07 15:06:43',9,0,0,0,'32.036735,54.773720','ООО «Баюшки» Салон-магазин','Чистка перьевых подушек,перин,одеял.. Продажа постельного белья, подушек,одеял. рынок «Универсальный»',0),(76,'ТЦ «Орбита»','с 11-00 до 19-00, без выходных','г.Смоленск, ул.Петра Алексеева, д.3а','','',' 8(910)782-73-00','','Продажа мягкой и корпусной мебели. цокольный этаж','2013-10-07 15:06:43',9,0,0,0,'32.102006,54.761903','ТЦ «Орбита»','Продажа мягкой и корпусной мебели. цокольный этаж',0),(77,'Магазин «Стендор»','с 10-00 до 19-00','г.Смоленск, ул. Бабушкина,д.1 пав. №3','','',' 38-85-92','','Двери, ручки, фурнитура. вых. – воскресенье','2013-10-07 15:06:43',9,0,0,0,'32.088307,54.778346','Магазин «Стендор»','Двери, ручки, фурнитура. вых. – воскресенье',0),(78,'Салон кухни «Гармония»','с 10-00 до 19-00, без выходных','г. Смоленск, ул. Кирова, д.41','','',' (4812) 40-50-78','','кухонная мебель на заказ. скидки','2013-10-07 15:06:43',9,0,0,0,'32.043930,54.769191','Салон кухни «Гармония»','кухонная мебель на заказ. скидки',0),(79,'“NIKA Flowers”','','г. Смоленск, проспект Гагарина, д.4','','',' (4812) 67-26-67, 8 (910) 785 26 67','','цветочный бутик. режим работы: с 8.00 до 20.00. продукции и 5% на кашпо NOBILIS, marco, Lechuza за наличный или безналичный расчёт','2013-10-07 15:06:43',9,0,0,1,'32.048880,54.777131','“NIKA Flowers”','цветочный бутик. режим работы: с 8.00 до 20.00. продукции и 5% на кашпо NOBILIS, marco, Lechuza за наличный или безналичный расчёт',0),(80,'Цветочная мастерская «Флоренсия»','','г.Смоленск, Октябрьской революции, д.9, корпус 2, офис 710в','','',' (4812) 60-12-60, 40-81-99','','флористические услуги. пн.пт. с 9-00 до 19-00. сб.-вс. с 10-00 до 17-00','2013-10-07 15:06:43',9,0,0,0,'32.044011,54.776498','Цветочная мастерская «Флоренсия»','флористические услуги. пн.пт. с 9-00 до 19-00. сб.-вс. с 10-00 до 17-00',0),(81,'«Подарки»','с 9-00 до 17-00','г.Смоленск, Колхозная площадь (около магазина «Хозяйственный»)','','','8-903-894-02-62','','понедельник-выходной','2013-10-07 15:06:43',9,0,0,0,'32.048512,54.794923','«Подарки»','понедельник-выходной',0),(82,'Цветочный Бутик. Студия флористики и ландшафтного дизайна.','','г.Смоленск, пр-т Гагарина, 10/2, ТЦ \"Гамаюн\"','','',' 8-908-288-75-43','','цветы и сувениры. пн.-пт. с 9-00 до 19-00. сб.-вс. с 11-00 до 17-00','2013-10-07 15:06:43',9,0,0,0,'32.045862,54.774950','Цветочный Бутик. Студия флористики и ландшафтного дизайна.','цветы и сувениры. пн.-пт. с 9-00 до 19-00. сб.-вс. с 11-00 до 17-00',0),(83,'М-н «Коралл»','с 10-00 до 20-00 (суббота до 19-00, воскресенье до 18-00)','г.Смоленск, ул.Николаева, д.21','','',' 32-05-56','','Подарки для Вас и Вашего дома (текстиль, посуда, цветы, сувениры и др.)','2013-10-07 15:06:43',9,0,0,0,'32.036762,54.772904','М-н «Коралл»','Подарки для Вас и Вашего дома (текстиль, посуда, цветы, сувениры и др.)',0),(84,'«Арт Флора»','с 8-00 до 23-00','Ул.Ленина, д.13','','','','','Подарки и цветы. Тел 38-79-94','2013-10-07 15:06:43',9,0,0,0,'32.051153,54.782801','«Арт Флора»','Подарки и цветы. Тел 38-79-94',0),(85,'М-н «ТОТЭМ»','с 10-00 до 19-00','г. Смоленск, ул.Кашена, д.13','','',' 63-03-55,  33-07-38,  33-07-38','','Магазин подарков','2013-10-07 15:06:43',9,0,0,0,'32.035468,54.794466','М-н «ТОТЭМ»','Магазин подарков',0),(86,'М-н «Цветочница»','с 10-00 до 19-00 (вых. - воскресенье)','г. Смоленск, ул.Новокиевская, д.11','','',' 32-67-68','','Магазин цветов и подарков','2013-10-07 15:06:43',9,0,0,0,'32.044577,54.766994','М-н «Цветочница»','Магазин цветов и подарков',0),(87,'Шинный центр STyre','с 9-00 до 19-00, без выходных','г.Смоленск, ул.Нахимова, д.24а','','',' (4812) 670-112','','продажа автошин','2013-10-07 15:06:43',9,0,0,0,'32.014457,54.781379','Шинный центр STyre','продажа автошин',0),(88,'Тракторные Запчасти','с 9-00 до 18-00','г.Смоленск,ул.Воробьева, д.17','','',' (4812) 64-10-02','','изготовление и ремонт РВД, шлангов на отечественную спец.технику','2013-10-07 15:06:43',9,0,0,0,'32.021158,54.767815','Тракторные Запчасти','изготовление и ремонт РВД, шлангов на отечественную спец.технику',0),(89,'ИП Кочетова О.А.','с 8-00 до 20-00, без выходных','Смоленский район,с.Каспля,ул.Набережная, 6','','',' 8-951-716-99-13','','автосервис','2013-10-07 15:06:43',9,0,0,1,'31.631397,54.992177','ИП Кочетова О.А.','автосервис',0),(90,'СТО «Сварог»','с 8-00 до 20-00','Смоленский р-н, п.Печерск, ул. Минская, д.32а','','',' (4812) 42-30-42','','Станция технического обслуживания легковых автомобилей. Малярно-кузовной ремонт. вых.: воскресенье','2013-10-07 15:06:43',9,0,0,0,'32.029997,54.858284','СТО «Сварог»','Станция технического обслуживания легковых автомобилей. Малярно-кузовной ремонт. вых.: воскресенье',0),(91,'Сервис «Автоколер»','с 9-00 до 18-00','','','',' 40-72-50','','кузовной и малярный ремонт. Мотель «Феникс». вых. - воскресенье','2013-10-07 15:06:43',9,0,0,0,'','Сервис «Автоколер»','кузовной и малярный ремонт. Мотель «Феникс». вых. - воскресенье',0),(92,'«ПЕКИН-АВТО»','с 9-00 до 19-00, суббота: с 9-00 до 15-00, вых.: воскресенье','г.Смоленск, Московское шоссе д.1а','','',' 40-59-69; 68-68-38','','Автосервис, автомагазин','2013-10-07 15:06:43',9,0,0,0,'32.079036,54.801338','«ПЕКИН-АВТО»','Автосервис, автомагазин',0),(93,'ИП Максимов О.В.','с 8-00 до 21-00 (без выходных','г. Смоленск, п. Одинцово возле Ипподрома','','',' 55-50-93','','Автомойка','2013-10-07 15:06:43',9,0,0,0,'32.050856,54.748244','ИП Максимов О.В.','Автомойка',0),(94,'Автомагазин «Клин Маркет»','с 09-00 до 19-00 (суб. с 09-00 до 16-00, вых.- воскресенье)','г. Смоленск, ул.Шевченко, д.70','','',' 55-50-93','','Розничная торговля зап. частями для автомобиля','2013-10-07 15:06:43',9,0,0,0,'32.075856,54.774545','Автомагазин «Клин Маркет»','Розничная торговля зап. частями для автомобиля',0),(95,'ИП Германов А.А.','с 9-00 до 18-00 (вых. воскресенье)','г.Смоленск, ул.Шевченко, д.87','','',' 312-312','','Шина-67. Розничная торговля шинами и дисками.','2013-10-07 15:06:43',9,0,0,0,'32.086205,54.783980','ИП Германов А.А.','Шина-67. Розничная торговля шинами и дисками.',0),(96,'ООО «Форса»','с 10-00 до 19-00, без выходных','г.Смоленск, ул.Бабушкина, д.1','','',' 31-72-35','','Салон мототехники. “Force-Line”. Продажа мототехники','2013-10-07 15:06:43',9,0,0,0,'32.085064,54.780018','ООО «Форса»','Салон мототехники. “Force-Line”. Продажа мототехники',0),(97,'«Автодок»','','г.Смоленск, д.60, 1 эт.','','',' 8-906-668-41-03','','оптовая и розничная продажа автозапчастей. пн.-пт.: с 9-30 до 19-00,. сб.: с 10-00 до 18-00. воскр. – выходной','2013-10-07 15:06:43',9,0,0,0,'32.044128,54.782526','«Автодок»','оптовая и розничная продажа автозапчастей. пн.-пт.: с 9-30 до 19-00,. сб.: с 10-00 до 18-00. воскр. – выходной',0),(98,'Отражение','','г.Смоленск, ул.Кирова, д.59','','',' (4812) 67-03-70, 61-14-09','','натяжные потолки. пн.-пт. с 10-00 до 19-00, сб. с 10-00 до 17-00. воскресенье – выходной','2013-10-07 15:06:43',9,0,0,0,'32.057225,54.769243','Отражение','натяжные потолки. пн.-пт. с 10-00 до 19-00, сб. с 10-00 до 17-00. воскресенье – выходной',0),(99,'MAXIMA','','г.Смоленск, ул.Румянцева, д.15','','','','','розничная торговля строительными материалами. пн.-сб. с 9-00 до 20-00. воскр. с 9-00 до 18-00','2013-10-07 15:06:43',9,0,0,0,'32.075533,54.769035','MAXIMA','розничная торговля строительными материалами. пн.-сб. с 9-00 до 20-00. воскр. с 9-00 до 18-00',0),(100,'Деруфа','','г.Смоленск, ул.М.Жукова, д.9','','',' (4812) 38-87-00','','декоративные штукатурки, лакокраски, полиуретановый декор','2013-10-07 15:06:43',9,0,0,0,'32.054629,54.779058','Деруфа','декоративные штукатурки, лакокраски, полиуретановый декор',0),(101,'Мосплитка','','г.Смоленcк, ул.М.Жукова, д.9','','',' (4812) 38-87-00','','керамическая плитка, керамогранит. пн.-пт. с 10-00 до 19-00. сб. 10-00 до 18-00. выходной: воскресенье','2013-10-07 15:06:43',9,0,0,0,'32.044128,54.782526','Мосплитка','керамическая плитка, керамогранит. пн.-пт. с 10-00 до 19-00. сб. 10-00 до 18-00. выходной: воскресенье',0),(102,'ВегаАвангард','с 9:00 до 19:00 (вс: с 12:00 до 15:00)','г.Смоленск, ул.Нормандии-Неман,д.9','','',' (4812) 66-07-03','','Окна,фасады,балконы,жалюзи','2013-10-07 15:06:43',9,0,0,0,'32.017466,54.774426','ВегаАвангард','Окна,фасады,балконы,жалюзи',0),(103,'Электро-Плюс','без выходных','г.Смоленск, ул.Нахимова, д.4','','','','','торговля электротоварами. Тел.: (4812) 54-20-31. С 9-00 до 19-00','2013-10-07 15:06:43',9,0,0,0,'32.026395,54.781659','Электро-Плюс','торговля электротоварами. Тел.: (4812) 54-20-31. С 9-00 до 19-00',0),(104,'МегаСтрой','без выходных','','','',' (4812) 40-52-09','','строительные материалы. Московское шоссе,стр.1; Шевченко, 101а. С 9-00 до 17-00','2013-10-07 15:06:43',9,0,0,0,'','МегаСтрой','строительные материалы. Московское шоссе,стр.1; Шевченко, 101а. С 9-00 до 17-00',0),(105,'Мир балконов','','г.Смоленск, проспект Гагарина, д.5, офис 414','','','','','Остекление балконов, лоджий, окна, ПВХ. Тел. (4812) 38-16-83, 68-60-70. С 9-00 до 17-00. выходной - воскресенье','2013-10-07 15:06:43',9,0,0,0,'32.049051,54.776207','Мир балконов','Остекление балконов, лоджий, окна, ПВХ. Тел. (4812) 38-16-83, 68-60-70. С 9-00 до 17-00. выходной - воскресенье',0),(106,'Магазин «Вира»','с 9-00 до 19-00, воск. с 11-00 до 16-00','Вяземский р-н, пос.Вязьма-Брянская, ул. 50 лет Победы','','',' 8 (905) 160-53-03','','Строительные материалы','2013-10-07 15:06:43',9,0,0,0,'32.052321,54.778383','Магазин «Вира»','Строительные материалы',0),(107,'«Евро Дом»','с 10-00 до 18-00, без выходных','г.Смоленск, ул. 2-ая Садовая, д.25а, ТД Пятницкий','','',' 21-81-24, 330-663','','Окна ПВХ, натяжные потолки, жалюзи, кровля, сайдинг','2013-10-07 15:06:43',9,0,0,0,'32.045224,54.793392','«Евро Дом»','Окна ПВХ, натяжные потолки, жалюзи, кровля, сайдинг',0),(108,'МРИЯ','с 9-00 до 19-00, суббота: с 10-00 до 15-00','г.Смоленск, ул Багратинона д.4, оф.37','','',' 40-35-67, 66-34-40','','Натяжные потолки. вых.: воскресенье','2013-10-07 15:06:43',9,0,0,0,'32.029108,54.773174','МРИЯ','Натяжные потолки. вых.: воскресенье',0),(109,'«Спец.магазин»','с 9-00 до 19-00','г.Смоленск, ул.Кутузова д.5','','','27-32-65','','вых.: воскресенье','2013-10-07 15:06:43',9,0,0,0,'32.044963,54.814097','«Спец.магазин»','вых.: воскресенье',0),(110,'«Звездное небо»','с 10-00 до 18-00','г.Смоленск, пр-т Гагарина д.10/2','','','40-65-29','','ДБ «Гамаюн» 3-й эт.. вых.: суббота, воскресенье','2013-10-07 15:06:43',9,0,0,0,'32.045862,54.774950','«Звездное небо»','ДБ «Гамаюн» 3-й эт.. вых.: суббота, воскресенье',0),(111,'ИП Лукьянов И.А.','с 9-00 до 18-00','г.Смоленск, пр-т Строителей, д.26 кв.77','','',' 40-89-25','','Установка изделий ПВХ, алюминия. вых.: воскресенье','2013-10-07 15:06:43',9,0,0,0,'32.082836,54.761727','ИП Лукьянов И.А.','Установка изделий ПВХ, алюминия. вых.: воскресенье',0),(112,'ООО «МонтажСервисСтрой»','с 8-00 до 16-30','214031,г.Смоленск, ул.Смольянинова,д.5 оф.301','','','31-84-80; 60-22-23','','Производство и установка детского и спортивного оборудования. вых.- суббота, воскресенье','2013-10-07 15:06:43',9,0,0,0,'32.099015,54.780823','ООО «МонтажСервисСтрой»','Производство и установка детского и спортивного оборудования. вых.- суббота, воскресенье',0),(113,'магазин «Маркопул»','с 10-00 до 19-00, без выходных','г.Смоленск, ул. Бабушкина д.1','','',' (4812) 31-17-32','','Строительство бассейнов,продажа средств по уходу за бассейнами. Ландшафтные скульптуры','2013-10-07 15:06:43',9,0,0,0,'32.085064,54.780018','магазин «Маркопул»','Строительство бассейнов,продажа средств по уходу за бассейнами. Ландшафтные скульптуры',0),(114,'ИП Путятин','с 9-00 до 18-00 (без выходных)','','','',' 40-89-50','','Окна, двери из ПВХ, клееного бруса, массива дерева, остекление балконов. и лоджий из ПВХ и алюминия, отделка откосов (пластик, гипсоволокно, штукатурка)','2013-10-07 15:06:43',9,0,0,0,'','ИП Путятин','Окна, двери из ПВХ, клееного бруса, массива дерева, остекление балконов. и лоджий из ПВХ и алюминия, отделка откосов (пластик, гипсоволокно, штукатурка)',0),(115,'М-н «Вента»','с 10-00 до 19-00 (воскр. с 10-00 до 18-00)','г. Смоленск, ул.Бабушкина, д.1, ТЦ «Старик Хоттабыч», 1 этаж. пав.13, тел.31-72-39','','','','','Продажа систем водоочистки, теплых полов и вентиляции','2013-10-07 15:06:43',9,0,0,0,'32.085064,54.780018','М-н «Вента»','Продажа систем водоочистки, теплых полов и вентиляции',0),(116,'ООО «Печерский завод ЖБИ»','','Cмоленская область, с. Печерск, ул. Автодорожная, д. 1','','',' (4812) 42-25-43','','производство и оптово-розничная торговля железобетонными изделиями. пн.-сб. с 8-00 до 18-00. воскресенье – выходной','2013-10-07 15:06:43',9,0,0,0,'32.036708,54.849370','ООО «Печерский завод ЖБИ»','производство и оптово-розничная торговля железобетонными изделиями. пн.-сб. с 8-00 до 18-00. воскресенье – выходной',0),(117,'Си Лайн','с 9-00 до 18-00, без выходных','г.Вязьма, ул.Восстания, д.2','','',' (48131) 4-33-69','','оргтехника, компьютеры, расходные материалы','2013-10-07 15:06:43',9,0,0,0,'32.044128,54.782526','Си Лайн','оргтехника, компьютеры, расходные материалы',0),(118,'ООО «Милан»','с 09-00 до 18-00 (вых. - суббота, воскресенье)','г. Смоленск, ул.Шевченко, д.81-а','','',' 31-26-31','','Оптовая и розничная торговля канцтоварами','2013-10-07 15:06:43',9,0,0,0,'32.085046,54.782075','ООО «Милан»','Оптовая и розничная торговля канцтоварами',0),(119,'ООО «Офисная планета»','с 10-00 до 19-00 (вых. - воскресенье)','г.Смоленск, ул.Дзержинского д.2-а','','',' 63-33-39','','Розничная торговля канцтоварами','2013-10-07 15:06:43',9,0,0,0,'32.048566,54.778357','ООО «Офисная планета»','Розничная торговля канцтоварами',0),(120,'ООО «Реанком»','с 10-00 до 18-00','ул.Кирова, д.50 (подвал)','','',' 63-37-58; 55-77-57','','Компьютерная помощь, все виды услуг. воскресенье - выходной','2013-10-07 15:06:43',9,0,0,0,'32.057612,54.768604','ООО «Реанком»','Компьютерная помощь, все виды услуг. воскресенье - выходной',0),(121,'ООО «ЮнитСервис»','с 9-00 до 18-00','г.Смоленск, г. Смоленск, Колхозная пл., д.4','','',' (4812) 63-12-88, 33-03-60','','Обслуживание оргтехники. Суббота с 9.00 до 16.00. (вых. - воскресенье)','2013-10-07 15:06:43',9,0,0,0,'32.048512,54.794923','ООО «ЮнитСервис»','Обслуживание оргтехники. Суббота с 9.00 до 16.00. (вых. - воскресенье)',0),(122,'ООО «Энтерпрайз»','с 9-00 до 17-00 (суббота с 9-00 до 15-00)','г.Смоленск, ул.Ново-Ленинградская, д.27','','',' 27-03-90','','Продажа канцелярских товаров. воскресенье – выходной','2013-10-07 15:06:43',9,0,0,0,'32.050461,54.796734','ООО «Энтерпрайз»','Продажа канцелярских товаров. воскресенье – выходной',0),(123,'М-н «Чарка»','','г. Смоленск, ул.Петра Алексеева, д.2-37','','',' 31-48-98, 68-26-35','','Розничная торговля алкогольной продукцией. 24 часа (без выходных)','2013-10-07 15:06:43',9,0,0,0,'32.103174,54.760615','М-н «Чарка»','Розничная торговля алкогольной продукцией. 24 часа (без выходных)',0),(124,'Кафе «Место встречи»','','г. Смоленск, ул. Юрьева, д.13','','',' (4812) 44-05-09','','общепит, караоке, живая музыка, трансляции спортивных матчей. пн.-ср. с 12-00 до 23-00, чт.-сб. с 12-00 до 02-00, вс. с 12-00 до 23-00','2013-10-07 15:06:43',9,0,0,0,'32.052967,54.810828','Кафе «Место встречи»','общепит, караоке, живая музыка, трансляции спортивных матчей. пн.-ср. с 12-00 до 23-00, чт.-сб. с 12-00 до 02-00, вс. с 12-00 до 23-00',0),(125,'Кафе «Житомир»','с 9-00 до 00-00','г.Смоленск,ул.25 Сентября,д.60','','',' (4812) 63-23-50','','общественное питание. Без выходных','2013-10-07 15:06:43',9,0,0,0,'32.090014,54.770754','Кафе «Житомир»','общественное питание. Без выходных',0),(126,'Кафе «Фантазия»','с 12-00 до 01-00, без выходных','г.Смоленск, ул.Попова, д.36','','',' (4812) 31-70-70','','','2013-10-07 15:06:43',9,0,0,0,'32.093877,54.770697','Кафе «Фантазия»','',0),(127,'Бар «Татьяна»','без выходных','г.Смоленск, ул.Попова, д.74','','',' (4812) 61-03-60','','общественное питание. пн.-чт. с 11-00 до 14-00. пт.-сб. с 12-00 до 04-00','2013-10-07 15:06:43',9,0,0,0,'32.108941,54.764641','Бар «Татьяна»','общественное питание. пн.-чт. с 11-00 до 14-00. пт.-сб. с 12-00 до 04-00',0),(128,'Кафе «У Петровича»','','г.Смоленск, ул.Попова, д 100 Б','','',' (4812) 63-21-20','','общественное питание. круглосуточно','2013-10-07 15:06:43',9,0,0,0,'32.114843,54.762293','Кафе «У Петровича»','общественное питание. круглосуточно',0),(129,'РК Центрифуга','','г.Смоленск, ул.Николаева, д.74','','',' (4812) 66-44-55','','боулинг, ресторан, бар. Без выходных','2013-10-07 15:06:43',9,0,0,0,'32.007719,54.768199','РК Центрифуга','боулинг, ресторан, бар. Без выходных',0),(130,'Прага','с 10-00 до 23-00, без выходных','г.Смоленск,ул.Николаева,д.26','','',' (4812) 65-22-49, 40-62-37','','кафе-кондитерская','2013-10-07 15:06:43',9,0,0,0,'32.031066,54.772520','Прага','кафе-кондитерская',0),(131,'Кафе «Соловьиная Роща»','с 12-00 до 02-00','г.Смоленск, ул. Рыленкова, д.30','','',' (4812) 31-43-81','','Без выходных','2013-10-07 15:06:43',9,0,0,0,'32.095314,54.759612','Кафе «Соловьиная Роща»','Без выходных',0),(132,'Кафе «Галина»','с 12-00 до 02-00','г.Смоленск, ул. Рыленкова, д.30','','',' (4812) 31-43-81','','Без выходных','2013-10-07 15:06:43',9,0,0,0,'32.095314,54.759612','Кафе «Галина»','Без выходных',0),(133,'Кафе-бар «Черная Каракатица»','с 19-00 до 06-00','г.Смоленск, пр-т Гагарина, д.58','','',' (4812) 69-69-47','','понедельник-выходной','2013-10-07 15:06:43',9,0,0,0,'32.044442,54.758958','Кафе-бар «Черная Каракатица»','понедельник-выходной',0),(134,'Клуб «Слава»','без выходных','Смоленская область, г.Вязьма, ул.Московская, 9а','','','8-951-690-04-44','','Дискотека, бар, кофейня. Клуб с 22-00 до 6-00, кофейня с 10-00 до 23-00','2013-10-07 15:06:43',9,0,0,0,'34.337114,55.186469','Клуб «Слава»','Дискотека, бар, кофейня. Клуб с 22-00 до 6-00, кофейня с 10-00 до 23-00',0),(135,'Ресторан «Суши с умом»','с 11-00 до 3-00, без выходных','ул.Попова д.74','','',' 60-55-99','','Японская кухня','2013-10-07 15:06:43',9,0,0,0,'32.108941,54.764641','Ресторан «Суши с умом»','Японская кухня',0),(136,'Кафе «Мельница»','','г.Смоленск, Пивной переулок д.8','','',' 40-80-80, 27-01-04','','круглосуточно','2013-10-07 15:06:43',9,0,0,0,'32.053336,54.797217','Кафе «Мельница»','круглосуточно',0),(137,'Сауна «Титаник»','с 11-00 до 01-00, без выходных','ул.Б.Советская д.17/1','','',' 330-368','','Проведение свадеб, юбилеев, корпоративов, детских праздников, выпускных вечеров,. банкетов, просмотр спортивных передач','2013-10-07 15:06:43',9,0,0,0,'32.054063,54.784364','Сауна «Титаник»','Проведение свадеб, юбилеев, корпоративов, детских праздников, выпускных вечеров,. банкетов, просмотр спортивных передач',0),(138,'скидка 10%','','','','','','','','2013-10-07 15:06:43',9,0,0,0,'','скидка 10%','',0),(139,'Творческая группа «Art Zoom»','','','','',' 8 905 160 51 68, 8 951 701 33 28','','Фото и видеосъемка торжеств, организация мероприятий, звуковое и световое оборудование. С 9-00 до 21-00, без выходных','2013-10-07 15:06:43',9,0,0,0,'','Творческая группа «Art Zoom»','Фото и видеосъемка торжеств, организация мероприятий, звуковое и световое оборудование. С 9-00 до 21-00, без выходных',0),(140,'Кафе «Тайна»','с 12-00 до 24-00 (без выходных)','г.Смоленск, ул.Б.Советская,д.8','','','','','Юбилеи, свадьбы, корпоративы','2013-10-07 15:06:43',9,0,0,0,'32.053533,54.785833','Кафе «Тайна»','Юбилеи, свадьбы, корпоративы',0),(141,'тел. 68-32-47','','','','','','','','2013-10-07 15:06:43',9,0,0,0,'','тел. 68-32-47','',0),(142,'Кафе СССР','с 11-00 до 01-00 (без выходных)','г.Смоленск, ул.Тухачевского д.3','','',' 38-24-22','','','2013-10-07 15:06:43',9,0,0,0,'32.053929,54.781659','Кафе СССР','',0),(143,'Ресторан «Ya-café»','','г.Смоленск, ул.Николаева, д.23','','','(4812) 32-09-87','','пн.-чт.: с 10-00 до 1-00. пт.-сб.: с 10-00 до 3-00. воскр.: с 10-00 до 1-00. бесплатное оформление 15-ти % дисконтной карты держателям платиновых карт','2013-10-07 15:06:43',9,0,0,0,'32.035774,54.772722','Ресторан «Ya-café»','пн.-чт.: с 10-00 до 1-00. пт.-сб.: с 10-00 до 3-00. воскр.: с 10-00 до 1-00. бесплатное оформление 15-ти % дисконтной карты держателям платиновых карт',0),(144,'Кафе «Парадиз»','с 10-00 до 24-00 без выходных','г. Рославль, 15й мкр-н, д.22','','',' (48134) 2-57-97','','Общественное питание','2013-10-07 15:06:43',9,0,0,1,'32.044128,54.782526','Кафе «Парадиз»','Общественное питание',0),(145,'ООО «Центр Ортопедии Плюс»','','г.Смоленск, ул.Губенко,д.1','','',' (4812) 68-18-04, 41-02-15','','изготовление протезов верхних и нижних конечностей. пн.-пт. с 8.00 до 16.00. сб., вс. - выходной','2013-10-07 15:06:43',9,0,0,0,'32.046428,54.812271','ООО «Центр Ортопедии Плюс»','изготовление протезов верхних и нижних конечностей. пн.-пт. с 8.00 до 16.00. сб., вс. - выходной',0),(147,'«Коралл»','','г.Вязьма, Красноармейское шоссе, д.13А','','',' 9-951-696-72-92','','парикмахерские услуги. пн.-пт. с 09-00 до 18-00. сб., вс. с 10-00 до 16-00','2013-10-07 15:06:43',9,0,0,0,'32.264386,54.805033','«Коралл»','парикмахерские услуги. пн.-пт. с 09-00 до 18-00. сб., вс. с 10-00 до 16-00',0),(148,'Салон-парикмахерская «Эллис»','с 10-00 до 19-00','г. Смоленск, ул.Юрьева, д.13','','',' (4812) 41-35-05','','парикмахерские услуги, солярий, маникюр, педикюр, депиляция','2013-10-07 15:06:43',9,0,0,0,'32.052967,54.810828','Салон-парикмахерская «Эллис»','парикмахерские услуги, солярий, маникюр, педикюр, депиляция',0),(149,'Евгения','','г.Смоленск, Трамвайный проезд, д.8, кв.233','','',' (4812) 55-61-78','','стоматологические услуги. пн.-пт. с 9-00 до 19-00, сб. с 10-00 до 14-00. воскресенье – выходной','2013-10-07 15:06:43',9,0,0,0,'32.068472,54.768729','Евгения','стоматологические услуги. пн.-пт. с 9-00 до 19-00, сб. с 10-00 до 14-00. воскресенье – выходной',0),(150,'Юридический кабинет Белоглазова А.А.','с 9-00 до 18-00','г.Смоленск, ул.25 Сентября,д.48','','',' 8-920-660-57-12','','юридические услуги. суббота, воскресенье - выходные','2013-10-07 15:06:43',9,0,0,0,'32.083564,54.767840','Юридический кабинет Белоглазова А.А.','юридические услуги. суббота, воскресенье - выходные',0),(151,'Юридическое партнёрство Баринов Иванов Карпеченков','с 9-00 до 18-00','г.Смоленск, ул.Ново-Киевская, д.11, оф.2','','','/факс (4812) 35-89-00','','юридическое сопровождение бизнеса, оказание юридической помощи гражданам. суббота, воскресенье - выходные','2013-10-07 15:06:43',9,0,0,0,'32.044730,54.766989','Юридическое партнёрство Баринов Иванов Карпеченков','юридическое сопровождение бизнеса, оказание юридической помощи гражданам. суббота, воскресенье - выходные',0),(152,'Желтое такси','','г.Смоленск, Тихвинка д.12','','',' 30-00-00','','','2013-10-07 15:06:43',9,0,0,0,'32.073970,54.755280','Желтое такси','',0),(153,'Студия красоты ЛеКа','с 10-00 до 21-00, без перерывов и выходных','г.Смоленск,ул.Нормандии-Неман,д.4; ул.М.Октябрьской,д.14а; ул.Дзержинского,д.18/1','','',' 38-83-98; 55-40-50','','все виды парикмахерских услуг','2013-10-07 15:06:43',9,0,0,0,'32.021724,54.772406','Студия красоты ЛеКа','все виды парикмахерских услуг',0),(154,'Уборка+','с 9-00 до 20-00, без выходных','ул.Николаева, д.36а - 129','','',' 8-951-694-89-59','','','2013-10-07 15:06:43',9,0,0,0,'32.023979,54.772255','Уборка+','',0),(155,'СООО КФК БФ(Башня Феникса)','','','','',' 8-903-698-39-06, 40-57-67','','Проведение и организация шоу. режим работы свободный','2013-10-07 15:06:43',9,0,0,0,'','СООО КФК БФ(Башня Феникса)','Проведение и организация шоу. режим работы свободный',0),(157,'Смоленский Центр Права и Социологии','с 9-00 до 19-00','г.Смоленск, пр-т Гагарина, д.10/2 (Гамаюн), офис 315','','',' (4812) 33-04-56','','юридические услуги, социологические исследования. суббота, воскресенье - выходной','2013-10-07 15:06:43',9,0,0,0,'32.045862,54.774950','Смоленский Центр Права и Социологии','юридические услуги, социологические исследования. суббота, воскресенье - выходной',0),(158,'Консалтинговое агентство «Бизнес и право»','с 9-00 до 18-00','г. Смоленск, ул.Кирова, д.18','','',' 33-03-63, 33-03-62, 66-27-38','','Оказание юридических и бухгалтерских услуг. воскресенье - выходной','2013-10-07 15:06:43',9,0,0,0,'32.030348,54.768651','Консалтинговое агентство «Бизнес и право»','Оказание юридических и бухгалтерских услуг. воскресенье - выходной',0),(159,'Центр Детского Развития «Академия Детства»','','ул.25 Сентября, д. 16','','',' 40-66-42','','Обучение. пн-пт.с 9-00 до20-00, сб.9-00 до 13-00. выходной - воскресенье','2013-10-07 15:06:43',9,0,0,0,'32.065813,54.765706','Центр Детского Развития «Академия Детства»','Обучение. пн-пт.с 9-00 до20-00, сб.9-00 до 13-00. выходной - воскресенье',0),(160,'Центр Снижения веса «Борменталь»','','ул. Трудовая, д.2а','','',' 608-806','','Психологические услуги. Пн.-сб.: с 10-00 до 20-00. выходной - воскресенье','2013-10-07 15:06:43',9,0,0,0,'32.018409,54.777542','Центр Снижения веса «Борменталь»','Психологические услуги. Пн.-сб.: с 10-00 до 20-00. выходной - воскресенье',0),(161,'ООО Автошкола «AUTODRIVE»','','г.Смоленск, пр-т Гагарина,д.56 СПЭК ауд. 102','','',' 40-75-25, 40-74-94','','пн., ср., пт.: с 18-00 до 20-00','2013-10-07 15:06:43',9,0,0,0,'32.046419,54.766906','ООО Автошкола «AUTODRIVE»','пн., ср., пт.: с 18-00 до 20-00',0),(162,'Мастерская красоты Ольги Хоминской «CHAMPAGNE»','','Пр-т Гагарина д.14/2','','','','','Имиджевые услуги. Тел. 40-98-80. С 10-00 до 20-00. Вс. 11-00 до 19-00. Без выходных','2013-10-07 15:06:43',9,0,0,0,'32.045538,54.772110','Мастерская красоты Ольги Хоминской «CHAMPAGNE»','Имиджевые услуги. Тел. 40-98-80. С 10-00 до 20-00. Вс. 11-00 до 19-00. Без выходных',0),(163,'ООО «Автограф 67»','','','','','','','Автошкола. Тел. 63 30 03. Пн-сб с 9-00 до 20-00, вых.- воскресенье','2013-10-07 15:06:43',9,0,0,0,'','ООО «Автограф 67»','Автошкола. Тел. 63 30 03. Пн-сб с 9-00 до 20-00, вых.- воскресенье',0),(164,'ООО «Ремикс»','с 10-00 до 18-00, вых.: воскресенье','Ул.Николаева д. 32','','',' 35-26-02','','Юридические услуги и услуги по оформлению недвижимости','2013-10-07 15:06:43',9,0,0,0,'32.027150,54.771912','ООО «Ремикс»','Юридические услуги и услуги по оформлению недвижимости',0),(165,'ИП Ястребов С.М','с 9-00 до 18-00','','','',' 8 919 048 00 01','','Грузоперевозки','2013-10-07 15:06:43',9,0,0,0,'','ИП Ястребов С.М','Грузоперевозки',0),(166,'ИП Михайлов А.Е.','с 9-00 до 20-00, вых.: воскресенье','','','',' 8 910 580 51 03','','Разработка ПО, консультации в сфере ИТ','2013-10-07 15:06:43',9,0,0,0,'','ИП Михайлов А.Е.','Разработка ПО, консультации в сфере ИТ',0),(167,'Юридический кабинет «Аспект права»','с 10-00 до 19-00','г.Смоленск, ул. 25 сентября, д.9','','',' 60-62-20, 63-14-16','','Оказание юридических услуг. вых.: суббота, воскресенье','2013-10-07 15:06:43',9,0,0,0,'32.073817,54.768427','Юридический кабинет «Аспект права»','Оказание юридических услуг. вых.: суббота, воскресенье',0),(168,'Адвокатский кабинет','с 9-00 до 18-00','г.Смоленск, ул.Урицкого д.9','','','','','Юридическая помощь по гражданским и уголовным делам. Тел. 68-34-43, 8 (910) 789-78-25. вых.: суббота, воскресенье','2013-10-07 15:06:43',9,0,0,0,'32.050632,54.774021','Адвокатский кабинет','Юридическая помощь по гражданским и уголовным делам. Тел. 68-34-43, 8 (910) 789-78-25. вых.: суббота, воскресенье',0),(169,'Группа компаний Восток','с 9-00 до 17-00','г.Смоленск, ул.Кашена, д.1, оф. 613','','',' 27-12-96, 63-03-24','','«Центр возвратов долгов». Коллекторское агентство. вых.: суббота, воскресенье','2013-10-07 15:06:43',9,0,0,0,'32.046383,54.795011','Группа компаний Восток','«Центр возвратов долгов». Коллекторское агентство. вых.: суббота, воскресенье',0),(170,'ООО «Мир Проката»','с 10-00 до 23-00, без выходных','г.Смоленск, ул Черняховского, д.28','','',' 40-54-28','','Продажа ,прокат и ремонт велосипедов','2013-10-07 15:06:43',9,0,0,0,'32.026692,54.764262','ООО «Мир Проката»','Продажа ,прокат и ремонт велосипедов',0),(171,'ООО Юридическая фирма «Ареопаг»','с 10-00 до 19-00','','','','89516962849','','Все виды юридических (правовых) услуг. вых.воскресенье','2013-10-07 15:06:43',9,0,0,0,'','ООО Юридическая фирма «Ареопаг»','Все виды юридических (правовых) услуг. вых.воскресенье',0),(172,'Центр юридической помощи населения','с 10-00 до 19-00, без выходных','г.Смоленск, ул.Глинки д.7(4 эт.)','','',' 8(904) 364-54-00','','','2013-10-07 15:06:43',9,0,0,0,'32.049203,54.780320','Центр юридической помощи населения','',0),(173,'ООО \"ТрансАвто\"','с с 8-00 до 18-00, без выходных','г.Смоленск, ул. Ракитная, д.14','','',' 8 (905) 160-33-79,  33-01-79, 60-69-67','','Грузоперевозки для физических лиц','2013-10-07 15:06:43',9,0,0,0,'31.818750,54.794902','ООО \"ТрансАвто\"','Грузоперевозки для физических лиц',0),(174,'Агентство недвижимости «Проспект»','','г.Смоленск, пр-т.Гагарина, д.8, кв. 19','','',' 60-30-15, 8-920-662-3333','','Недвижимость, юр. услуги. с9-00 до 18-00. Вых.: воскресенье','2013-10-07 15:06:43',9,0,0,0,'32.047811,54.776072','Агентство недвижимости «Проспект»','Недвижимость, юр. услуги. с9-00 до 18-00. Вых.: воскресенье',0),(175,'«Мир Балконов»','с 9-00 до 17-00','г.Смоленск, пр-т Гагарина д.5 оф.414','','',' 38-16-83, 68-60-70','','Остекление балконов, лождий, окна ПВХ. Вых.: воскресенье','2013-10-07 15:06:43',9,0,0,0,'32.049051,54.776207','«Мир Балконов»','Остекление балконов, лождий, окна ПВХ. Вых.: воскресенье',0),(176,'Агентство образовательных услуг','','г.Смоленск, ул.Энгельса,д.23, оф.323','','','64-33-62','','“StepbyStep”. 8 908 281 00 23. С 10-00 до 18-00. Вых.: суб., воскресенье.','2013-10-07 15:06:43',9,0,0,0,'32.065409,54.780631','Агентство образовательных услуг','“StepbyStep”. 8 908 281 00 23. С 10-00 до 18-00. Вых.: суб., воскресенье.',0),(177,'Адвокатский кабинет Зверькова И.С.','с 8-00 до 18-00','г.Смоленск, ул. Коммунистическая, д.12-15','','',' (4812) 64-72-11, 69-27-60','','Юридические услуги','2013-10-07 15:06:43',9,0,0,0,'32.050452,54.780460','Адвокатский кабинет Зверькова И.С.','Юридические услуги',0),(178,'FRESH ART, студия ногтевой эстетики','с 10-00 до 21-00,','г.Смоленск, ул.Урицкого, д.3','','',' (4812) 60-52-22','','ногтевой сервис, солярий, наращивание волос, обучение. воскр.: с 10-00 до 17-00','2013-10-07 15:06:43',9,0,0,0,'32.048125,54.774078','FRESH ART, студия ногтевой эстетики','ногтевой сервис, солярий, наращивание волос, обучение. воскр.: с 10-00 до 17-00',0),(179,'Мир Безопасности','с 9-00 до 18-00','г.Смоленск, ул.проспект Строителей, д.12','','',' (4812) 61-10-40, 40-55-25, : (4812) 55-15-39, 40-36-36','','продажа оборудования систем безопасности. вых.: суббота, воскресенье. вых.: воскресенье','2013-10-07 15:06:43',9,0,0,0,'32.090391,54.764901','Мир Безопасности','продажа оборудования систем безопасности. вых.: суббота, воскресенье. вых.: воскресенье',0),(180,'Группа охранных предприятий «Восток»','','г.Смоленск, ул. Кашена, д.1. оф.613','','',' 27-12-96, 63-03-24','','Спутниковая охрана и мониторинг автотранспорта. с9-00 до 17-00. вых. суббота, воскресенье','2013-10-07 15:06:43',9,0,0,0,'32.046383,54.795011','Группа охранных предприятий «Восток»','Спутниковая охрана и мониторинг автотранспорта. с9-00 до 17-00. вых. суббота, воскресенье',0),(181,'ООО РКГ Парадигма','с 9-30 до 18-00','г.Смоленск, ул.Дзержинского, д.7','','',' (4812) 69-00-99','','оперативная полиграфия. суббота, воскресенье – выходные','2013-10-07 15:06:43',9,0,0,0,'32.046005,54.778419','ООО РКГ Парадигма','оперативная полиграфия. суббота, воскресенье – выходные',0),(182,'Печатный салон Print EX','','','','','','','Фото, полиграфия, дизайн. Ул. Кирова, 59. Режим работы: с 11.00 до 19.00, выходной – воскресенье. Телефон: (4812) 40-59-40','2013-10-07 15:06:43',9,0,0,0,'','Печатный салон Print EX','Фото, полиграфия, дизайн. Ул. Кирова, 59. Режим работы: с 11.00 до 19.00, выходной – воскресенье. Телефон: (4812) 40-59-40',0),(183,'Дизайн студия «Элит»','','Ул.Попова д.134, без выходных','','',' 8 910 417 27 71, 8 904 361 95 30','','Дизайн-проекты интерьера, архитектурные макеты, ландшафтный дизайн','2013-10-07 15:06:43',9,0,0,0,'32.109831,54.756324','Дизайн студия «Элит»','Дизайн-проекты интерьера, архитектурные макеты, ландшафтный дизайн',0),(184,'«Луиджи Роватти»','с 10-00 до 19-00','г.Смоленск, ул. Николаева д.42а','','','35-30-40, 35-30-50','','Торговля отделочными материалами, студия дизайна. вых.: воскресенье','2013-10-07 15:06:43',9,0,0,0,'32.019954,54.770183','«Луиджи Роватти»','Торговля отделочными материалами, студия дизайна. вых.: воскресенье',0),(185,'Мастерская декора «Арагон»','с 10-00 до 18-00','г.Смоленск, ул. Коненкова, д. 4','','',' 38-86-68','','Продажа и нанесение декоративного материала. вых.: воскресенье','2013-10-07 15:06:43',9,0,0,0,'32.049895,54.783772','Мастерская декора «Арагон»','Продажа и нанесение декоративного материала. вых.: воскресенье',0),(186,'CREATIVE studio design','с 9-00 до 18-00','г.Смоленск, пр-т Гагарина, д.19а','','',' (4812) 400-610','','Реклама, дизайн, производство рекламы, широкофрматная печать. вых.: воскресенье','2013-10-07 15:06:43',9,0,0,0,'32.047595,54.770707','CREATIVE studio design','Реклама, дизайн, производство рекламы, широкофрматная печать. вых.: воскресенье',0),(187,'ИП Калимуллин А.А.','с 9-00 до 18-00, без выходных','','','',' 8 (910) 782-05-53','','создание Web – сайтов','2013-10-07 15:06:43',9,0,0,0,'','ИП Калимуллин А.А.','создание Web – сайтов',0),(188,'Студия дизайна «Старлаб»','с 10-00 до 18-00,','г.Смоленск, ул. Раевского, 10, офис.1','','',' (4812) 404-331','','Веб-дизайн, графический дизайн,. дизайн интерьера. вых. – суббота, воскресенье.','2013-10-07 15:06:43',9,0,0,0,'32.051826,54.771170','Студия дизайна «Старлаб»','Веб-дизайн, графический дизайн,. дизайн интерьера. вых. – суббота, воскресенье.',0),(189,'Студия Дизайна «L.I.Studio»','','','','',' 89203300455, 89206666161','','Дизайн интерьера. С 9-30 до 18-30. вых.: воскресенье','2013-10-07 15:06:43',9,0,0,0,'','Студия Дизайна «L.I.Studio»','Дизайн интерьера. С 9-30 до 18-30. вых.: воскресенье',0),(190,'Дизайн-студия «Creative group»','с 10-00 до 18-00','г.Смоленск, ул. Пржевальского, д.9/27','','',' 38-38-41','','Графический дизайн. Вых.: суббота, воскресенье','2013-10-07 15:06:43',9,0,0,0,'32.041684,54.783710','Дизайн-студия «Creative group»','Графический дизайн. Вых.: суббота, воскресенье',0),(191,'Tian De','','г.Смоленск, ул.Ленина, д.13','','',' 8 (915) 662-81-07, 8 (951) 708-82-46','','Косметические средства, парфюмерия, продукты для здоровья. пн-пт с 10-00 до 19-00,. сб. с 10-00 до 18-00,. вс. с 11-00 до 16-00.. Скидка 35%','2013-10-07 15:06:43',9,0,0,0,'32.051153,54.782801','Tian De','Косметические средства, парфюмерия, продукты для здоровья. пн-пт с 10-00 до 19-00,. сб. с 10-00 до 18-00,. вс. с 11-00 до 16-00.. Скидка 35%',0),(192,'Магазин «Ла Стелла»','с 10-00 до 19-00,','г.Смоленск, ул. Николаева. д.15','','',' 38-85-28','','Розничная торговля парфюмерией и косметикой. воскр.: с 11-00 до 17-00','2013-10-07 15:06:43',9,0,0,0,'32.039636,54.773273','Магазин «Ла Стелла»','Розничная торговля парфюмерией и косметикой. воскр.: с 11-00 до 17-00',0),(193,'«Мыломания»','с 10-00 до 20-00, без выходных','г.Смоленск ,ул.Тенишевой д.4','','',' 63-02-50','','Натуральная косметика','2013-10-07 15:06:43',9,0,0,0,'32.052662,54.776529','«Мыломания»','Натуральная косметика',0),(194,'Bon Jolli','с 10-00 до 20-00, без выходных','г.Смоленск, пл.Желябова, д.1','','','','','Продажа косметики','2013-10-07 15:06:43',9,0,0,0,'32.039717,54.793449','Bon Jolli','Продажа косметики',0),(195,'Салон-магазин «Аксент»','','г.Смоленск, ул. Крупской д.43','','','','','Сумки, портмоне продажа. «ТЦ Европа» 2 эт.. 8 (920) 300-30-13. С 10-00 до 20-00','2013-10-07 15:06:43',9,0,0,0,'32.062669,54.766937','Салон-магазин «Аксент»','Сумки, портмоне продажа. «ТЦ Европа» 2 эт.. 8 (920) 300-30-13. С 10-00 до 20-00',0),(196,'Ветеринарная клиника Биотех','с 9-00 до 18-00, без выходных','г.Смоленск, Рославльское шоссе, 5км','','','41-76-55, 41-76-71','','ветеринарные услуги, лабораторная диагностика','2013-10-07 15:06:43',9,0,0,0,'32.076593,54.750728','Ветеринарная клиника Биотех','ветеринарные услуги, лабораторная диагностика',0),(197,'Магазин «Мадагаскар»','с 10-00 до 19-00, без выходных','г.Смоленск, пр-т.Строителей д.10','','',' 8951 718 99 66','','','2013-10-07 15:06:43',9,0,0,0,'32.092879,54.765856','Магазин «Мадагаскар»','',0),(198,'Fashion Dog','с 9-00 до 21-00, без выходных','пр-т. Гагарина д.1, 1 эт.','','',' 8 920 661 88 48','','ТЦ Юнона. Одежда и аксессуары для животных','2013-10-07 15:06:43',9,0,0,0,'32.050165,54.777214','Fashion Dog','ТЦ Юнона. Одежда и аксессуары для животных',0),(199,'«Шоу мыльных пузырей»','','','','',' +7 (910) 721 07 63, : (4812) 40-49-95','','шоу-программы для детей и взрослых. пн.-пт. с 10-00 до 19-00, сб. с 10-00 до 15-00','2013-10-07 15:06:43',9,0,0,0,'','«Шоу мыльных пузырей»','шоу-программы для детей и взрослых. пн.-пт. с 10-00 до 19-00, сб. с 10-00 до 15-00',0),(201,'Синий Зелёный','','г.Смоленск, ул.Крупской, д.30б','','',' (4812) 40-49-95','','оформление праздников воздушными шарами. пн.-пт. с 10-00 до 19-00, сб. с 10-00 до 15-00. воскресенье - выходной','2013-10-07 15:06:43',9,0,0,0,'32.058824,54.766433','Синий Зелёный','оформление праздников воздушными шарами. пн.-пт. с 10-00 до 19-00, сб. с 10-00 до 15-00. воскресенье - выходной',0),(202,'Агентство организации праздников «Fun»','с 9-00 до 20-00, без выходных','г.Смоленск, ул.Кирова д.22б, правое крыло оф.25','','',' 40-48-25, 8905 699 59 00','','Организация и проведение праздников','2013-10-07 15:06:43',9,0,0,0,'32.034309,54.769622','Агентство организации праздников «Fun»','Организация и проведение праздников',0),(203,'ООО «Экспресс-Тур»','','г.Вязьма, ул.25 Октября, д.10','','',' (48131) 4-27-81','','туристическое агентство. пн.-пт. с 10-00 до 18-00, вс. с 10-00 до 15-00. суббота - выходной','2013-10-07 15:06:43',9,0,0,0,'32.065813,54.765706','ООО «Экспресс-Тур»','туристическое агентство. пн.-пт. с 10-00 до 18-00, вс. с 10-00 до 15-00. суббота - выходной',0),(204,'«Партизан»','с 10-00 до 19-00, без выходных','г.Cмоленск, ул.Дзержинского, д.21','','',' (4812) 65-09-35, 54-05-44','','оружейный магазин','2013-10-07 15:06:43',9,0,0,0,'32.037633,54.780439','«Партизан»','оружейный магазин',0),(205,'«Веранда», велнесс клуб','','г.Смоленск, ул.Лесная, д.5','','','(4812) 41-95-59, 67-21-79','','термальный комплекс, SPA-центр, ресторан, фитнес-студия, аква-зона. пн.: с 16-00 до 22-00, вт.-вс.: с 11-00 до 22-00, без выходных','2013-10-07 15:06:43',9,0,0,0,'31.895636,54.788424','«Веранда», велнесс клуб','термальный комплекс, SPA-центр, ресторан, фитнес-студия, аква-зона. пн.: с 16-00 до 22-00, вт.-вс.: с 11-00 до 22-00, без выходных',0),(206,'Клуб боевых искусств «Сапсан»','','','','',' 8-920-301-55-73, 8-951-696-05-62','','спортивная организация. пн.-пт. с 8-00 до 22-00. суббота, воскресенье – выходной','2013-10-07 15:06:43',9,0,0,0,'','Клуб боевых искусств «Сапсан»','спортивная организация. пн.-пт. с 8-00 до 22-00. суббота, воскресенье – выходной',0),(207,'Фэншуй-студия «Белый аист»','с 11-00 до 19-00','г.Смоленск, пер.Ульянова, д.5','','',' 9-915-641-77-98, (4812) 46-28-39','','м-н «Сувениры», консультации по фэншуй. воскресенье,понедельник - выходные','2013-10-07 15:06:43',9,0,0,0,'32.036510,54.780242','Фэншуй-студия «Белый аист»','м-н «Сувениры», консультации по фэншуй. воскресенье,понедельник - выходные',0),(208,'Пегас-Туристик','с 10-00 до 19-00','г.Смоленск, ул.Николаева, 32, офис 1','','',' (4812) 35-26-01','','туристическое агентство. выходной: воскресенье','2013-10-07 15:06:43',9,0,0,0,'32.027150,54.771912','Пегас-Туристик','туристическое агентство. выходной: воскресенье',0),(209,'Город-Ключ','с 10-00 до 19-00','г.Смоленск, 2я Краснинская 7/1','','',' (4812) 38-00-40, 64-37-23','','туристическое агентство. выходной: воскресенье','2013-10-07 15:06:43',9,0,0,0,'32.041756,54.772068','Город-Ключ','туристическое агентство. выходной: воскресенье',0),(210,'Ваш Отдых','','г.Смоленск, пр-т Гагарина,д.10/2, офис 308','','',' 8-904-363-75-24, 8-904-361-25-25','','туристическое агентство. пн.-пт. с 10-00 до 17-00, сб. с 11-00 до 16-00. выходной: воскресенье','2013-10-07 15:06:43',9,0,0,0,'32.045862,54.774950','Ваш Отдых','туристическое агентство. пн.-пт. с 10-00 до 17-00, сб. с 11-00 до 16-00. выходной: воскресенье',0),(211,'Клиника 911','с 9-00 до 21-00, без выходных','','','',' (4812) 35-45-65,35-43-35','','стоматологическая клиника','2013-10-07 15:06:43',9,0,0,0,'','Клиника 911','стоматологическая клиника',0),(212,'Отдыхай\'ка','','г.Смоленск, пр-т Гагарина, д.18','','','','','весь спектр туристических услуг. Телефон: (4812) 59-92-88, 8 (915) 657-42-62. пн.-пт. с 10-00 до 19-00,сб. с 11-00 до 15-00. вс. – выходной','2013-10-07 15:06:43',9,0,0,0,'32.046005,54.770084','Отдыхай\'ка','весь спектр туристических услуг. Телефон: (4812) 59-92-88, 8 (915) 657-42-62. пн.-пт. с 10-00 до 19-00,сб. с 11-00 до 15-00. вс. – выходной',0),(213,'«Оазис-Тур». Туристическое агентство','','Проспект Гагарина, д.24','','','','','Режим работы: с 10.00 до 19.00, выходной – воскресенье.. Телефон: (4812) 59-92-88, 8 (915) 657-42-62','2013-10-07 15:06:43',9,0,0,0,'32.045448,54.767373','«Оазис-Тур». Туристическое агентство','Режим работы: с 10.00 до 19.00, выходной – воскресенье.. Телефон: (4812) 59-92-88, 8 (915) 657-42-62',0),(214,'«E travel». Туристические услуги','','Ул.Крупской, д.43, ТЦ Европа, 3 этаж','','','','','Режим работы: с 10.00 до 18.00, суббота – с 10.00 до 15.00, выходной – воскресенье.. Телефон: (4812) 60-26-00, 60-27-00','2013-10-07 15:06:43',9,0,0,0,'32.062669,54.766937','«E travel». Туристические услуги','Режим работы: с 10.00 до 18.00, суббота – с 10.00 до 15.00, выходной – воскресенье.. Телефон: (4812) 60-26-00, 60-27-00',0),(215,'Турагентство \"Кругосвет\"','','г.Сафоново, ул.Советская, д.6 (офис МТС)','','',' ( 48142) 2-29-92','','Туристические услуги. пн-пт с 10-00 до 18-00, суб. с 10-00 до 15-00, вых. воскресенье','2013-10-07 15:06:43',9,0,0,0,'32.052877,54.786695','Турагентство \"Кругосвет\"','Туристические услуги. пн-пт с 10-00 до 18-00, суб. с 10-00 до 15-00, вых. воскресенье',0),(216,'Туристическое агентство «ЗдравТур»','','г.Смоленск, ул.М.Жукова, д.9','','',' 64-63-20, 38-83-84','','Отдых, лечение и оздоровление в Беларуси, России, Украине, Европе и по всему миру. режим работы: с 10-00 до 18-00, вых. воскресенье','2013-10-07 15:06:43',9,0,0,0,'32.054629,54.779058','Туристическое агентство «ЗдравТур»','Отдых, лечение и оздоровление в Беларуси, России, Украине, Европе и по всему миру. режим работы: с 10-00 до 18-00, вых. воскресенье',0),(217,'Дайв-клуб «ОКТОПУС»','с 10-30 до 19-00, вых.: суббота, воскресенье','г.Смоленск, ул. Академика Петрова, д.2','','','','','Дайвинг, подводная охота, продажа оборудования. Тел. (4812) 67-13-67','2013-10-07 15:06:43',9,0,0,1,'32.021014,54.777105','Дайв-клуб «ОКТОПУС»','Дайвинг, подводная охота, продажа оборудования. Тел. (4812) 67-13-67',0),(218,'Оздоровительный центр «Здоровье от природы»','с 10-00 до 20-00, вых. воскресенье','г.Смоленск, ул. М. Жукова д.9','','',' 38-25-50','','Оздоровительные и SPA процедуры, массаж, солярий, косметология','2013-10-07 15:06:43',9,0,0,0,'32.054629,54.779058','Оздоровительный центр «Здоровье от природы»','Оздоровительные и SPA процедуры, массаж, солярий, косметология',0),(219,'Магазин «Здоровье от природы»','с 10-00 до 19-00, без выходных','г.Смоленск, ул. Октябрьской революции д.18, ул.Коммунистическая д.15/2 (тел. 35-08-07),','','',' 38-49-44, 62-11-15','','Розничная торговля натуральной оздоровительной продукцией. Багратионовский рынок пав.25','2013-10-07 15:06:43',9,0,0,0,'32.054773,54.780564','Магазин «Здоровье от природы»','Розничная торговля натуральной оздоровительной продукцией. Багратионовский рынок пав.25',0),(220,'Туристическое агентство TUI','','','','','','','бульвар Гагарина д 2/9. пн-пт с 10-00 до 19-00, суб. с 11-00 до 15-00, вых.- воскресенье','2013-10-07 15:06:43',9,0,0,0,'','Туристическое агентство TUI','бульвар Гагарина д 2/9. пн-пт с 10-00 до 19-00, суб. с 11-00 до 15-00, вых.- воскресенье',0),(221,'ООО ТК «РегионТур»','','ул. Кловская д.11','','','','','Туристическая компания. пн-пт.: с 10-00 до 19-00, сб.: с 10-00 до 15-00, вых.: вс.','2013-10-07 15:06:43',9,0,0,0,'32.001602,54.775667','ООО ТК «РегионТур»','Туристическая компания. пн-пт.: с 10-00 до 19-00, сб.: с 10-00 до 15-00, вых.: вс.',0),(222,'Туристическое агентство «Клуб путешествий»','','ул.Николаева д.20','','',' 320-740','','пн.-пт.: С10-00 до 17-00, сб: с 11-00 до 17-00, вых.: вс','2013-10-07 15:06:43',9,0,0,0,'32.035890,54.773304','Туристическое агентство «Клуб путешествий»','пн.-пт.: С10-00 до 17-00, сб: с 11-00 до 17-00, вых.: вс',0),(223,'Туристическая компания \"ЭКЗОТИКА\"','','г. Смоленск, ул. Рыленкова, д. 35 Б','','',' 61-27-32','','режим работы: пн- сб, с 10:00 до 19:00, вых. - воскресение','2013-10-07 15:06:43',9,0,0,0,'32.101638,54.761535','Туристическая компания \"ЭКЗОТИКА\"','режим работы: пн- сб, с 10:00 до 19:00, вых. - воскресение',0),(224,'Туристическое агентство \"Лазурный берег\"','','Смоленск, ул. Нормандия-Неман, д.9. кв 218','','','','','режим работы: пн – пт, с 10:00 – 19:00, сб с 10:00 – 15:00, вых. вс','2013-10-07 15:06:43',9,0,0,0,'32.017196,54.774660','Туристическое агентство \"Лазурный берег\"','режим работы: пн – пт, с 10:00 – 19:00, сб с 10:00 – 15:00, вых. вс',0),(225,'Туристическое агентство \"НиЛ\"','','г.Смоленск б-р Гагарина, д.2/9','','','','','режим работы с 10 до 19, вых.- воскресенье, тел: 32-78-11','2013-10-07 15:06:43',9,0,0,0,'32.047694,54.774831','Туристическое агентство \"НиЛ\"','режим работы с 10 до 19, вых.- воскресенье, тел: 32-78-11',0),(226,'Туристическое агентство \"Престиж\"','','г.Смоленск, ул. Кирова д.22 б., оф.24','','','','','режим работы пн- пт с 10:00 до 18:00, сб. с 11:00 до 15:00, вых.-воскресенье. тел: 59-46-73, 40-30-63','2013-10-07 15:06:43',9,0,0,0,'32.034965,54.768485','Туристическое агентство \"Престиж\"','режим работы пн- пт с 10:00 до 18:00, сб. с 11:00 до 15:00, вых.-воскресенье. тел: 59-46-73, 40-30-63',0),(227,'ООО \"Экскурсионное агентство \"Обзор\"','','г.Смоленск ,ул. Кирова д. 30а, режим работы: пн-пт: с10:00 до 19:00, сб 10:00 до','','','','','экскурсионные туры по Европе, отдых за границей. 15:00,вс - вых.. тел:38-16-51, 8-951-715-95-35','2013-10-07 15:06:43',9,0,0,0,'32.031228,54.769310','ООО \"Экскурсионное агентство \"Обзор\"','экскурсионные туры по Европе, отдых за границей. 15:00,вс - вых.. тел:38-16-51, 8-951-715-95-35',0),(228,'Туристическое агентство \"Веста-тур\"','','г. Смоленск, ул. Дзержинского д. 2 А','','',' 68-38-43, 68-40-43','','','2013-10-07 15:06:43',9,0,0,0,'32.048566,54.778357','Туристическое агентство \"Веста-тур\"','',0),(229,'Турагентство \"Клуб путешествий\"','','214000. г.Смоленск, пр-т Гагарина, д.5, 3-й этаж (вход Смолоблпотребсоюз)','','','','','внутренний и выездной туризм. Тел.: (4812) 38-58-48, 644-835. Режим работы: с 10.00-19.00. сб: с 11.00-17.00, вс - выходной','2013-10-07 15:06:43',9,0,0,0,'32.049051,54.776207','Турагентство \"Клуб путешествий\"','внутренний и выездной туризм. Тел.: (4812) 38-58-48, 644-835. Режим работы: с 10.00-19.00. сб: с 11.00-17.00, вс - выходной',0),(230,'Магазин «М-Люкс» торговый отдел «Травница»','с 10-00 до 20-00 ( воскр. с 11-00 до 17-00)','ул.Тухачевского д.7','','',' 8-903-649-09-01','','Товары для красоты и здоровья','2013-10-07 15:06:43',9,0,0,0,'32.056354,54.781332','Магазин «М-Люкс» торговый отдел «Травница»','Товары для красоты и здоровья',0),(232,'«Мир бильярда»','','г.Смоленск, ул. Рыленкова, д.40','','','63-67-78; 63-15-55','','Бильярды и аксессуары. (ТБЦ Кривич). С 11-00 до 19-00(вых – воскресенье)','2013-10-07 15:06:43',9,0,0,0,'32.102222,54.759036','«Мир бильярда»','Бильярды и аксессуары. (ТБЦ Кривич). С 11-00 до 19-00(вых – воскресенье)',0),(233,'Йога-студия «Рыба-Эге»','с 9-00 до 21-00, без выходных','г.Смоленск, ул.Багратиона,д.27','','',' 65-39-01','','','2013-10-07 15:06:43',9,0,0,0,'32.022676,54.779868','Йога-студия «Рыба-Эге»','',0),(234,'ООО «ЦСО»','с 10-00 до 18-00','г.Смоленск, ул.Чаплина д.3','','',' 38-48-74','','Кабинет экспресс – диагностики. Обследование организма, консультации специалистов. Пол-ка№1 каб.№11. суб. с 10-00 до14-00 (вых. - воскресенье)','2013-10-07 15:06:43',9,0,0,0,'32.063325,54.780564','ООО «ЦСО»','Кабинет экспресс – диагностики. Обследование организма, консультации специалистов. Пол-ка№1 каб.№11. суб. с 10-00 до14-00 (вых. - воскресенье)',0),(235,'Туристическое агентство «Горячие туры»','','г. Смоленск, ул. Дзержинского, д.11','','',' 38-10-97, 40-41-93','','Туристическое агентство. пн.-сб. с 11-00 до 19-00. вых. воскресенье','2013-10-07 15:06:43',9,0,0,0,'32.043580,54.779110','Туристическое агентство «Горячие туры»','Туристическое агентство. пн.-сб. с 11-00 до 19-00. вых. воскресенье',0),(236,'Все для саун','с 10-00 до 19-00, без выходных','г.Смоленск, ул.Бабушкина д.1 магазин 14','','',' (4812) 31-17-32','','Продажа материалов и аксессуаров для саун','2013-10-07 15:06:43',9,0,0,0,'32.085064,54.780018','Все для саун','Продажа материалов и аксессуаров для саун',0),(237,'Спортивный клуб «Lady Fitness»','с 9-00 до 20-00','г.Смоленск, пр-т. Гагарина, д.10/2','','',' 32-88-28','','Абонемент на групповые занятия. ДБ «Гамаюн» 6 этаж. суббота с11-00 до 15-00. вых.-воскресенье','2013-10-07 15:06:43',9,0,0,0,'32.045862,54.774950','Спортивный клуб «Lady Fitness»','Абонемент на групповые занятия. ДБ «Гамаюн» 6 этаж. суббота с11-00 до 15-00. вых.-воскресенье',0),(238,'Фитнес-центр «Динамика»','с 7-00 до 22-00, без выходных','г.Смоленск, 4-й Краснофлотский пер., д. 4а','','',' (4812) 46-22-18','','Оказание спортивно-оздоровительных услуг','2013-10-07 15:06:43',9,0,0,0,'32.008869,54.786233','Фитнес-центр «Динамика»','Оказание спортивно-оздоровительных услуг',0),(239,'Туристическое агентство «СЕМЬ МОРЕЙ»','','г.Смоленск, ул. Николаева, д.20','','',' (4812) 320-740','','отдых и экскурсии во всех странах мира. пн-пт - с 10-00 до 19-00. суббота с 10-00 до 15-00. вых.-воскресенье','2013-10-07 15:06:43',9,0,0,0,'32.035890,54.773304','Туристическое агентство «СЕМЬ МОРЕЙ»','отдых и экскурсии во всех странах мира. пн-пт - с 10-00 до 19-00. суббота с 10-00 до 15-00. вых.-воскресенье',0),(240,'Салон путешествий «Поехали вместе»','','г.Смоленск, ул.Глинки, д.4А (во дворе Дворца бракосочетания)','','',' (4812) 38-51-15, 8-951-694-77-47','','корпоративные, детские и семейные туры, туры по всему миру. пн.-пт.: с 9-00 до 19-00. сб.: с 9-00 до 18-00. воскр.: с 9-00 до 16-00','2013-10-07 15:06:43',9,0,0,0,'32.048826,54.779655','Салон путешествий «Поехали вместе»','корпоративные, детские и семейные туры, туры по всему миру. пн.-пт.: с 9-00 до 19-00. сб.: с 9-00 до 18-00. воскр.: с 9-00 до 16-00',0),(241,'«Натали Турс»','','','','',' (4812) 30-25-00','','туристическое агентство. пн.-сб.: с 10-00 до 19-00. воскр.: с 11-00 до 17-00. бонус 2%','2013-10-07 15:06:43',9,0,0,0,'','«Натали Турс»','туристическое агентство. пн.-сб.: с 10-00 до 19-00. воскр.: с 11-00 до 17-00. бонус 2%',0),(242,'Смоленский подводный клуб «Мастер Дайвер»','с 10-00 до 22-00, без выходных','','','',' 8 (915) 647-38-37','','популяризация дайвинга, обучение дайвингу, фридайвинг','2013-10-07 15:06:43',9,0,0,0,'','Смоленский подводный клуб «Мастер Дайвер»','популяризация дайвинга, обучение дайвингу, фридайвинг',0),(243,'ООО \"Лоцман\"','с 9-30 до 18-00','г.Смоленск, ул.Н.-Неман,д.4','','','35-31-28','','Рекламное Агентство «Лоцман». Полиграфические услуги. выходные – суббота,воскресенье','2013-10-07 15:06:43',9,0,0,0,'31.953003,54.787552','ООО \"Лоцман\"','Рекламное Агентство «Лоцман». Полиграфические услуги. выходные – суббота,воскресенье',0),(244,'ООО «Супер Типография»','','г.Смоленск, ул.Маяковского, 5а, кв.1','','',' 38-27-28, 38-89-55.','','Полиграфические услуги. С 9-00 до 18-00. выходной- суббота, воскресенье','2013-10-07 15:06:43',9,0,0,0,'32.049464,54.781327','ООО «Супер Типография»','Полиграфические услуги. С 9-00 до 18-00. выходной- суббота, воскресенье',0),(245,'Рекламное агентство «PAPAYA»','','ул.Раевского,д.10','','','','','Полиграфия, наружная реклама. (4812) 404-311. С 10-00 до 19-00. вых. суббота, воскресенье','2013-10-07 15:06:43',9,0,0,0,'32.051826,54.771170','Рекламное агентство «PAPAYA»','Полиграфия, наружная реклама. (4812) 404-311. С 10-00 до 19-00. вых. суббота, воскресенье',0),(246,'Рекламно-производственная компания «РЕК.А»','с 10-00 до 18-00','г.Смоленск, ул. Верхне-Сенная, д.4','','',' 20-17-20, 20-17-21','','Рекламная деятельность оперативная полиграфия, наружная реклама. вых. суббота, воскресенье','2013-10-07 15:06:43',9,0,0,0,'32.054944,54.783933','Рекламно-производственная компания «РЕК.А»','Рекламная деятельность оперативная полиграфия, наружная реклама. вых. суббота, воскресенье',0),(250,'Администрация Смоленской области','','Ленина площадь, 1','www.admin-smolensk.ru','','(4812) 38−66−11','','Администрация области / края','2013-10-09 12:59:30',46,0,0,2,'32.045188,54.783746','','',0),(251,'Администрация г. Смоленска','','Октябрьской Революции, 1','www.smoladmin.ru','','(4812) 38−19−13','','Администрация города / городского округа','2013-10-09 12:59:00',46,0,0,1,'32.044397,54.780174','','',0),(252,'Администрация Смоленского района','','Маршала Конева проезд, 28е','www.smol-ray.ru','','(4812) 55−24−75','','Администрации районов / округов региональной власти','2013-10-09 12:59:30',46,0,0,0,'32.053057,54.765332','','',0),(253,'Администрация Заднепровского района','','12 лет Октября, 11','','','(4812) 27−11−05','','Администрации районов / округов городской власти','2013-10-09 12:59:30',46,0,0,0,'32.043553,54.803009','','',0),(254,'Администрация Ленинского района','','Карла Маркса, 14','','','(4812) 38−53−42','','Администрации районов / округов городской власти','2013-10-09 12:59:30',46,0,0,2,'32.041711,54.782936','','',0),(255,'Администрация Промышленного района','','Маршала Конева проезд, 28е','','','(4812) 55−61−23','','Администрации районов / округов городской власти','2013-10-09 12:59:30',46,0,0,0,'32.053057,54.765332','','',0),(262,'Управление Министерства юстиции РФ по Смоленской области','','Большая Советская, 30 — вход со двора','to67.minjust.ru','fedregistr67@inbox.ru','факс (4812) 20−97−29 — приемная','','Федеральные службы','2013-10-09 12:59:00',47,0,0,3,'32.053812,54.784925','','',0),(264,'Управление судебного департамента в Смоленской области','','Запольный пер, 5а — 1-3 этаж','usd.sml.sudrf.ru','usd.sml@sudrf.ru','(4812) 64−73−94 — приемная','','Федеральные службы','2013-10-09 12:59:30',47,0,0,0,'32.064169,54.775651','','',0),(265,'ОМЕГА, ООО, частное охранное предприятие','','Попова, 5','www.omega67.ru','omega97@live.ru','(4812) 40-18-54','','Услуги охраны, Системы безопасности и охраны, Монтаж охранно-пожарных систем.','2013-10-09 12:59:00',48,0,0,2,'32.085810,54.776477','','',0),(266,'Валькирия, ООО, охранное предприятие','','Рославльское шоссе 5 км, 4 к1','www.valkyrie-smolensk.ru','mail@valkyrie-smolensk.ru','(4812) 69−27−72','','Услуги охраны, Монтаж охранно-пожарных систем','2013-10-09 12:59:00',48,0,0,2,'32.092736,54.734627','','',0),(267,'Гарант-К, частное охранное предприятие','','Марии Октябрьской, 16 — 306 офис; 3 этаж','','','(4812) 59-92-96','','Услуги охраны','2013-10-09 12:59:00',48,0,0,0,'32.057872,54.762049','','',0),(268,'Пересвет, группа охранных предприятий','','Нарвская, 19','peresvetsml-osn@yandex.ru','','(4812) 65-25-35','','Услуги охраны, Монтаж охранно-пожарных систем','2013-10-09 12:59:30',48,0,0,0,'32.027806,54.780024','','',0),(269,'Арсенал-Запад, торгово-монтажная компания','','Кашена, 8','www.arsenalzapad.ru','arsenalsm@mail.ru','тел. (4812) 40−51−32, факс (4812) 27−18−34','','Системы безопасности и охраны, Противопожарное оборудование / инвентарь, Монтаж охранно-пожарных систем, Продажа / ремонт / установка домофонов, Огнезащитная обработка','2013-10-09 12:59:30',49,0,0,0,'32.045215,54.795463','','',0),(270,'Альт, ООО','','Нормандия-Неман, 8','www.gvardsm.ru','gvard-sm@yandex.ru','(4812) 61-10-40','','Юридическое обслуживание, Ведение дел в судах, Системы безопасности и охраны','2013-10-09 12:59:30',49,0,0,0,'32.020341,54.773205','','',0),(271,'Сфера безопасности, ООО, торговая компания','','Матросова, 9 — 3 офис; 1 этаж','','sfera-bezopasnosty@yandex.ru','(4812) 61-84-45','','Системы безопасности и охраны, Противопожарное оборудование / инвентарь','2013-10-09 12:59:30',49,0,0,1,'32.030285,54.765373','','',0),(272,'Отдел полиции №1, Управление МВД России по г. Смоленску','','Гагарина проспект, 15','','','(4812) 38-05-45','','Отделение полиции','2013-10-09 12:59:30',50,0,0,7,'32.047622,54.773205','','',0),(273,'Отдел полиции №2, Управление МВД России по г. Смоленску','','Ново-Московская, 3','','','(4812) 27-14-47','','Отделение полиции','2013-10-09 12:59:30',50,0,0,0,'32.054665,54.795489','','',0),(276,'Смоленский банк, ОАО','','25 Сентября, 42 — 1 этаж','www.sbbg.ru','','(4812) 206−720','','Кассы обмена валют, Ипотечное  Жилищное кредитование','2013-10-09 12:59:00',28,0,0,0,'32.084893,54.768817','','',0),(277,'Банк ВТБ, ОАО, филиал в г. Смоленске','','Гагарина проспект, 5а','vtb.ru','','тел. 8−800−200−77−99','','Кассы обмена валют, Ипотечное  Жилищное кредитовани','2013-10-09 12:59:30',28,0,0,0,'32.049985,54.776233','','',0),(278,'Содействие, кредитный потребительский кооператив','','Октябрьской Революции, 9 к2 — 301 офис; 3 этаж','okk@smolfinance.ru','www.smolfinance.ru','(4812) 68−35−38','','Кредитные потребительские кооперативы граждан','2013-10-09 12:59:00',51,0,0,0,'32.044927,54.775033','','',0),(279,'Союз, кредитный потребительский кооператив','','Кирова, 27в','www.kpksoyuz.ru','kuzmitskaya83@mail.ru','тел. 8−800−700−90−29','','Кредитные потребительские кооперативы граждан','2013-10-09 12:59:30',51,0,0,0,'32.036232,54.769316','','',0),(281,'АльфаСтрахование, ОАО, страховая компания','','Твардовского, 17','alfastrah.ru','','(4812) 64−74−62','','Страхование','2013-10-09 12:59:30',52,0,0,0,'32.065077,54.778429','','',0),(282,'Ингосстрах, страховая компания, филиал в г. Смоленске','','Студенческая, 7','ingos.ru','','(4812) 68−33−63','','Страхование','2013-10-09 12:59:30',52,0,0,0,'32.046634,54.789794','','',0),(283,'Росгосстрах, ООО, филиал в Смоленской области','','Энгельса, 23а','rgs.ru','','(4812) 38−65−66','','Страхование','2013-10-09 12:59:30',52,0,0,0,'32.064547,54.780735','','',0),(284,'Губернский, культурный центр','','Маршала Жукова, 4 — 2 этаж','www.gubernskiy.com','gubernsky@mail.ru','(4812) 38−66−87','','Рестораны, Кейтеринг, Ночные клубы, Доставка готовых блюд','2013-10-09 12:59:00',23,0,0,6,'32.058492,54.779452','','',0),(285,'А-клуб, альтернативный музыкальный клуб','','Кирова, 29Б к1','www.a1club.ru','','(4812) 35−87−56','','Ночные клубы','2013-10-09 12:59:30',23,0,0,3,'32.039627,54.769918','','',0),(286,'Gold, ночной клуб','','Николаева, 30','www.chaoitalia.ru','','(4812) 67−67−76','','Ночные клубы','2013-10-09 12:59:30',53,0,0,3,'32.028892,54.772333','','',0),(287,'Орхидея, культурно-развлекательный комплекс','','Шевченко, 69а','www.orhideyasml.ru','','(4812) 62−29−29','','Рестораны, Бильярдные залы, Караоке-залы','2013-10-09 12:59:30',53,0,0,0,'32.076791,54.776093','','',0),(288,'Семь-40, развлекательно-гостиничный комплекс','','Краснинское шоссе, 35','www.sem-40.ru','ooosem-40@mail.ru','(4812) 64−87−77','','Гостиницы, Рестораны, Бары','2013-10-09 12:59:00',53,0,0,1,'31.988226,54.769461','','',0),(289,'HAGEN, ресторанный комплекс','','Николаева, 73а','www.hagenbeer.ru','','(4812) 61−96−15','','Рестораны, Караоке-залы, Доставка готовых блюд, Кейтеринг','2013-10-09 12:59:00',53,0,0,0,'32.014106,54.767757','','',0),(290,'Галактика, торгово-развлекательный центр','','Ново-Московская, 2/8 ст. 2','www.trcgalaktika.ru','','(4812) 30-47-08','','Торгово-развлекательные центры / Моллы','2013-10-09 12:59:00',54,0,0,0,'32.053003,54.794336','','',0),(291,'РИО, торгово-развлекательный центр','','Рыленкова, 18','www.riomall.ru','tcrio@inbox.ru','(4812) 25-01-27','','Торгово-развлекательные центры / Моллы','2013-10-09 12:59:30',54,0,0,0,'32.096940,54.761311','','',0),(292,'АФРИКАНА, детский парк развлечений','','Кирова, 33а — 2 этаж','www.afrikana-park.ru','afrikana-park@yandex.ru','(4812) 39-00-00','','Детские игротеки','2013-10-09 12:59:30',55,0,0,4,'32.042897,54.769217','','',0),(293,'Бизнес Тревел, туристическое агентство','','Гагарина проспект, 10 — 420 офис; 4 этаж','www.tour-group.ru','info@tour-group.ru','(4812) 32−51−54','','Туристические агентства, Авиабилеты','2013-10-09 12:59:30',56,0,0,0,'32.045862,54.774950','','',0),(294,'Клуб путешествий, турагентство','','Гагарина проспект, 5 — 3 этаж','','clubpts@gmail.com','(4812) 64-48-35','','Туристические агентства','2013-10-09 12:59:30',56,0,0,0,'32.049051,54.776207','','',0),(295,'Смоленсктурист, ООО, туристическая фирма','','Ленина, 16 — 2 этаж; вход с ул. Ленина','','smolenskturist@yandex.ru','(4812) 38-91-64','','Туристические агентства, Туроператоры, Организация экскурсий по городу','2013-10-09 12:59:30',56,0,0,0,'32.051826,54.782495','','',0),(296,'ДИЛИЖАНС, автомагазин','','Гагарина проспект, 22 — левое крыло','','dilizhans@kameyacompany.ru','(4812) 64-56-92','','Автозапчасти для иномарок, Автохимия / Масла, Автошины / Диски, Автомобильные аккумуляторы, Автоаксессуары','2013-10-09 12:59:30',57,0,0,4,'32.046419,54.766906','','',0),(297,'Магазин автозапчастей для иномарок, ООО Регион','','Генерала Паскевича, 3','','smol_region@yandex.ru','(4812) 40-90-52','','Автозапчасти для иномарок','2013-10-09 12:59:30',57,0,0,0,'32.098701,54.761041','','',0),(298,'Форсаж, магазин автозапчастей для иномарок','','Витебское шоссе, 70','','','(4812) 27-38-37','','Автозапчасти для иномарок','2013-10-09 12:59:30',58,0,0,0,'32.015310,54.798213','','',0),(299,'АВТОДЕЛО, автотехцентр','','Хлебозаводской пер, 7','www.автодело.рф','','(4812) 31-33-06','','Авторемонт и техобслуживание (СТО), Антикоррозийная обработка автомобилей, Ремонт / заправка автокондиционеров, Ремонт ходовой части автомобиля, Ремонт автоэлектрики','2013-10-09 12:59:30',58,0,0,0,'32.067062,54.768100','','',0),(300,'Премьер Авто, автоцентр LADA, ООО Лада Центр Смоленск','','Кутузова, 15Б к1','www.premier-auto.lada.ru','lada@autosmol.ru','(4812) 70−00−30','','Продажа легковых автомобилей, Автозапчасти для отечественных автомобилей, Авторемонт и техобслуживание (СТО), Кузовной ремонт, Ремонт автоэлектрики','2013-10-09 12:59:30',58,0,0,0,'32.051871,54.822838','','',0),(301,'PRO АВТО, сервисный центр','','Брянская 1-я, 1б','pro-avto-smolensk.neobroker.ru','stat78mik77@mail.ru','8-910-789-61-79','','Авторемонт и техобслуживание (СТО), Ремонт АКПП, Аппаратная замена масла','2013-10-09 12:59:00',58,0,0,0,'32.063612,54.760319','','',0),(302,'Автошкола, ДОСААФ России','','Николаева, 11','www.dosaaf-smolensk.ru','','(4812) 59-95-83','','Автошколы','2013-10-09 12:59:30',59,0,0,0,'32.041181,54.773372','','',0),(303,'Смоленская автошкола, НОУ ДПО','','Попова, 10а','www.sash67.ru','sash67ru@yandex.ru','(4812) 46−04−31','','Автошколы','2013-10-09 12:59:30',59,0,0,0,'32.081471,54.774296','','',0),(304,'Автошкола, Всероссийское общество автомобилистов','','Краснофлотский 2-й пер, 40а','www.voa-67.ru','smolensk_voa@mail.ru','(4812) 40−59−89','','Автошколы','2013-10-09 12:59:30',59,0,0,0,'32.014771,54.784956','','',0),(306,'Магнит, сеть супермаркетов, ЗАО Тандер','','25 Сентября, 30в','www.magnit-info.ru','','8−800−200−90−02','','Супермаркеты','2013-10-09 12:59:30',61,0,0,0,'32.075614,54.767129','','',0),(307,'Микей, сеть супермаркетов','','Багратиона, 7','mikei.ru','mikei9091@mail.ru','(4812) 20−95−01','','Супермаркеты','2013-10-09 12:59:30',61,0,0,0,'32.026737,54.773875','','',0),(308,'Пятерочка, сеть супермаркетов','','Кирова, 29Б к1','www.pyaterochka.ru','','8−800−555−55−05','','Супермаркеты','2013-10-09 12:59:30',61,0,0,0,'32.039627,54.769918','','',0),(309,'Аудит-Информ, ООО, аудиторская фирма','','Исаковского, 5 — 205 офис; 2 этаж','','','(4812) 68−30−07','','Аудиторские услуги','2013-10-09 12:59:30',62,0,0,0,'32.057046,54.778466','','',0),(310,'Бизнес-Аудит, ООО, аудиторско-бухгалтерская фирма','','Верхне-Сенная, 4 — 410 офис; 4 этаж','www.biznes-audit.com','ooobiznes-audit@mail.ru','(4812) 38−87−92','','Аудиторские услуги, Бухгалтерские услуги','2013-10-09 12:59:30',62,0,0,0,'32.066083,54.811550','','',0),(311,'Смоленскаудит, ООО, аудиторская компания','','Индустриальная, 2 — 909 офис; 9 этаж','www.oak-group.ru','info@oak-group.ru','(4812) 31−74−78','','Аудиторские услуги','2013-10-09 12:59:30',62,0,0,0,'32.103489,54.770375','','',0),(312,'СмолБизнесКонсалтинг: создание и развитие бизнеса, ООО','','Индустриальная, 2 — 901 офис; 9 этаж','www.smolbc.ru','','(4812) 40−55−04','','Управленческий консалтинг, Финансовый консалтинг, Бухгалтерские услуги, Юридическое обслуживание','2013-10-09 12:59:30',63,0,0,0,'32.103489,54.770375','','',0),(313,'Учебно-информационный центр, ООО, консалтинговая компания','','Вяземская, 42','','kncentre@mail.ru','(4812) 40−65−96','','Финансовый консалтинг','2013-10-09 12:59:30',63,0,0,0,'32.025964,54.786155','','',0),(314,'Эрудит-Консалт, консалтинговая компания','','Вяземская 2-я, 4','www.smollawyer.ru','381140@gmail.com','(4812) 24−40−01','','Юридическое обслуживание, Ведение дел в судах, Регистрация / ликвидация предприятий, Оформление недвижимости / земли, Бухгалтерские услуги, Финансовый консалтинг, Оценка собственности, Защита авторских прав, Коллекторские услуги, Регистрация ценных бумаг, Таможенное оформление','2013-10-09 12:59:30',63,0,0,0,'32.026853,54.782952','','',0),(315,'Адвокатская палата Смоленской области','','Большая Советская, 13','','','(4812) 38−17−90','','Ведение дел в судах, Регистрация / ликвидация предприятий, Юридическое обслуживание, Оформление недвижимости / земли','2013-10-09 12:59:30',64,0,0,3,'32.054054,54.785018','','',0),(317,'ГарантЪ, коллегия адвокатов','','Тухачевского, 12 — 1 этаж','','klimsvet@list.ru','(4812) 67−30−21','','Юридическое обслуживание, Ведение дел в судах','2013-10-09 12:59:30',64,0,0,0,'32.057315,54.780797','','',0),(318,'Гнездовский завод ЖБИ, ООО','','Гнездово микрорайон, 2','www.smolzavod.ru','smolzavod@mail.ru','(4812) 42−52−42','','Железобетонные изделия, Бетон / Раствор, Заборы / Ограждения, Строительные блоки, Материалы для дорожного строительства','2013-10-09 12:59:30',6,0,0,1,'31.813638,54.782080','','',0),(319,'ГРАЖДАНСТРОЙ, группа компаний','','Трамвайный проезд, 14','www.grajdanstroy.ru','sale@grajdanstroy.ru','(4812) 55−59−45','','Жилищное строительство, Кирпич, Железобетонные изделия, Песок / Щебень, Сантехника / Санфаянс','2013-10-09 12:59:30',6,0,0,0,'32.070556,54.769606','','',0),(320,'Кристалл, ООО','','Исаковского, 5 — 205 офис','www.kristallsmolensk.com','kfkristal@mail.ru','(4812) 68−33−11','','Обработка алмазов и бриллиантов','2013-10-09 12:59:00',6,0,0,1,'32.057046,54.778466','','',0),(321,'Аналитприбор, Смоленское производственное объединение','','Бабушкина, 3','www.analitpribor-smolensk.ru','info@analitpribor-smolensk.ru','(4812) 31−11−68','','Газовое оборудование','2013-10-09 12:59:30',6,0,0,0,'32.088307,54.778346','','',0),(322,'Бахус, торгово-производственная компания','','Карачевский пер, 4','www.sbahus.ru','','тел. (4812) 27−15−49','','Алкогольные напитки','2013-10-09 12:59:30',6,0,0,0,'32.025155,54.795432','','',0),(323,'Уромед, ООО, многопрофильная клиника','','Маршала Соколовского, 18/1','www.uromed.org','registratura@uromed.org','(4812) 59−09−09','','Многопрофильные медицинские центры, Диагностические центры, Медицинские лаборатории, Пластическая хирургия, Услуги гинеколога, Услуги дерматовенеролога, Услуги детских специалистов, Лечение ЛОР-заболеваний, Услуги гастроэнтеролога, Услуги кардиолога, Услуги маммолога, Услуги онколога, Услуги невролога, Услуги эндокринолога, Физиотерапия, Рефлексотерапия, Услуги уролога / андролога, Услуги аллерголога / иммунолога, Услуги трихолога','2013-10-09 12:59:30',65,0,0,0,'32.074716,54.764833','','',0),(324,'Смоленская областная клиническая больница','','Гагарина проспект, 27','www.smolokb.ru','','(4812) 55−55−14','','Больницы','2013-10-09 12:59:30',65,0,0,0,'32.046985,54.763301','','',0),(325,'Клиническая больница скорой медицинской помощи','','Тенишевой, 9','www.smol-kbsmp.ru','','(4812) 55−90−51','','Больницы','2013-10-09 12:59:30',65,0,0,0,'32.054081,54.775994','','',0),(326,'Губернский Центр охраны зрения, ООО, медицинский центр','','Нормандия-Неман, 25 — 2 этаж; вход с торца','www.gcoz.gorod67.ru','gcoz@yandex.ru','(4812) 64−23−75','','Коррекция зрения / Лечение офтальмологических заболеваний','2013-10-09 12:59:30',65,0,0,0,'32.016343,54.777090','','',0),(327,'Олимп, сеть салонов красоты','','Крупской, 43/2','','ollimp67@yandex.ru','(4812) 55−26−55','','Ногтевые студии, Студии загара, Косметические услуги, Парикмахерские','2013-10-09 12:59:30',66,0,0,0,'32.063406,54.766142','','',0),(328,'Апельсин, студия красоты','','Гагарина проспект, 10 — 441 офис; 4 этаж','','apelsin441@yandex.ru','(4812) 46−09−71','','Услуги визажиста, Ногтевые студии, Парикмахерские','2013-10-09 12:59:30',66,0,0,0,'32.045862,54.774950','','',0),(329,'Для тебя, имидж-студия','','Крупской, 43 — 3 этаж; ТЦ Европа','','studiyan1@mail.ru','(4812) 63−23−10','','Услуги визажиста, Ногтевые студии, Косметические услуги, Парикмахерские','2013-10-09 12:59:30',66,0,0,0,'32.062669,54.766937','','',0),(330,'Таксишка, служба заказа легкового транспорта','','Краснинское шоссе, 37 — 23-24 офис; 2 этаж','www.taxishka.ru','','(4812) 20−20−20','','Заказ пассажирского легкового транспорта','2013-10-09 12:59:30',67,0,0,0,'31.984174,54.770687','','',0),(331,'АЛЕКС, ООО, транспортная компания','','Краснофлотский 3-й пер, 12','www.aleks-avto.ru','mail@aleks-avto.ru','(4812) 40−30−68','','Заказ пассажирского легкового транспорта, Междугородные автогрузоперевозки, Услуги грузчиков, Городские автогрузоперевозки, Заказ спецтехники','2013-10-09 12:59:30',67,0,0,0,'32.009040,54.791180','','',0),(332,'Мото-Мото, такси','','Матросова, 12а','www.moto-moto.ru','info@moto-moto.ru','(4812) 40−40−40','','Заказ пассажирского легкового транспорта, Городские автогрузоперевозки','2013-10-09 12:59:30',67,0,0,0,'32.029485,54.766667','','',0),(333,'Билайн, телекоммуникационная компания','','Кашена, 6','www.beeline.ru','','8−800−700−80−00','','Интернет-провайдеры, Операторы сотовой связи, Мобильные телефоны, Аксессуары к мобильным телефонам','2013-10-09 12:59:30',68,0,0,0,'32.046077,54.795587','','',0),(334,'МАН сеть, ООО, интернет-провайдер','','Михайловская, 7','www.mannet.ru','','(4812) 40−20−00','','Интернет-провайдеры','2013-10-09 12:59:30',68,0,0,0,'32.058546,54.755856','','',0),(335,'Ростелеком, телекоммуникационная компания','','Нормандия-Неман, 25','www.domolink.ru','','8−800−100−08−00','','Интернет-провайдеры, IP-телефония, Услуги телефонной связи','2013-10-09 12:59:30',68,0,0,0,'32.016343,54.777090','','',0),(336,'Городское информационное агентство, МКУ','','Студенческая, 4','','smolinform@mail.ru','(4812) 35−06−78','','Размещение рекламы в СМИ, Дизайн рекламы, Размещение наружной рекламы','2013-10-09 12:59:30',69,0,0,1,'32.047982,54.790298','','',0),(337,'КАМЕЯ, ООО, рекламное агентство','','Гагарина проспект, 22 — 1 этаж; вход с торца','www.kameya-ra.ru','','(4812) 64−49−36','','Наружная реклама от \"Камея\", Изготовление рекламных конструкций, Размещение наружной рекламы, Оперативная полиграфия, Широкоформатная печать / УФ-печать, Изготовление бизнес-сувениров, Дизайн рекламы','2013-10-09 12:59:30',69,0,0,0,'32.044891,54.768526','','',0),(338,'Бизнес Класс, рекламное агентство','','Дохтурова, 3, 4 этаж','www.biznesklass.net','ra.biznesklass@yandex.ru','(4812) 24-44-12, (4812) 24-44-14','','Размещение наружной рекламы, Копирайтинг, Полиграфия, Брендинг, Веб-дизайн, Event-менеджмент, Организация мероприятий','2013-10-09 12:59:30',69,0,0,1,'32.042107,54.775953','','',0),(339,'Росводресурс, Московско-Окское бассейновое водное Управление Федерального агентства водных ресурсов','','Николаева, 12Б — 402, 408, 409 офис; 4 этаж','www.m-obvu.ru','smolensk@m-obvu.ru','факс (4812) 38−33−62, тел. (4812) 38−25−25','','Федеральные службы','2013-10-09 12:59:00',47,0,0,4,'32.025084,54.770952','','',0),(340,'Роспотребнадзор, Управление Федеральной службы по надзору в сфере защиты прав потребителей и благополучия человека по Смоленской области','','Тенишевой, 26','67.rospotrebnadzor.ru','sanepid2008@rambler.ru','тел. 8−800−100−90−50 — горячая линия, тел. (4812) 38−25−10 — приемная','','Федеральные службы','2013-10-09 12:59:00',47,0,0,2,'32.058528,54.770417','','',0),(341,'Росприроднадзор, Управление Федеральной службы по надзору в сфере природопользования по Смоленской области','','Николаева, 12Б','www.admin-smolensk.ru/~rpnsml','rpnsmol@mail.ru','факс (4812) 38−92−52','','Федеральные службы','2013-10-09 12:59:00',47,0,0,3,'32.040786,54.774395','','',0),(342,'Россельхознадзор, Управление Федеральной службы по ветеринарному и фитосанитарному надзору по Смоленской и Брянской области','','Кловская, 11','www.rshn32.ru','','тел. (4812) 66−75−25','','Федеральные службы','2013-10-09 12:59:30',47,0,0,1,'32.001602,54.775667','','',0),(343,'Ростехнадзор, Федеральная служба по экологическому, технологическому и атомному надзору','','Чаплина, 12 — 310, 311 офис; 3 этаж','','','тел. (4812) 55−27−86, факс (4812) 55−64−43','','Федеральные службы','2013-10-09 12:59:00',47,0,0,0,'32.064960,54.778814','','',0),(344,'Росфиннадзор, Территориальное Управление Федеральной службы финансово-бюджетного надзора в Смоленской области','','Дохтурова, 3 — 7 этаж','','','факс (4812) 65−41−82, тел. (4812) 65−01−61','','Федеральные службы','2013-10-09 12:59:00',47,0,0,0,'32.042107,54.775953','','',0),(345,'Управление по конвоированию УФСИН России по Смоленской области','','Соболева, 100','','','тел. (4812) 21−40−95','','Федеральные службы','2013-10-09 12:59:30',47,0,0,0,'32.090553,54.799392','','',0),(346,'Отделение по делам несовершеннолетних, Межмуниципальный отдел МВД России по г. Смоленску','','Витебское шоссе, 3/20 — 2 подъезд; вход со двора','','','(4812) 39−51−22','','Отделение полиции','2013-10-09 12:59:30',50,0,0,0,'32.049051,54.798655','','',0),(347,'Среднерусский банк Сбербанка России, ОАО, Смоленское отделение №8609, сеть обслуживания физических лиц','','Нормандия-Неман, 23','sbrf.ru','','8-800-555-550','','Кассы обмена валют, Ипотечное / Жилищное кредитовани','2013-10-09 12:59:30',28,0,0,0,'32.015885,54.776482','','',0),(348,'Деньги напрокат, микрофинансовая организация, ЗАО Кредитный союз','','Желябова, 1 — 16 павильон; 1 этаж; ТЦ БАЙКАЛ','www.money-rent.ru','info@money-rent.ru','тел. 8−800−700−47−00','','Микрофинансирование','2013-10-09 12:59:30',51,0,0,0,'32.044622,54.794451','','',0),(349,'Отдельный батальон ДПС ГИБДД, Управление МВД России по г. Смоленску','','Южный микрорайон, 75','','','(4812) 41−88−71','','ГИБДД','2013-10-09 12:59:30',70,0,0,4,'32.087768,54.739950','','',0),(350,'Ассоциация независимых юристов Смоленска, некоммерческое партнерство','','Гагарина проспект, 5а — 305 офис; 3 этаж; вход с торца','','smol_lawyers@mail.ru','(4812) 40−76−97','','Юридическое обслуживание, Ведение дел в судах, Регистрация / ликвидация предприятий','2013-10-09 12:59:30',64,0,0,0,'32.049985,54.776233','','',0),(351,'Гран Смоленск','','','','','','','','2013-10-11 15:11:55',71,0,0,0,'','','',0),(352,'Авто Бизнес Груп, ООО','','','','','','','','2013-10-11 15:11:55',71,0,0,0,'','','',0),(353,'Сбербанк России','','','','','','','','2013-10-11 15:11:55',71,0,0,0,'','','',0),(354,'АРС Групп, ООО','','','','','','','','2013-10-11 15:11:56',76,0,0,1,'','','',0),(355,'Multimarket','','','','','','','','2013-10-11 15:11:55',71,0,0,0,'','','',0),(356,'Eruditor Group','','','','','','','','2013-10-11 15:11:55',71,0,0,1,'','','',0),(357,'Деловые Линии','','','','','','','','2013-10-11 15:11:55',71,0,0,0,'','','',0),(358,'Компьютерный центр ИКС','','','','','','','','2013-10-11 15:11:56',73,0,0,0,'','','',0),(359,'Центральная Дистрибьюторская Компания','','','','','','','','2013-10-11 15:11:55',71,0,0,0,'','','',0),(360,'Кудашёва И. А.','','','','','','','','2013-10-11 15:11:56',71,0,0,0,'','','',0),(361,'ЛАКШЕРИ ЛАЙФ','','','','','','','','2013-10-11 15:11:56',73,0,0,0,'','','',0),(362,'Главбух Техподдержка','','','','','','','','2013-10-11 15:11:56',73,0,0,0,'','','',0),(363,'ЛАЗЕРТАГ','','','','','','','','2013-10-11 15:11:56',73,0,0,0,'','','',0),(364,'Приват Трэйд','','','','','','','','2013-10-11 15:11:56',73,0,0,0,'','','',0),(365,'ГУ - Центр по выплате пенсий ПФ РФ по Смоленской области','','','','','','','','2013-10-11 15:11:56',73,0,0,0,'','','',0),(366,'Гарант-Сервис-Смоленск','','','','','','','','2013-10-11 15:11:56',73,0,0,0,'','','',0),(367,'New Сontact, Call-центр','','','','','','','','2013-10-11 15:11:56',73,0,0,0,'','','',0),(368,'Злато Телеком-Смоленск','','','','','','','','2013-10-11 15:11:56',73,0,0,0,'','','',0),(369,'Аэроэкспресс, ООО','','','','','','','','2013-10-11 15:11:56',75,0,0,0,'','','',0),(370,'ПрофРезерв','','','','','','','','2013-10-11 15:11:56',75,0,0,0,'','','',0),(371,'Ostin','','','','','','','','2013-10-11 15:11:56',75,0,0,0,'','','',0),(372,'Оптовые поставки','','','','','','','','2013-10-11 15:11:56',75,0,0,0,'','','',0),(373,'Арс-групп','','','','','','','','2013-10-11 15:11:56',75,0,0,0,'','','',0),(374,'Крепежные изделия','','','','','','','','2013-10-11 15:11:56',75,0,0,0,'','','',0),(375,'Лама Голд Раша','','','','','','','','2013-10-11 15:11:56',75,0,0,0,'','','',0),(376,'Смоленские игрушки','','','','','','','','2013-10-11 15:11:56',75,0,0,0,'','','',0),(377,'Lider','','','','','','','','2013-10-11 15:11:56',77,0,0,0,'','','',0),(378,'Похваленый Ю. Ю, ИП','','','','','','','','2013-10-11 15:11:56',77,0,0,0,'','','',0),(379,'Клен','','','','','','','','2013-10-11 15:11:56',77,0,0,0,'','','',0),(380,'Успех-консалт','','','','','','','','2013-10-11 15:11:56',77,0,0,0,'','','',0),(381,'Иванов М. И.','','','','','','','','2013-10-11 15:11:56',77,0,0,0,'','','',0),(382,'ИнТерра ООО','','','','','','','','2013-10-11 15:11:56',77,0,0,0,'','','',0),(383,'Евроторг-Запад','','','','','','','','2013-10-11 15:11:56',77,0,0,0,'','','',0),(384,'Эшн','','','','','','','','2013-10-11 15:11:56',77,0,0,0,'','','',0),(385,'\"Гвард-СМ\", ООО','','Нормандия-Неман, 8','www.gvardsm.ru','gvard-sm@yandex.ru','(4812) 61-10-40','','Юридическое обслуживание, Ведение дел в судах, Системы безопасности и охраны.','2013-10-14 00:00:00',49,0,0,0,'32.020341,54.773205','','',0),(386,'ТехКлинингПроект','','ул. Солнечная','http://www.techclining.ru','','+7 (926)  2950632, +7 (968)  9427141 (факс)','','','2013-10-15 03:54:50',78,0,0,0,'','','',2),(387,'Магнит','','125195, г. Москва, Ленинградское шоссе, д. 59','http://www.magnit-info.ru','','+7 (861)  2109810','','&lt;div align=&quot;justify&quot;&gt;&amp;laquo;Магнит&amp;raquo; - крупнейшая розничная сеть в России по количеству магазинов и объему продаж. Сегодня число сотрудников Компании равно населению среднего российского города - 190 тысяч человек. Каждую неделю розничная сеть &amp;laquo;Магнит&amp;raquo; открывает около 300 новых рабочих мест.&lt;/div&gt;&lt;br&gt;\r\nКомпания была основана в 1994 году. На сегодняшний день &amp;laquo;Магнит&amp;raquo; - это национальная розничная сеть&amp;sbquo; насчитывающая более 6200 магазинов &amp;laquo;у дома&amp;raquo;&amp;sbquo; более 700 магазинов &amp;quot;Магнит-Косметик&amp;quot;&amp;sbquo; 132 гипермаркета и 21 магазин нового формата &amp;quot;Магнит&amp;quot;&amp;sbquo; расположенных более чем в 50 субъектах Российской Федерации. В состав Компании входит 18 распределительных центров и 18 автотранспортных предприятий.&lt;br&gt; &lt;br&gt; В 2013 году Компания планирует открыть более 1100 магазинов у дома&amp;sbquo; более 60 магазинов формата гипермаркет&amp;nbsp; и &amp;quot;Магнит Семейный&amp;quot;&amp;sbquo; 250 магазинов косметики&amp;sbquo; 4 распределительных центра и 4 автотранспортных предприятия.&lt;br&gt; &lt;br&gt; Такое стремительное развитие сети обеспечивают сотрудники самых разных профессий &amp;ndash; продавцы&amp;sbquo; товароведы&amp;sbquo; экономисты&amp;sbquo; финансисты&amp;sbquo; водители&amp;sbquo; специалисты по работе с персоналом&amp;sbquo; информационным технологиям&amp;sbquo; логистике&amp;sbquo; менеджеры разных уровней и многие другие.&lt;br&gt; &lt;br&gt; В Компанию охотно принимают выпускников колледжей и ВУЗов. Для студентов&amp;sbquo; совмещающих работу и учебу&amp;sbquo; предлагается гибкий рабочий график&amp;sbquo; неполный рабочий день. Большое значение в Компании придают уровню образования и профессиональной подготовки молодых специалистов. Разработаны специальные программы развития &amp;laquo;Молодежный проспект&amp;raquo; и &amp;laquo;Зеленый вход&amp;raquo;&amp;sbquo; ознакомиться с которыми Вы сможете на сайте компании www.magnit-info.ru.&lt;br&gt; &lt;br&gt; Ежегодно Компании требуются сотни менеджеров разных уровней &amp;ndash; такое динамичное развитие сети открывает перспективы для энергичных&amp;sbquo; инициативных и трудолюбивых сотрудников.&lt;br&gt;','2013-10-15 03:56:36',78,0,0,2,'','','',0),(388,'Новые перспективы, ООО. Школа домашнего персонала','','ул.Береговая, д.8','http://www.skola-personala.ru','','+7 (910)  4565316, +7 (495)  5000200 (факс)','','&amp;quot;Школа домашнего персонала &amp;quot;Новые перспективы&amp;quot; проводит бесплатные 10-ти и 5-ти дневные курсы обучения(теория\\практика) домашнего персонала в Москве с последующей гарантией его трудоустройства в московские семьи. Осуществляется предварительный отбор претендентов по результатам телефонного бесплатного анкетирования или посредством отправки заполненной Анкеты через сайт&lt;br&gt;&amp;nbsp;&lt;br&gt;Все расходы по 10-ти или 5-ти &amp;nbsp;дневному обучению(106 или 60 часов) домашнего персонала в &amp;quot;Московской Школе персонала &amp;quot;Новые перспективы&amp;quot; наша компания берет на себя.&lt;br&gt;','2013-10-15 03:58:51',78,0,0,0,'','','',2),(389,'Константа-А','','Дубининская, 71,стр.11','http://profreserv.ru','','+7 (495)  9843367, +7 (495)  9892109','','','2013-10-15 03:59:22',78,0,0,0,'','','',0),(390,'Бамос Трейд','','Фрунзенская наб. д. 26','http://bamos-treyd.ucoz.ru','','+7 (499)  2423130','','','2013-10-15 04:01:11',80,0,0,0,'','','',2),(391,'Группа компаний Деловые линии','','','http://www.dellin.ru','','+7 (800)  1008000','','&amp;laquo;Деловые Линии&amp;raquo; - это группа компаний&amp;sbquo; среди которых наиболее известны одноименная компания &amp;laquo;Деловые Линии&amp;raquo;&amp;sbquo; оказывающая услуги по перевозке сборных грузов&amp;sbquo; транспортная компания&amp;nbsp; &amp;laquo;ДЛ-Транс&amp;raquo;&amp;sbquo; специализирующаяся на доставке грузов еврофурами по всей территории России&amp;sbquo; компания &amp;laquo;ДЛ-Контакт&amp;raquo; - контакт-центр&amp;sbquo; располагающий&amp;nbsp; современным техническим&amp;nbsp; и программным оснащением&amp;sbquo; в котором работают более 400 профессиональных и специально подготовленных операторов.&lt;br&gt; Свой бизнес &amp;laquo;Деловые Линии&amp;raquo; развивают на основе концепции уважения к интересам и ценностям Клиентов&amp;sbquo; сотрудников и партнеров. Разработанные руководством эффективные стратегии развития и позиционирования на рынке принесли ощутимые позитивные результаты. В компании приняты современные клиентоориентированные стандарты обслуживания&amp;sbquo; разработаны транспортно-логистические маршруты&amp;sbquo; которые позволяют доставлять грузы в максимально сжатые сроки&amp;sbquo; политика ценообразования отличается продуманностью и подходит любым клиентам.&lt;br&gt; Мы регулярно открываем новые отделения и расширяем зону охвата. Каждый филиал компании &amp;laquo;Деловые Линии&amp;raquo; располагает логистическим терминалом с развитой инфраструктурой и всем необходимым техническим обеспечением. Грузовые терминалы предоставляют клиентам полный комплекс услуг по приему&amp;sbquo; обработке&amp;sbquo; складированию&amp;sbquo; хранению и отправке грузов. Также оказываются услуги по экспедированию и страхованию грузов.&lt;br&gt;','2013-10-15 04:01:23',82,0,0,0,'','','',0),(392,'GSR Employer','','125315, г. Москва, ул. Балтийская, дом 13','http://gsr-rabota.ru/','','+7 (495)  2151529, 8 (800)  5552363','','&lt;strong&gt;Почему стоит работать в&amp;nbsp;GSR Employer?&lt;/strong&gt;&lt;br&gt;&lt;br&gt; Компания&amp;nbsp;Global Staff Resource Employer&amp;nbsp;&amp;nbsp;&amp;ndash; это&amp;sbquo; прежде всего&amp;sbquo; большая и сплоченная команда единомышленников и профессионалов своего дела. Мы всегда рады видеть в наших рядах активных и целеустремленных людей&amp;sbquo; желающих найти подработку&amp;sbquo; а также начать или продолжить свою карьеру в крупной компании.&lt;br&gt; &amp;nbsp;&lt;br&gt; Компания&amp;nbsp;Global Staff Resource Employer&amp;nbsp;была основана в 1998 году. Мы гордимся тем&amp;sbquo; что наша компания является одним из лидеров на рынке аутсорсинга персонала в России&amp;sbquo; предоставляя свои услуги крупным отечественным и международным компаниям с мировым именем (Pepsi&amp;sbquo; Coca-Cola&amp;sbquo; Метро&amp;sbquo; LG&amp;sbquo; Икеа&amp;sbquo; Балтика&amp;sbquo; Ашан&amp;sbquo; Атак&amp;sbquo; Реал и т.д.).&lt;br&gt; &amp;nbsp;&lt;br&gt; В настоящее время в нашем штате работает свыше 5000 сотрудников на территории Москвы и Московской области&amp;sbquo; Санкт-Петербурга&amp;sbquo; Омска&amp;sbquo; Новосибирска&amp;sbquo; Казани&amp;sbquo; Самары&amp;sbquo; Тулы&amp;sbquo; Владимира&amp;sbquo; Липецкой и Калужской областей.&lt;br&gt;&lt;br&gt; Мы предлагаем Вам присоединиться к нашей команде&amp;sbquo; обретя при этом: стабильную и интересную работу рядом с домом&amp;sbquo; бесплатное обучение&amp;sbquo; удобный график работы&amp;sbquo; стабильно выплачиваемую заработную плату&amp;sbquo; улыбки и доброжелательное отношение коллег на протяжении всего рабочего дня.&lt;br&gt;&lt;br&gt; Работайте вместе с нами в направлении успеха! В получении более подробной информации Вам поможет корпоративный сайт компании www.gsr-rabota.ru&lt;br&gt;','2013-10-15 04:03:37',78,0,0,0,'','','',0),(393,'Ваш Персонал','','Наш офис: г. Москва, метро Марьина Роща, улица Сущевский Вал д.47, 2 этаж, вход через магазин','http://vashpers.ru','','+7 (495)  7770981','','','2013-10-15 04:04:27',78,0,0,0,'','','',2),(394,'Дрейк','','196031, Санкт-Петербург, Московский пр., д7А','','','','','','2013-10-15 04:05:31',78,0,0,0,'','','',2),(395,'ООО Интерра','','','','','+7 (906)  5187707','','','2013-10-15 04:06:05',84,0,0,0,'','','',0),(396,'Ремстройкомплект','','','http://www.rsk-spb.ru','','+7 (812)  3682341, +7 (812)  3682048 (факс)','','ООО &amp;laquo;Ремстройкомплект&amp;raquo; создано в 1997 году. Все эти 10 лет предприятие успешно развивалось&amp;sbquo; приобретая мощную технику&amp;sbquo; осваивая современные технологии&amp;sbquo; расширяя ассортимент и повышая качество продукции.&lt;br&gt;\r\n&lt;br&gt;\r\nДорожное строительство &amp;ndash; самое крупное направление нашей деятельности. Другие основные направления деятельности компании:&lt;br&gt;\r\n&lt;br&gt;\r\n- обеспечение строительных площадок города строительной&amp;sbquo; спецтехникой и автотранспортном;&lt;br&gt;\r\n&lt;br&gt;\r\n- строительство зданий и сооружений&amp;sbquo; коттеджное строительство;&lt;br&gt;\r\n&lt;br&gt;\r\n- продажа строительных материалов&amp;sbquo; щебня&amp;sbquo; песка&amp;sbquo; бетона&amp;sbquo; асфальтобетонных смесей с доставкой до объекта заказчика;&lt;br&gt;\r\n&lt;br&gt;\r\n- перевозка грузов по России.&lt;br&gt;\r\n&lt;br&gt;\r\nВ фирме используется самая современная тяжелая техника зарубежных марок &amp;laquo;Вольво&amp;raquo;&amp;sbquo; &amp;laquo;Катерпиллер&amp;raquo;&amp;sbquo; &amp;laquo;Коматсу&amp;raquo;&amp;sbquo; &amp;laquo;Хитачи&amp;raquo;&amp;sbquo; &amp;laquo;Бобкет&amp;raquo;&amp;sbquo; &amp;laquo;Дунопак&amp;raquo;&amp;sbquo; &amp;laquo;Вирген&amp;raquo;&amp;sbquo; &amp;laquo;Хамм&amp;raquo;&amp;sbquo; &amp;laquo;Бомак&amp;raquo; для выполнения всего комплекса дорожных работ -  начиная от земляных и до установки дорожных знаков и разметки.. &lt;br&gt;\r\n&lt;br&gt;\r\nСегодня мы с гордостью говорим  - &amp;laquo;Нам 10 лет!&amp;raquo;. Все эти 10 лет предприятие успешно развивалось&amp;sbquo; обзаводясь мощной техникой&amp;sbquo; осваивая современные технологии&amp;sbquo; расширяя ассортимент и повышая качество продукции. Каждый год был частью неоценимого опыта в сфере строительства и реконструкции дорожного хозяйства.','2013-10-15 04:09:31',78,0,0,0,'','','',2),(397,'Кавалета','','','','','+7 (919)  9688885','','','2013-10-15 04:09:53',86,0,0,0,'','','',2),(398,'Билайн','','','http://beeline.ru','','','','&lt;br&gt;&amp;nbsp;&lt;br&gt;','2013-10-15 04:20:14',78,0,0,0,'','','',0),(399,'Группа компаний Евразия','','г. Москва, ул. Новая Басманная, д. 23Б, стр. 20, оф. &#8470; 303','','','+7 (926)  2351997','','','2013-10-15 04:23:19',78,0,0,0,'','','',0),(400,'Работа - это проСТО','','Краснобогатырская, 2/1','','','+7 (495)  9334063','','','2013-10-15 04:24:26',78,0,0,0,'','','',0),(401,'ООО &quot;ИМУ&quot;','','Бутырская ул., 62','http://www.action.ru','','+7 (495)  6623959','','&lt;strong&gt;Action &lt;/strong&gt;&amp;mdash; маркетинговое агентство&amp;sbquo; предоставляющее полный спектр трейдмаркетинговых услуг во всех торговых каналах ведущим компаниям-производителям и дистрибьюторам в России.&lt;br&gt;&lt;br&gt;В настоящий момент представительства &lt;strong&gt;Action &lt;/strong&gt;работают в 9 городах России&amp;sbquo; предоставляя услуги клиентам. &lt;br&gt;&lt;br&gt;Компания работает на постоянной основе с более чем 170 000 торговых точек во всех каналах дистрибуции на территории России.&lt;br&gt;&lt;br&gt;Клиенты &lt;strong&gt;Action &lt;/strong&gt;&amp;ndash; ведущие мультинациональные российские компании&amp;sbquo; работающие в области&lt;br&gt;FMCG и Non-FMCG. В их числе Вымпелком&amp;sbquo; Wrigley&amp;sbquo; Лебедянский&amp;sbquo; Nike&amp;sbquo; RedBull&amp;sbquo; Bosch и т.д.&lt;br&gt;&lt;br&gt;&lt;br&gt;&lt;br&gt;&lt;br&gt;&lt;br&gt;&lt;br&gt;&lt;br&gt;&lt;br&gt;&lt;br&gt;&lt;br&gt;&lt;br&gt;&lt;br&gt;','2013-10-15 04:26:16',78,0,0,0,'','','',0),(402,'Энтер','','Москва','http://my.enter.ru/community/job','','+7 (800)  7001222','','Почему ENTER?&lt;br&gt; Есть масса причин работать в ENTER. И как только ты переступишь порог нашего офиса&amp;sbquo; то сразу же в этом убедишься. Остановимся на самом интересном. &lt;br&gt;&lt;br&gt;1.&amp;nbsp;&amp;nbsp;&amp;nbsp; ВЫДЕЛЯЙСЯ&lt;br&gt;Будь собой:&amp;nbsp; верь&amp;sbquo; люби&amp;sbquo; одевайся&amp;sbquo; выгляди&amp;sbquo; как хочется тебе. Будь отличным!&lt;br&gt;&lt;br&gt;2.&amp;nbsp;&amp;nbsp;&amp;nbsp; ИГРАЙ&lt;br&gt;Вся жизнь &amp;ndash; игра&amp;sbquo; а работа &amp;ndash; это часть жизни. Пойти новым путем&amp;sbquo; найти друзей по хобби&amp;sbquo; сыграть в мафию&amp;sbquo; съездить на Кавказ или на регату в Тенерифе&amp;sbquo; заказать песню на ENTER-радио&amp;sbquo; принять участие в фотосессии &amp;ndash; с ENTER все реально!&lt;br&gt;&lt;br&gt;3.&amp;nbsp;&amp;nbsp;&amp;nbsp; РАЗДЕЛЯЙ&lt;br&gt;Общие ценности создают крепкие отношения. А крепкие отношения позволяют работать с драйвом.&lt;br&gt;&lt;br&gt;4.&amp;nbsp;&amp;nbsp;&amp;nbsp; ТВОРИ&lt;br&gt;Есть идеи&amp;sbquo; как сделать мир лучше? Говори &amp;ndash; в ENTER слышат тебя и дают все возможности для реализации ценных задумок!&lt;br&gt;&lt;br&gt;5.&amp;nbsp;&amp;nbsp;&amp;nbsp; УДИВЛЯЙ&lt;br&gt;Делай то&amp;sbquo; что до тебя еще никто не делал. Бросай себе вызов и достигай результатов&amp;sbquo; которых не ожидал от себя. Удивляй себя и окружающих. Делай wow! В ENTER любое wow &amp;ndash; это реальность!&lt;br&gt;&lt;br&gt;6.&amp;nbsp;&amp;nbsp;&amp;nbsp; ОБЩАЙСЯ&lt;br&gt;Общайся и обращайся! Ты в мире&amp;sbquo; где все открыты&amp;sbquo; доступны и понятны. В любой момент ты можешь задать вопрос и получить ответ даже у генерального директора.&lt;br&gt;&lt;br&gt;7.&amp;nbsp;&amp;nbsp;&amp;nbsp; ЗАРАБОТАЙ&lt;br&gt;За 3 года компания выберет 130 опционеров из числа сотрудников компании. Каждый&amp;sbquo; кто хорошо работает&amp;sbquo; приносит пользу&amp;sbquo; разделяет ценности и улучшает мир вокруг себя&amp;sbquo; сможет стать совладельцем ENTER!&lt;br&gt; &amp;nbsp;&lt;br&gt; Люди ENTER&lt;br&gt; В нашу Команду Мечты мы охотно и искренне приглашаем людей&amp;sbquo; которые:&lt;br&gt;&lt;br&gt;&amp;bull;&amp;nbsp;&amp;nbsp;&amp;nbsp; не боятся бросить себе вызов;&lt;br&gt;&amp;bull;&amp;nbsp;&amp;nbsp;&amp;nbsp; нацелены на результат&amp;sbquo; а не на работу с 9 до 18;&lt;br&gt;&amp;bull;&amp;nbsp;&amp;nbsp;&amp;nbsp; мечтают сделать что-то новое и оставить свой след в истории;&lt;br&gt;&amp;bull;&amp;nbsp;&amp;nbsp;&amp;nbsp; любят радовать и радоваться;&lt;br&gt;&amp;bull;&amp;nbsp;&amp;nbsp;&amp;nbsp; не опускают руки и не вешают нос;&lt;br&gt;&amp;bull;&amp;nbsp;&amp;nbsp;&amp;nbsp; умеют говорить правду и не боятся услышать правду о себе;&lt;br&gt;&amp;bull;&amp;nbsp;&amp;nbsp;&amp;nbsp; не разучились улыбаться и удивляться;&lt;br&gt;&amp;bull;&amp;nbsp;&amp;nbsp;&amp;nbsp; не боятся темноты;&lt;br&gt;&amp;bull;&amp;nbsp;&amp;nbsp;&amp;nbsp; могут стать надежной и крепкой опорой для своих коллег;&lt;br&gt;&amp;bull;&amp;nbsp;&amp;nbsp;&amp;nbsp; любят то&amp;sbquo; что они делают.&lt;br&gt;&lt;br&gt;Но самое главное &amp;ndash; мы ищем тех&amp;sbquo; кому не всё равно. Ведь нам не всё равно&amp;sbquo; как и с кем работать. Иначе мы бы просто не написали такой длинный текст.&lt;br&gt;','2013-10-15 04:28:26',78,0,0,0,'','','',2),(403,'Спортмастер','','ул.Кочновский пр-д д.4 .БЦ Авиатор','','','+7 (495)  7558143','','&lt;strong&gt;&amp;nbsp;&amp;nbsp;&amp;nbsp;&amp;nbsp; Группа компаний &amp;laquo;Спортмастер&amp;raquo;&lt;/strong&gt; была образована в 1997 году. Магазины сети представлены в Москве&amp;sbquo; Санкт-Петербурге&amp;sbquo; Киеве&amp;sbquo; Казани&amp;sbquo; Иванове&amp;sbquo; Нижнем Новгороде&amp;sbquo; Перми&amp;sbquo; Красноярске&amp;sbquo; Новосибирске&amp;sbquo; Ростове&amp;sbquo; Минске&amp;sbquo; Туле&amp;sbquo; Тюмени и во многих других городах России. В компании работает около 25 000 человек. &lt;br&gt;&amp;nbsp;&amp;nbsp;&amp;nbsp;&amp;nbsp; По общим показателям компания давно вошла в топ-10 мировых розничных спортивных сетей&amp;sbquo; а в России и на территории Восточной Европы прочно заняла первое место. Благодаря максимальному уровню обслуживания и разнообразному ассортименту спортивных товаров для активного отдыха&amp;sbquo; компания развивает успешный бизнес. Целью &amp;laquo;Спортмастера&amp;raquo; является предоставление покупателям как можно больше спортивных товаров известных марок по удобным ценам и лучшему качеству. &lt;br&gt;&amp;nbsp;&amp;nbsp;&amp;nbsp;&amp;nbsp; Компания стремится &amp;nbsp;быть ближе к покупателям&amp;sbquo; постоянно расширяя свою сеть: около 200 магазинов в более чем 70 городах России&amp;sbquo; десятки розничных точек на территории Украины&amp;sbquo; Белоруссии и Казахстана &amp;ndash; и это далеко не предел! &lt;br&gt;','2013-10-15 04:33:17',78,0,0,0,'','','',2),(404,'Праймбилд','','ул. Талалихина, дом 41, стр. 1','','','+7 (495)  2210536, +7 (916)  2281696','','','2013-10-15 04:35:11',78,0,0,0,'','','',0),(405,'Экспресс-Тори','','Ярославское шоссе д 120 Б корп 1','','','+7 (495)  2874012, +7 (495)  2874011 (факс)','','','2013-10-15 04:35:42',87,0,0,0,'','','',2),(406,'ЛИДЕР','','','http://rus-lider.ru/','','+7 (499)  6386141, +7 (926)  1499039, +7 (499)  6386141 (факс)','','','2013-10-15 04:36:48',78,0,0,0,'','','',2),(407,'TeleTrade','','г. Нижний Новгород, ул. Горького, 117 Бизнес Центр','http://www.teletrade.ru','','+7 (831)  2203001, +7 (831)  2203007','','За годы работы компания приобрела большой опыт сотрудничества со многими банками и брокерскими компаниями. Основным партнером и обслуживающим банком компании является один из лидеров мировой банковской элиты. Сегодня у компании TeleTRADE D.J. крупнейшая региональная сеть и передовые программные продукты&amp;sbquo; обеспечивающие клиентам качественный сервис.&lt;br&gt;','2013-10-15 04:37:10',78,0,0,0,'','','',2),(408,'НЦИТ','','ул. Нехинская 57 офис 65','http://novcit.ru','','+7 (8162)  946219 (факс)','','','2013-10-15 04:38:59',89,0,0,0,'','','',2),(409,'Завод Комплексные Дорожные Машины имени  М.И. Калинина','','','http://kdmsmolensk.ru','','+7 (4812)  271551','','Смоленский Завод Комплексные Дорожные Машины имени М.И. Калинина предлагает широкий спектр комбинированных дорожных машин для летнего и зимнего содержания дорог. Производственные мощности завода на данный момент составляют 120 ед. спецтехники в месяц при односменном режиме работы. Объем производства в 2007г. составил 700 ед.&amp;sbquo; в 2008г. &amp;ndash; 917 ед.&amp;sbquo; в 2009г. &amp;ndash; 536 ед.&amp;sbquo; в 2010г. &amp;ndash; 834 ед.&amp;sbquo; в 2011г. &amp;ndash; 912 ед.&amp;sbquo; в 2012г. &amp;ndash; 1256 ед..&lt;br&gt;&lt;br&gt;Наличие высококвалифицированного конструкторско-технологического персонала&amp;sbquo; постоянная работа над повышением качества дорожных машин позволяют предприятию оставаться лидером в области обеспечения дорожных хозяйств качественной современной техникой.&lt;br&gt;','2013-10-15 04:39:18',91,0,0,0,'','','',1),(410,'Транслайн','','','','','+7 (920)  3292090, +7 (4812)  358299 (факс)','','','2013-10-15 04:41:00',92,0,0,0,'','','',2),(411,'ООО &quot;СК ИМОНИКА&quot;','','Санкт-Петербург ул.Варшавская д.9  корп.1 литер А','http://www,sm-24.ru','','+7 (981)  7263729, +7 (812)  3860129 доб.1007, +7 (812)  3860130 доб.1007, +7 (812)  3860135 (факс)','','','2013-10-15 04:41:12',78,0,0,0,'','','',0),(412,'Рамос','','','http://sk-ramos.ru','','+7 (499)  9788570','','Компания &amp;laquo;РАМОС&amp;raquo;&amp;sbquo; созданная в 1993 году&amp;sbquo; имеет многолетний опыт строительства объектов нефтегазового комплекса&amp;sbquo; промышленных и гражданских объектов&amp;sbquo; как на территории России&amp;sbquo; так и за рубежом. &lt;br&gt;\r\n&lt;br&gt;\r\nКомпания является одним из основных подрядчиков ОАО &amp;laquo;Газпром&amp;raquo; в области строительства объектов нефтегазовой отрасли&amp;sbquo; выполняет работы по строительству промышленных зданий и сооружений&amp;sbquo; а также жилых домов и поселков со всей необходимой инфраструктурой. Компания является Лауреатом Государственной премии в области архитектуры и строительства.&lt;br&gt;\r\n&lt;br&gt;\r\nМы ответственны за благополучие&amp;sbquo;профессиональный и духовный рост наших сотрудников.','2013-10-15 04:47:13',78,0,0,0,'','','',2),(413,'живодров','','','','','+7 (4812)  250267','','','2013-10-15 04:48:12',94,0,0,8,'','','',3),(414,'ОРТОС','','ул. Исаковского д.24','http://www.ortos-smolensk.ru','','+7 (4812)  684125','','','2013-10-15 04:48:30',78,0,0,0,'','','',2),(415,'ООО КЛЕН','','ул. Комсомольская роща 39 ( на территории комбината СДВ)','','','+7 (953)  3350803','','','2013-10-15 04:48:53',95,0,0,0,'','','',0),(416,'Максиформ','','г. Смоленск, Краснинское шоссе, 41','http://maxiform.ru/','','+7 (4812)  619449, +7 (4812)  619444 (факс)','','Производство окон ПВХ Смоленск&amp;sbquo; была основана в 2005 году. За время существования на рынке светопрозрачных конструкций России мы успели зарекомендовать себя как одно из крупнейших&amp;sbquo; высокотехнологичных и перспективных производственных предприятий.&lt;br&gt;','2013-10-15 04:49:23',96,0,0,0,'','','',2),(417,'Фьюжн-Сервис','','г. МоскваУл. Балтийская дом 15, офис 521','http://www.fusion-service.ru','','+7 (495)  2293668 c 10-00 до 18-30, +7 (910)  8182482 c 10-00 до 18-30, +7 (919)  0721084 с 10-00 до 18-30, +7 (4872)  211223 (факс) с 10-00 до 18-30','','Группа компаний&amp;sbquo; в которую входит &amp;laquo;Fusion Service&amp;raquo; - команда молодых&amp;sbquo; активных профессионалов&amp;sbquo; работающих на рынке подбора и организации работы персонала. Мы работаем в Москве&amp;sbquo; Санкт-Петербурге&amp;sbquo; Туле&amp;sbquo; Калуге&amp;sbquo; Чехове&amp;sbquo; Серпухове&amp;sbquo; Подольске&amp;sbquo; Ярославле&amp;sbquo; Воронеже&amp;sbquo; и планируем значительно расширить географию нашей работы.&lt;br&gt;Сотрудники нашей компании: евент-менеджеры (event-managers)&amp;sbquo; психологи&amp;sbquo; педагоги&amp;sbquo; и у каждого из нас есть опыт работы в сфере организации различных по численности групп людей. За плечами специалистов нашей команды успешные проекты в сфере рекламы&amp;sbquo; событийного маркетинга&amp;sbquo; PR&amp;sbquo; аутсорсинга и многих других.&lt;br&gt;Уверены&amp;sbquo; что успех&amp;sbquo; достигнутый командой &amp;laquo;Fusion Service&amp;raquo; - это хорошая опора для наших будущих побед!&lt;br&gt;','2013-10-15 04:49:52',78,0,0,0,'','','',2),(418,'Филиал \"МИАТ\" ЗАО \"СУ-155\"','','ул. Каховка д. 18 к. 1','http://www.su155.ru/','','+7 (499)  7581253 Руководитель - Земцов Федор Борисович, +7 (916)  3647381, +7 (915)  3654952, +7 (499)  7581253 (факс)','','«СУ-155» – это современная диверсифицированная промышленно-строительная группа компаний и отраслевой лидер с вертикальной интеграцией бизнеса. \r\nГлавные направления работы Группы компаний «СУ-155»: строительство‚ промышленность строительных материалов‚ машиностроение‚ инвестиционная и коммерческая деятельность. В России и СНГ «СУ-155» ежегодно возводит около 1‚5 млн. кв. м жилых‚ социальных‚ офисных и торгово-развлекательных объектов более чем в 50 городах. В состав Группы входят 64 промышленных и строительных предприятия стройиндустрии в 17 городах России. Строительные проекты компании присутствуют в 50 городах России‚ СНГ и Европы. В Группе компаний трудится более 45 тыс. человек. Группа компаний является в строительной отрасли системообразующей структурой‚ которая обладает огромным производственным‚ промышленным‚  экспертным и научно-исследовательским ресурсом‚ что оказывает существенное влияние на развитие строительства и девелопмента в России. Размером и географией бизнеса Группа обуславливает свою важнейшую социальную роль в решении государственных задач по обеспечению населения‚ в т.ч. проблемных социальных групп‚ доступным жильем.ГК «СУ-155» является перспективным и стабильным по доходности объектом инвестиций. Управление долговой нагрузкой и привлечение финансирования осуществляется на соответствующем рынку уровне с опережением основных конкурентов по ряду показателей. Стратегическое и оперативное управление ГК «СУ-155» осуществляется менеджерами с более чем 20-летним опытом работы в строительной отрасли.','2013-10-15 04:50:00',78,0,0,0,'32.044128,54.782526','','',0),(419,'ООО ПРОФ-МЕДИУМ','','Октябрьская революция','','','+7 (4812)  633053','','','2013-10-15 04:50:42',91,0,0,0,'','','',0),(420,'ТИТАН','','','','','+7 (964)  6437497','','','2013-10-15 04:51:28',82,0,0,0,'','','',2),(421,'ООО','','Санкт-Петербург, ул.Пражская д.19','http://www.lion-s.ru','','+7 (921)  9525094','','','2013-10-15 04:53:11',98,0,0,1,'','','',0),(422,'Принцип Компани ИП Емельяненкова А. В.','','пр. Гагарина, д.5','http://principcomp.ru','','+7 (951)  6943683','','','2013-10-15 04:53:23',99,0,0,1,'','','',0),(423,'Хозстройинструмент','','Малоярославецкий район, д. Афанасово','http://opalubka-lesa.ru/','','+7 (48431)  25851, +7 (48431)  25850 (факс)','','ООО &amp;laquo;ПКФ Хозстройинструмент&amp;raquo; входит в группу компаний ХСИ&amp;sbquo; основное направление деятельности которой &amp;ndash; производство опалубочных систем&amp;sbquo; оцинкованных металлоконструкций и комплектация строительными материалами и оборудованием строительных объектов на территории всех регионов России. Основанная&amp;sbquo; в 2002 году&amp;sbquo; работая 7 лет на строительном рынке и имея в основе производственную базу с со&amp;not;временным технологическим уровнем&amp;sbquo; наше предприятие стремится ком&amp;not;плексно удовлетворять потребности заказчика в строительном оборудовании и металлокон&amp;not;струкциях различного назначения. Постоянно обновляемый и расширяемый парк нового оборудования от ведущих производителей позволяет изготавливать конструкции с высочайшей точностью и технологичностью. В настоящий момент ООО &amp;laquo;ПКФ ХозСтройИнструмент&amp;raquo; является лидером российского рынка по производству опалубки перекрытий и комплектующих к стеновой опалубке.','2013-10-15 04:54:36',78,0,0,0,'','','',0),(424,'СК \"Альянс\"','','','http://www.allianz.ru','','+7 (4812)  387223','','Allianz – это один из крупнейших финансово-страховых концернов в мире‚ который уже более 120 лет обеспечивает надежной страховой защитой около 78 миллионов клиентов более чем в 70 странах. Бизнес холдинга включает страхование‚ банковское дело и управление активами. По итогам 2011 года сборы Группы Allianz составили более 103‚6 млрд евро‚ а объем средств под управлением – свыше 1 трлн евро.','2013-10-15 04:54:00',101,0,0,0,'','','',1),(425,'СКС','','ул.Металлистов, д.3, 3 этаж,162611','','','+7 (8202)  596206, +7 (921)  6811334 Оксана, +7 (8202)  596323 (факс)','','','2013-10-15 04:55:09',78,0,0,0,'','','',2);
/*!40000 ALTER TABLE `companies` ENABLE KEYS */;
UNLOCK TABLES;

--
-- Table structure for table `companies_kind_activities`
--

DROP TABLE IF EXISTS `companies_kind_activities`;
/*!40101 SET @saved_cs_client     = @@character_set_client */;
/*!40101 SET character_set_client = utf8 */;
CREATE TABLE `companies_kind_activities` (
  `id` bigint(20) NOT NULL AUTO_INCREMENT,
  `company_id` bigint(20) NOT NULL,
  `kind_activitiy_id` bigint(20) NOT NULL,
  PRIMARY KEY (`id`)
) ENGINE=InnoDB AUTO_INCREMENT=7 DEFAULT CHARSET=utf8;
/*!40101 SET character_set_client = @saved_cs_client */;

--
-- Dumping data for table `companies_kind_activities`
--

LOCK TABLES `companies_kind_activities` WRITE;
/*!40000 ALTER TABLE `companies_kind_activities` DISABLE KEYS */;
INSERT INTO `companies_kind_activities` VALUES (1,1,1),(2,1,2),(3,1,3),(4,2,4),(5,2,5),(6,2,6);
/*!40000 ALTER TABLE `companies_kind_activities` ENABLE KEYS */;
UNLOCK TABLES;

--
-- Table structure for table `company_categories`
--

DROP TABLE IF EXISTS `company_categories`;
/*!40101 SET @saved_cs_client     = @@character_set_client */;
/*!40101 SET character_set_client = utf8 */;
CREATE TABLE `company_categories` (
  `id` bigint(20) NOT NULL AUTO_INCREMENT,
  `name` varchar(100) NOT NULL,
  `icon` varchar(100) DEFAULT NULL,
  `parent` bigint(20) DEFAULT NULL,
  PRIMARY KEY (`id`)
) ENGINE=InnoDB AUTO_INCREMENT=102 DEFAULT CHARSET=utf8;
/*!40101 SET character_set_client = @saved_cs_client */;

--
-- Dumping data for table `company_categories`
--

LOCK TABLES `company_categories` WRITE;
/*!40000 ALTER TABLE `company_categories` DISABLE KEYS */;
INSERT INTO `company_categories` VALUES (1,'Органы власти, управления и жизнеобеспечения','7.png',NULL),(2,'Отдых и развлечения, общественное питание','1.png',NULL),(3,'Аудит, консалтинг, право','2.png',NULL),(4,'Охрана и безопасность','4.png',NULL),(5,'Автобизнес, автотранспорт','5.png',NULL),(6,'Промышленность, заводы','6.png',NULL),(7,'Банки, кредитные организации, страховые компании','2.png',NULL),(8,'Рыбное и сельское хозяйство','8.png',NULL),(9,'Услуги бытовые','',NULL),(10,'СМИ и полиграфия, реклама и маркетинг','',NULL),(11,'Красота, здоровый образ жизни','',NULL),(12,'Строительные материалы и оборудование, ремонт','',NULL),(13,'Спорт и туризм. Активный отдых','',NULL),(14,'Строительство, недвижимость','',NULL),(15,'Медицина, фармация, ветеринария','',NULL),(16,'Сервис и товары для бизнеса','',NULL),(17,'Оборудование, приборы, инструменты',NULL,NULL),(18,'Товары и услуги для населения',NULL,NULL),(19,'Образование и наука, культура и искусство',NULL,NULL),(20,'Транспорт, грузоперевозки',NULL,NULL),(21,'Оргтехника, компьютеры, связь',NULL,NULL),(22,'Управляющие компании',NULL,1),(23,'Клубы',NULL,2),(24,'Юр фирмы',NULL,3),(25,'ЧОПики',NULL,4),(26,'Салоны автомобильные',NULL,5),(27,'Фабрики',NULL,6),(28,'Банки',NULL,7),(29,'Рыбаки',NULL,8),(30,'Бытовуха',NULL,9),(31,'Печатные агенства',NULL,10),(32,'Парикмахерские',NULL,11),(33,'Склады',NULL,12),(34,'Спортзалы',NULL,13),(35,'Строительные компании',NULL,14),(36,'Клиники',NULL,15),(37,'Магазины',NULL,16),(38,'Магазины','',17),(39,'Услуги',NULL,18),(40,'Музеи',NULL,19),(41,'Перевозчики',NULL,20),(42,'Салоны связи',NULL,21),(45,'ОРГАНЫ ВЛАСТИ','',0),(46,'Органы местного самоуправления','',45),(47,'Федеральные структуры','',45),(48,'Частные охранные предприятия','',4),(49,'Системы безопасности','',4),(50,'Полиция','',4),(51,'Кредитные организации','',7),(52,'Страховые компании','',7),(53,'Рестораны','',2),(54,'Торгово-развлекательные центры','',2),(55,'Детский отдых','',2),(56,'Туризм','',2),(57,'Автомагазины','',5),(58,'Автосервисы и техническое обслуживание','',5),(59,'Автошколы','',5),(60,'ДПС ГИБДД','',0),(61,'Супермаркеты','',37),(62,'Аудит','',3),(63,'Консалтинг','',3),(64,'Право','',3),(65,'Медицина','',39),(66,'Парикмахерские','',39),(67,'Такси','',39),(68,'Интернет','',39),(69,'Реклама','',39),(70,'Все','',60),(71,'Маркетинг, реклама, PR','',0),(72,'Все','',71),(73,'IT, интернет, связь, телеком','',0),(74,'Все','',73),(75,'Финансы, бухгалтерия','',0),(76,'Все','',75),(77,'Без специальной подготовки','',0),(78,'Все','',77),(79,'Строительство / ЖКХ / Эксплуатация','',0),(80,'Управляющая компания','',79),(81,'Транспорт / Автобизнес / Автосервис','',0),(82,'Транспортная компания (грузоперевозки)','',81),(83,'Банки / Инвестиции / Ценные бумаги','',0),(84,'Финансово-инвестиционная компания','',83),(85,'Торговля','',0),(86,'Оптовая компания','',85),(87,'Транспортная компания (автобусы / маршрутки)','',81),(88,'IT / Интернет / Телеком','',0),(89,'SEO-компания','',88),(90,'Производство / Агропром','',0),(91,'Производственная фирма','',90),(92,'Оптово-розничная компания','',85),(93,'Дизайн / Полиграфия','',0),(94,'Другое','',93),(95,'Строительно-монтажная компания','',79),(96,'Торгово-производственная компания','',90),(97,'Рестораны / Питание','',0),(98,'Ресторан выездного обслуживания, кейтеринг','',97),(99,'Магазин компьютерной техники','',88),(100,'Страхование','',0),(101,'Страховая компания','',100);
/*!40000 ALTER TABLE `company_categories` ENABLE KEYS */;
UNLOCK TABLES;

--
-- Table structure for table `company_comments`
--

DROP TABLE IF EXISTS `company_comments`;
/*!40101 SET @saved_cs_client     = @@character_set_client */;
/*!40101 SET character_set_client = utf8 */;
CREATE TABLE `company_comments` (
  `id` bigint(20) NOT NULL AUTO_INCREMENT,
  `left_key` int(11) NOT NULL,
  `right_key` int(11) NOT NULL,
  `level` int(11) NOT NULL,
  `delete` bit(1) NOT NULL,
  `create_date` datetime NOT NULL,
  `account_id` bigint(20) NOT NULL,
  `text` text NOT NULL,
  `parent_id` bigint(20) DEFAULT NULL,
  `company_id` bigint(20) NOT NULL,
  PRIMARY KEY (`id`)
) ENGINE=InnoDB AUTO_INCREMENT=10 DEFAULT CHARSET=utf8;
/*!40101 SET character_set_client = @saved_cs_client */;

--
-- Dumping data for table `company_comments`
--

LOCK TABLES `company_comments` WRITE;
/*!40000 ALTER TABLE `company_comments` DISABLE KEYS */;
INSERT INTO `company_comments` VALUES (7,1,2,0,'\0','2013-10-14 17:46:55',2,'Уютный офис',0,338),(8,1,2,0,'\0','2013-10-15 15:09:25',2,'Девки с голыми задницами... фу',0,286),(9,1,2,0,'\0','2013-10-25 12:57:46',21,'тест',0,285);
/*!40000 ALTER TABLE `company_comments` ENABLE KEYS */;
UNLOCK TABLES;

--
-- Table structure for table `company_files`
--

DROP TABLE IF EXISTS `company_files`;
/*!40101 SET @saved_cs_client     = @@character_set_client */;
/*!40101 SET character_set_client = utf8 */;
CREATE TABLE `company_files` (
  `id` bigint(20) NOT NULL AUTO_INCREMENT,
  `file` varchar(45) DEFAULT NULL,
  `size` bigint(20) DEFAULT NULL,
  `title` varchar(45) DEFAULT NULL,
  `company_id` bigint(20) DEFAULT NULL,
  PRIMARY KEY (`id`)
) ENGINE=InnoDB AUTO_INCREMENT=4 DEFAULT CHARSET=utf8;
/*!40101 SET character_set_client = @saved_cs_client */;

--
-- Dumping data for table `company_files`
--

LOCK TABLES `company_files` WRITE;
/*!40000 ALTER TABLE `company_files` DISABLE KEYS */;
/*!40000 ALTER TABLE `company_files` ENABLE KEYS */;
UNLOCK TABLES;

--
-- Table structure for table `company_kind_activities`
--

DROP TABLE IF EXISTS `company_kind_activities`;
/*!40101 SET @saved_cs_client     = @@character_set_client */;
/*!40101 SET character_set_client = utf8 */;
CREATE TABLE `company_kind_activities` (
  `id` bigint(20) NOT NULL AUTO_INCREMENT,
  `name` varchar(60) DEFAULT NULL,
  PRIMARY KEY (`id`)
) ENGINE=InnoDB AUTO_INCREMENT=7 DEFAULT CHARSET=utf8;
/*!40101 SET character_set_client = @saved_cs_client */;

--
-- Dumping data for table `company_kind_activities`
--

LOCK TABLES `company_kind_activities` WRITE;
/*!40000 ALTER TABLE `company_kind_activities` DISABLE KEYS */;
INSERT INTO `company_kind_activities` VALUES (1,'Юридические и консалтинговые услуги '),(2,'банковские депозиты и кредиты'),(3,'акции и паевые фонды'),(4,'Убивает'),(5,'Грабит'),(6,'Четвертует');
/*!40000 ALTER TABLE `company_kind_activities` ENABLE KEYS */;
UNLOCK TABLES;

--
-- Table structure for table `company_ownerships`
--

DROP TABLE IF EXISTS `company_ownerships`;
/*!40101 SET @saved_cs_client     = @@character_set_client */;
/*!40101 SET character_set_client = utf8 */;
CREATE TABLE `company_ownerships` (
  `id` bigint(20) NOT NULL AUTO_INCREMENT,
  `title` varchar(45) DEFAULT NULL,
  PRIMARY KEY (`id`)
) ENGINE=InnoDB AUTO_INCREMENT=6 DEFAULT CHARSET=utf8;
/*!40101 SET character_set_client = @saved_cs_client */;

--
-- Dumping data for table `company_ownerships`
--

LOCK TABLES `company_ownerships` WRITE;
/*!40000 ALTER TABLE `company_ownerships` DISABLE KEYS */;
INSERT INTO `company_ownerships` VALUES (1,'ОАО'),(2,'ООО'),(3,'ИП'),(4,'ЗАО'),(5,'ФГУП');
/*!40000 ALTER TABLE `company_ownerships` ENABLE KEYS */;
UNLOCK TABLES;

--
-- Table structure for table `company_photos`
--

DROP TABLE IF EXISTS `company_photos`;
/*!40101 SET @saved_cs_client     = @@character_set_client */;
/*!40101 SET character_set_client = utf8 */;
CREATE TABLE `company_photos` (
  `id` bigint(20) NOT NULL AUTO_INCREMENT,
  `thumbnaill` varchar(45) DEFAULT NULL,
  `normal` varchar(45) DEFAULT NULL,
  `is_main` bit(1) DEFAULT NULL,
  `company_id` bigint(20) NOT NULL,
  PRIMARY KEY (`id`)
) ENGINE=InnoDB AUTO_INCREMENT=27 DEFAULT CHARSET=utf8;
/*!40101 SET character_set_client = @saved_cs_client */;

--
-- Dumping data for table `company_photos`
--

LOCK TABLES `company_photos` WRITE;
/*!40000 ALTER TABLE `company_photos` DISABLE KEYS */;
INSERT INTO `company_photos` VALUES (11,'af3b4cd4-4971-4850-b5be-736486de1932.jpg','af3b4cd4-4971-4850-b5be-736486de1932.jpg','\0',284),(12,'48f12fa0-d471-44d3-91b1-856b5fd9c986.gif','48f12fa0-d471-44d3-91b1-856b5fd9c986.gif','\0',339),(13,'5cae4adf-02b6-4a35-992a-77365b808f16.jpg','5cae4adf-02b6-4a35-992a-77365b808f16.jpg','\0',341),(14,'cbf87ae0-6178-4b90-bd1f-50cd0875a499.png','cbf87ae0-6178-4b90-bd1f-50cd0875a499.png','\0',343),(15,'ecf5569c-d572-4029-aa98-b5391ecf6df5.png','ecf5569c-d572-4029-aa98-b5391ecf6df5.png','\0',344),(16,'b59966cb-f57a-40c8-af0d-b026d2f850c9.png','b59966cb-f57a-40c8-af0d-b026d2f850c9.png','\0',265),(17,'9a2d33fb-a3f4-4891-981d-783d74bb49df.gif','9a2d33fb-a3f4-4891-981d-783d74bb49df.gif','\0',266),(18,'4d3d1a98-2ece-47c5-a1e7-191432e0b1cd.gif','4d3d1a98-2ece-47c5-a1e7-191432e0b1cd.gif','\0',276),(19,'f7094bb7-9382-4414-ba66-926af000e770.gif','f7094bb7-9382-4414-ba66-926af000e770.gif','\0',278),(20,'ae4ae617-9094-4be3-93f2-dafbb32bf7b3.png','ae4ae617-9094-4be3-93f2-dafbb32bf7b3.png','\0',288),(21,'5e6120cb-ff2a-48dc-888a-f47dc5f7ef6f.png','5e6120cb-ff2a-48dc-888a-f47dc5f7ef6f.png','\0',289),(22,'f5fe9712-a355-4e2b-9d0a-27861de0638e.png','f5fe9712-a355-4e2b-9d0a-27861de0638e.png','\0',290),(23,'eec16b7e-6ebc-4992-9437-d0fc6716dc0a.png','eec16b7e-6ebc-4992-9437-d0fc6716dc0a.png','\0',262),(24,'f93ab116-d53e-4b68-b4f9-b318a6ad3322.gif','f93ab116-d53e-4b68-b4f9-b318a6ad3322.gif','\0',340),(25,'3c59a21f-79e3-47f1-939d-6fbc48b01d07.jpg','3c59a21f-79e3-47f1-939d-6fbc48b01d07.jpg','\0',251),(26,'74a9f172-59d7-4983-a1a3-2ecae9972df7.jpg','74a9f172-59d7-4983-a1a3-2ecae9972df7.jpg','\0',426);
/*!40000 ALTER TABLE `company_photos` ENABLE KEYS */;
UNLOCK TABLES;

--
-- Table structure for table `company_rating`
--

DROP TABLE IF EXISTS `company_rating`;
/*!40101 SET @saved_cs_client     = @@character_set_client */;
/*!40101 SET character_set_client = utf8 */;
CREATE TABLE `company_rating` (
  `id` bigint(20) NOT NULL AUTO_INCREMENT,
  `account_id` bigint(20) NOT NULL,
  `company_id` bigint(20) NOT NULL,
  `rating` int(11) DEFAULT NULL,
  `create_date` datetime DEFAULT NULL,
  PRIMARY KEY (`id`)
) ENGINE=InnoDB AUTO_INCREMENT=11 DEFAULT CHARSET=utf8;
/*!40101 SET character_set_client = @saved_cs_client */;

--
-- Dumping data for table `company_rating`
--

LOCK TABLES `company_rating` WRITE;
/*!40000 ALTER TABLE `company_rating` DISABLE KEYS */;
/*!40000 ALTER TABLE `company_rating` ENABLE KEYS */;
UNLOCK TABLES;

--
-- Table structure for table `genres`
--

DROP TABLE IF EXISTS `genres`;
/*!40101 SET @saved_cs_client     = @@character_set_client */;
/*!40101 SET character_set_client = utf8 */;
CREATE TABLE `genres` (
  `id` bigint(20) NOT NULL AUTO_INCREMENT,
  `title` varchar(64) DEFAULT NULL,
  PRIMARY KEY (`id`)
) ENGINE=InnoDB AUTO_INCREMENT=53 DEFAULT CHARSET=utf8;
/*!40101 SET character_set_client = @saved_cs_client */;

--
-- Dumping data for table `genres`
--

LOCK TABLES `genres` WRITE;
/*!40000 ALTER TABLE `genres` DISABLE KEYS */;
INSERT INTO `genres` VALUES (1,'Концерт'),(2,'Выставка'),(3,'Спектакль'),(4,'Мюзикл'),(5,'Детский спектакль'),(6,'Балет'),(7,'Поп'),(8,'Рок'),(9,'Джаз'),(10,'Блюз'),(11,'Авторская песня'),(12,'Шансон'),(13,'Классика'),(14,'Этно'),(15,'Фолк'),(16,'Альтернатива'),(17,'Инди'),(18,'Драма'),(19,'Мелодрама'),(20,'Фантастика'),(21,'Триллер'),(22,'Экшн'),(23,'Комедия'),(24,'Фантастика'),(25,'Мультфильм'),(26,'Боевик'),(27,'Анимация'),(28,'Ужасы'),(29,'Приключения'),(30,'Опера'),(31,'Другое'),(32,'Музыкальный фильм'),(33,'Фильм ужасов'),(34,'Пьеса в одном действии'),(35,'Танец потерянных душ'),(36,'Комедия в двух действиях'),(37,'Моноспектакль'),(38,'Сценические терзания в двух действиях'),(39,'Пьеса д двух действиях'),(40,'Вокал'),(41,'Поп-музыка'),(42,'Юмористический концерт'),(43,'&nbsp;'),(44,'Живопись и графика с. в. малютина'),(45,'Freak show'),(46,'Или...'),(47,'Свободу шкафам!!!'),(48,'Музыкальная сказка для всей семьи'),(49,'Музыкальный спектакль'),(50,'Занимательная история для детей и их родителей'),(51,'Сказка в одном действии'),(52,'Сказка');
/*!40000 ALTER TABLE `genres` ENABLE KEYS */;
UNLOCK TABLES;

--
-- Table structure for table `main_page_widgets`
--

DROP TABLE IF EXISTS `main_page_widgets`;
/*!40101 SET @saved_cs_client     = @@character_set_client */;
/*!40101 SET character_set_client = utf8 */;
CREATE TABLE `main_page_widgets` (
  `id` bigint(20) NOT NULL,
  `temperature` varchar(16) DEFAULT NULL,
  `sky` varchar(32) DEFAULT NULL,
  `sky_icon` varchar(256) DEFAULT NULL,
  `eur_price` decimal(8,4) NOT NULL DEFAULT '0.0000',
  `eur_change` decimal(6,4) NOT NULL DEFAULT '0.0000',
  `usd_price` decimal(8,4) NOT NULL DEFAULT '0.0000',
  `usd_change` decimal(6,4) NOT NULL DEFAULT '0.0000',
  `jams_degree` int(11) DEFAULT NULL,
  `jams_description` varchar(64) DEFAULT NULL,
  `sky_icon_morning` varchar(256) DEFAULT NULL,
  `sky_icon_afternoon` varchar(256) DEFAULT NULL,
  `sky_icon_evening` varchar(256) DEFAULT NULL,
  `sky_morning` varchar(45) DEFAULT NULL,
  `sky_afternoon` varchar(45) DEFAULT NULL,
  `sky_evening` varchar(45) DEFAULT NULL,
  `temperature_morning` varchar(45) DEFAULT NULL,
  `temperature_afternoon` varchar(45) DEFAULT NULL,
  `temperature_evening` varchar(45) DEFAULT NULL,
  PRIMARY KEY (`id`)
) ENGINE=InnoDB DEFAULT CHARSET=utf8;
/*!40101 SET character_set_client = @saved_cs_client */;

--
-- Dumping data for table `main_page_widgets`
--

LOCK TABLES `main_page_widgets` WRITE;
/*!40000 ALTER TABLE `main_page_widgets` DISABLE KEYS */;
INSERT INTO `main_page_widgets` VALUES (1,'+8','Пасмурно','http://st8.gisstatic.ru/static/images/icons/new/n.moon.c4.png',44.0586,0.0600,32.0613,0.3700,NULL,'Свободно','http://st6.gisstatic.ru/static/images/icons/new/d.sun.c4.png','http://st7.gisstatic.ru/static/images/icons/new/d.sun.c3.r1.png','http://st8.gisstatic.ru/static/images/icons/new/n.moon.png','Пасмурно','Облачно, небольшой дождь','Ясно','+8','+10','+7');
/*!40000 ALTER TABLE `main_page_widgets` ENABLE KEYS */;
UNLOCK TABLES;

--
-- Table structure for table `my_messages`
--

DROP TABLE IF EXISTS `my_messages`;
/*!40101 SET @saved_cs_client     = @@character_set_client */;
/*!40101 SET character_set_client = utf8 */;
CREATE TABLE `my_messages` (
  `id` bigint(20) NOT NULL AUTO_INCREMENT,
  `title` varchar(245) DEFAULT NULL,
  `text` text,
  `link` varchar(245) DEFAULT NULL,
  `link_name` varchar(100) DEFAULT NULL,
  `create_date` datetime DEFAULT NULL,
  `is_new` bit(1) DEFAULT b'0',
  `account_id` bigint(20) NOT NULL,
  PRIMARY KEY (`id`)
) ENGINE=InnoDB DEFAULT CHARSET=utf8;
/*!40101 SET character_set_client = @saved_cs_client */;

--
-- Dumping data for table `my_messages`
--

LOCK TABLES `my_messages` WRITE;
/*!40000 ALTER TABLE `my_messages` DISABLE KEYS */;
/*!40000 ALTER TABLE `my_messages` ENABLE KEYS */;
UNLOCK TABLES;

--
-- Table structure for table `news`
--

DROP TABLE IF EXISTS `news`;
/*!40101 SET @saved_cs_client     = @@character_set_client */;
/*!40101 SET character_set_client = utf8 */;
CREATE TABLE `news` (
  `id` bigint(20) NOT NULL AUTO_INCREMENT,
  `title` varchar(245) DEFAULT NULL,
  `lead_title` varchar(150) DEFAULT NULL,
  `announce` text,
  `text` text,
  `processed_text` text,
  `create_date` datetime DEFAULT NULL,
  `publish_date` datetime DEFAULT NULL,
  `is_main` bit(1) DEFAULT b'0',
  `is_smolensk_news` bit(1) DEFAULT b'0',
  `rating` int(11) DEFAULT '0',
  `views` int(11) DEFAULT '0',
  `comment_count` int(11) DEFAULT '0',
  `category_id` bigint(20) DEFAULT NULL,
  `author_as_text` varchar(255) DEFAULT NULL,
  `tags` varchar(255) DEFAULT NULL,
  PRIMARY KEY (`id`)
) ENGINE=InnoDB AUTO_INCREMENT=59 DEFAULT CHARSET=utf8;
/*!40101 SET character_set_client = @saved_cs_client */;

--
-- Dumping data for table `news`
--

LOCK TABLES `news` WRITE;
/*!40000 ALTER TABLE `news` DISABLE KEYS */;
INSERT INTO `news` VALUES (30,'Новым главой Смоленска стал единоросс Евгений Павлов','','<p>\r\n	Главу города удалось избрать единогласно только со второй попытки</p>\r\n','<p>\r\n	Депутаты горсовета 9 августа выбрали новым главой города&nbsp;<nobr>46-летнего</nobr>&nbsp;единоросса Евгения Павлова. Кандидат на&nbsp;эту должность был представлен всего один&nbsp;&mdash; руководитель депутатской фракции партии &laquo;Единая Россия&raquo;. Участники внеочередной сессии&nbsp;&mdash; 19 депутатов из&nbsp;<nobr>23-х</nobr>&nbsp;&mdash; проголосовали единогласно. Четверо депутатов из&nbsp;членов партии &laquo;Справедливая Россия&raquo; покинули зал заседаний перед голосованием, выразив свое несогласие с&nbsp;ограниченностью выбора.</p>\r\n<p>\r\n	Депутатам понадобилось две попытки, чтобы избрать главу Смоленска. Первое избрание, на&nbsp;предыдущей сессии<nobr>30-го</nobr>&nbsp;июля, не&nbsp;удалось&nbsp;<nobr>из-за</nobr>&nbsp;отсутствия необходимого кворуму в&nbsp;17 депутатов. Со&nbsp;второй попытки депутаты собрались в&nbsp;необходимом количестве. К&nbsp;<nobr>18-ти</nobr>&nbsp;голосам от&nbsp;&laquo;Единой России&raquo; добавился&nbsp;<nobr>19-ый</nobr>&nbsp;голос члена &laquo;Справедливой России&raquo; в&nbsp;лице Владимира Виноградова.</p>\r\n<p>\r\n	Назначение одобрил глава Смоленской области Алексей Островский. По&nbsp;его словам, Павлов&nbsp;&mdash; очень достойный человек. Губернатор считает, что за&nbsp;год работы новой администрации региона появился конструктивный диалог между администрацией области и&nbsp;властями областного центра, между представительной и&nbsp;исполнительной властью в&nbsp;Смоленске.</p>\r\n<p>\r\n	По&nbsp;итогам голосования новый глава города поблагодарил коллег за&nbsp;единогласную поддержку. И&nbsp;обещал стараться оправдать все надежды депутатов и&nbsp;работать на&nbsp;благо любимого города.</p>\r\n<p>\r\n	Евгений Александрович Павлов родился в&nbsp;Смоленске 20 сентября 1967 года. В&nbsp;25 лет окончил Московский энергетический институт по&nbsp;специальности &laquo;Электрические системы и&nbsp;сети&raquo;. После вуза работал менеджером в&nbsp;различных московских фирмах. Потом занялся собственным бизнесом. В&nbsp;2010 году был избран депутатом Смоленского городского совета с&nbsp;результатом 66,90% (1805 избирателей). В&nbsp;Смоленском горсовете с&nbsp;2012 года руководил депутатским объединением фракции &laquo;Единая Россия&raquo;. Являясь депутатом и&nbsp;на&nbsp;момент избрания главой города, Евгений Павлов управлял&nbsp;<nobr>ООО &laquo;Торговый дом &bdquo;Игрушка&ldquo;&raquo;</nobr>.</p>\r\n<p>\r\n	<img alt=\"\" id=\"571321f3-da18-4afa-b30d-f55f86411dfa\" src=\"/content/userdata/news/30/571321f3-da18-4afa-b30d-f55f86411dfa.normal.jpg\" style=\"width: 480px; height: 282px;\"></p>\r\n','<p>\r\n	Депутаты горсовета 9 августа выбрали новым главой города&nbsp;<nobr>46-летнего</nobr>&nbsp;единоросса Евгения Павлова. Кандидат на&nbsp;эту должность был представлен всего один&nbsp;&mdash; руководитель депутатской фракции партии &laquo;Единая Россия&raquo;. Участники внеочередной сессии&nbsp;&mdash; 19 депутатов из&nbsp;<nobr>23-х</nobr>&nbsp;&mdash; проголосовали единогласно. Четверо депутатов из&nbsp;членов партии &laquo;Справедливая Россия&raquo; покинули зал заседаний перед голосованием, выразив свое несогласие с&nbsp;ограниченностью выбора.</p>\r\n<p>\r\n	Депутатам понадобилось две попытки, чтобы избрать главу Смоленска. Первое избрание, на&nbsp;предыдущей сессии<nobr>30-го</nobr>&nbsp;июля, не&nbsp;удалось&nbsp;<nobr>из-за</nobr>&nbsp;отсутствия необходимого кворуму в&nbsp;17 депутатов. Со&nbsp;второй попытки депутаты собрались в&nbsp;необходимом количестве. К&nbsp;<nobr>18-ти</nobr>&nbsp;голосам от&nbsp;&laquo;Единой России&raquo; добавился&nbsp;<nobr>19-ый</nobr>&nbsp;голос члена &laquo;Справедливой России&raquo; в&nbsp;лице Владимира Виноградова.</p>\r\n<p>\r\n	Назначение одобрил глава Смоленской области Алексей Островский. По&nbsp;его словам, Павлов&nbsp;&mdash; очень достойный человек. Губернатор считает, что за&nbsp;год работы новой администрации региона появился конструктивный диалог между администрацией области и&nbsp;властями областного центра, между представительной и&nbsp;исполнительной властью в&nbsp;Смоленске.</p>\r\n<p>\r\n	По&nbsp;итогам голосования новый глава города поблагодарил коллег за&nbsp;единогласную поддержку. И&nbsp;обещал стараться оправдать все надежды депутатов и&nbsp;работать на&nbsp;благо любимого города.</p>\r\n<p>\r\n	Евгений Александрович Павлов родился в&nbsp;Смоленске 20 сентября 1967 года. В&nbsp;25 лет окончил Московский энергетический институт по&nbsp;специальности &laquo;Электрические системы и&nbsp;сети&raquo;. После вуза работал менеджером в&nbsp;различных московских фирмах. Потом занялся собственным бизнесом. В&nbsp;2010 году был избран депутатом Смоленского городского совета с&nbsp;результатом 66,90% (1805 избирателей). В&nbsp;Смоленском горсовете с&nbsp;2012 года руководил депутатским объединением фракции &laquo;Единая Россия&raquo;. Являясь депутатом и&nbsp;на&nbsp;момент избрания главой города, Евгений Павлов управлял&nbsp;<nobr>ООО &laquo;Торговый дом &bdquo;Игрушка&ldquo;&raquo;</nobr>.</p>\r\n<p>\r\n	</p>\r\n','2013-08-10 22:25:38','2013-08-09 15:00:00','','',4,6,2,1,'',''),(31,'«Гоночные дальнобойщики» встретились на «Смоленском кольце»',NULL,'<p>\r\n	На &laquo;Смоленском кольце&raquo; встретились пилоты из 13-ти стран Европы</p>\r\n','<p>\r\n	<nobr>27&mdash;28 июля</nobr>&nbsp;на&nbsp;автостраде &laquo;Смоленское кольцо&raquo; состоялся шестой этап чемпионата Европы по&nbsp;гонкам на&nbsp;грузовых автомобилях&nbsp;&mdash; FIA European Truck Racing Championship. Российский этап Чемпионата уже четвертый год проходит под собственным именем&nbsp;&mdash; Truck Battle&nbsp;<nobr>Russia-2013</nobr>. В&nbsp;этом сезоне участвовали пилоты из&nbsp;<nobr>13-ти</nobr>&nbsp;стран. Среди сильнейших пилотов Европы Россию представлял гонщик Юрий Егоров.</p>\r\n<p>\r\n	В&nbsp;течении двух дней гонки проходили по&nbsp;схеме: свободная практика и&nbsp;квалификация, две зачетные гонки с&nbsp;церемонией награждения по&nbsp;итогам каждой из&nbsp;них и&nbsp;общие итоги этапа. Четыре гонки увенчались победами четырёх разных гонщиков: Норберт Кисс (Венгрия) и&nbsp;Маркус Бёзингер (Швейцария)&nbsp;&mdash; в&nbsp;субботу, Антонио Альбасете (Испания) и&nbsp;Мика Мякинен (Финляндия)&nbsp;&mdash; в&nbsp;воскресенье. По&nbsp;общим итогам Чемпионата лидерство, как и&nbsp;в&nbsp;прошлом году, закрепилось за&nbsp;Антонио Альбасете. В&nbsp;<nobr>17-ти</nobr>&nbsp;очках от&nbsp;него&nbsp;&mdash; Йохан Хан (Германия). И&nbsp;с&nbsp;большим отрывом на&nbsp;третьем месте&nbsp;&mdash; Маркус Острайх (Германия). Единственному участнику из&nbsp;России Юрию Егорову удалось набрать первые очки в&nbsp;своей карьере.</p>\r\n<p>\r\n	Не&nbsp;обошлось без аварий. Во&nbsp;второй день два&nbsp;<nobr>топ-пилота</nobr>&nbsp;сошли с&nbsp;дистанции. В&nbsp;грузовик субботнего победителя Норберта Кисса по&nbsp;полном ходу влетела машина Адама Лацко (Чехия). На&nbsp;грузовике раскололся тормозной диск.</p>\r\n<p>\r\n	Насыщенные события на&nbsp;трассе были дополнены заездами легковых серий Lada Granta Cup, Legends,<nobr>Формула-Россия</nobr>&nbsp;и&nbsp;подкреплены плотной развлекательной программой. Ещё в&nbsp;пятницу публика в&nbsp;паддоке насладилась и&nbsp;зарядилась концертом группы &laquo;Серебро&raquo;. Спонсорами и&nbsp;партнерами Truck Battle Russia выступили компании Renault Trucks Vostok, Bosch, Shell, &laquo;МТС&raquo;.</p>\r\n<p>\r\n	В&nbsp;этом году одна из&nbsp;самых эффектных и&nbsp;динамичных дисциплин автомобильного спорта&nbsp;&mdash; кольцевые гонки на&nbsp;грузовых автомобилях&nbsp;&mdash; собрала 25 тысяч зрителей и&nbsp;150 журналистов. Зрелищность и&nbsp;непредсказуемость соревнований заключается в&nbsp;самих грузовиках. Они имеют мощность 1000&ndash;1500 л.с., объём дизельных двигателей с&nbsp;турбонаддувом&nbsp;&mdash; 12&ndash;13 литров, крутящий момент&nbsp;&mdash; около 6000 н.м. Вес машины&nbsp;&mdash; более 5 тонн. Впереди у&nbsp;&laquo;гоночных дальнобойщиков&raquo; ещё четыре этапа. Ближайший состоится в&nbsp;последний день лета и&nbsp;первый день осени в&nbsp;чешском Мосте. Потом участники соревнований отправятся сначала в&nbsp;бельгийский Зольдер, а&nbsp;потом в&nbsp;испанскую Хараму. Финиширует&nbsp;<nobr>сезон-2013</nobr>&nbsp;в&nbsp;середине октября во&nbsp;французском&nbsp;<nobr>Ле-Мане</nobr>.</p>\r\n<p>\r\n	Руководитель чемпионата Европы по&nbsp;трак рейсингу Фабьен Кальве отмечает, что уровень организации российского этапа растёт с&nbsp;каждым годом. Вместе с&nbsp;тем о&nbsp;будущих Чемпионатах в&nbsp;России говорить сложно. Причины в&nbsp;том, что путешествие в&nbsp;Россию предполагает значительные финансовые затраты для участников, а&nbsp;также существуют сложности в&nbsp;прохождении границы. Эти моменты могут блокировать развитие проекта в&nbsp;России.</p>\r\n<p>\r\n	&nbsp;</p>\r\n<p>\r\n	<img alt=\"\" id=\"24bad2f4-cdf9-4a98-b53d-9453d9a3e398\" src=\"/content/userdata/news/31/24bad2f4-cdf9-4a98-b53d-9453d9a3e398.normal.jpg\" style=\"width: 640px; height: 480px;\"></p>\r\n<p>\r\n	<img alt=\"\" id=\"ee471ca9-3991-4f25-9ef4-c002f52f636e\" src=\"/content/userdata/news/31/ee471ca9-3991-4f25-9ef4-c002f52f636e.normal.jpg\" style=\"width: 640px; height: 480px;\"></p>\r\n<p>\r\n	<img alt=\"\" id=\"9fa4dc95-2dc6-47fd-b6b7-743ee047a7ca\" src=\"/content/userdata/news/31/9fa4dc95-2dc6-47fd-b6b7-743ee047a7ca.normal.jpg\" style=\"width: 640px; height: 480px;\"></p>\r\n','<p>\r\n	<nobr>27&mdash;28 июля</nobr>&nbsp;на&nbsp;автостраде &laquo;Смоленское кольцо&raquo; состоялся шестой этап чемпионата Европы по&nbsp;гонкам на&nbsp;грузовых автомобилях&nbsp;&mdash; FIA European Truck Racing Championship. Российский этап Чемпионата уже четвертый год проходит под собственным именем&nbsp;&mdash; Truck Battle&nbsp;<nobr>Russia-2013</nobr>. В&nbsp;этом сезоне участвовали пилоты из&nbsp;<nobr>13-ти</nobr>&nbsp;стран. Среди сильнейших пилотов Европы Россию представлял гонщик Юрий Егоров.</p>\r\n<p>\r\n	В&nbsp;течении двух дней гонки проходили по&nbsp;схеме: свободная практика и&nbsp;квалификация, две зачетные гонки с&nbsp;церемонией награждения по&nbsp;итогам каждой из&nbsp;них и&nbsp;общие итоги этапа. Четыре гонки увенчались победами четырёх разных гонщиков: Норберт Кисс (Венгрия) и&nbsp;Маркус Бёзингер (Швейцария)&nbsp;&mdash; в&nbsp;субботу, Антонио Альбасете (Испания) и&nbsp;Мика Мякинен (Финляндия)&nbsp;&mdash; в&nbsp;воскресенье. По&nbsp;общим итогам Чемпионата лидерство, как и&nbsp;в&nbsp;прошлом году, закрепилось за&nbsp;Антонио Альбасете. В&nbsp;<nobr>17-ти</nobr>&nbsp;очках от&nbsp;него&nbsp;&mdash; Йохан Хан (Германия). И&nbsp;с&nbsp;большим отрывом на&nbsp;третьем месте&nbsp;&mdash; Маркус Острайх (Германия). Единственному участнику из&nbsp;России Юрию Егорову удалось набрать первые очки в&nbsp;своей карьере.</p>\r\n<p>\r\n	Не&nbsp;обошлось без аварий. Во&nbsp;второй день два&nbsp;<nobr>топ-пилота</nobr>&nbsp;сошли с&nbsp;дистанции. В&nbsp;грузовик субботнего победителя Норберта Кисса по&nbsp;полном ходу влетела машина Адама Лацко (Чехия). На&nbsp;грузовике раскололся тормозной диск.</p>\r\n<p>\r\n	Насыщенные события на&nbsp;трассе были дополнены заездами легковых серий Lada Granta Cup, Legends,<nobr>Формула-Россия</nobr>&nbsp;и&nbsp;подкреплены плотной развлекательной программой. Ещё в&nbsp;пятницу публика в&nbsp;паддоке насладилась и&nbsp;зарядилась концертом группы &laquo;Серебро&raquo;. Спонсорами и&nbsp;партнерами Truck Battle Russia выступили компании Renault Trucks Vostok, Bosch, Shell, &laquo;МТС&raquo;.</p>\r\n<p>\r\n	В&nbsp;этом году одна из&nbsp;самых эффектных и&nbsp;динамичных дисциплин автомобильного спорта&nbsp;&mdash; кольцевые гонки на&nbsp;грузовых автомобилях&nbsp;&mdash; собрала 25 тысяч зрителей и&nbsp;150 журналистов. Зрелищность и&nbsp;непредсказуемость соревнований заключается в&nbsp;самих грузовиках. Они имеют мощность 1000&ndash;1500 л.с., объём дизельных двигателей с&nbsp;турбонаддувом&nbsp;&mdash; 12&ndash;13 литров, крутящий момент&nbsp;&mdash; около 6000 н.м. Вес машины&nbsp;&mdash; более 5 тонн. Впереди у&nbsp;&laquo;гоночных дальнобойщиков&raquo; ещё четыре этапа. Ближайший состоится в&nbsp;последний день лета и&nbsp;первый день осени в&nbsp;чешском Мосте. Потом участники соревнований отправятся сначала в&nbsp;бельгийский Зольдер, а&nbsp;потом в&nbsp;испанскую Хараму. Финиширует&nbsp;<nobr>сезон-2013</nobr>&nbsp;в&nbsp;середине октября во&nbsp;французском&nbsp;<nobr>Ле-Мане</nobr>.</p>\r\n<p>\r\n	Руководитель чемпионата Европы по&nbsp;трак рейсингу Фабьен Кальве отмечает, что уровень организации российского этапа растёт с&nbsp;каждым годом. Вместе с&nbsp;тем о&nbsp;будущих Чемпионатах в&nbsp;России говорить сложно. Причины в&nbsp;том, что путешествие в&nbsp;Россию предполагает значительные финансовые затраты для участников, а&nbsp;также существуют сложности в&nbsp;прохождении границы. Эти моменты могут блокировать развитие проекта в&nbsp;России.</p>\r\n<p>\r\n	&nbsp;</p>\r\n<p>\r\n	</p>\r\n<p>\r\n	</p>\r\n<p>\r\n	</p>\r\n','2013-08-12 00:44:13','2013-08-01 10:30:00','\0','\0',5,2,0,6,'',NULL),(34,'Городская навигация подскажет маршрут',NULL,'<p>\r\n	Установка информационных стендов будет завершена к&nbsp;концу августа</p>\r\n','<p>\r\n	<img alt=\"\" data-gallery=\"false\" id=\"43ace520-7b18-410c-a29f-452f8594f979\" src=\"/content/userdata/news/34/43ace520-7b18-410c-a29f-452f8594f979.normal.png\" style=\"width: 1025px; height: 770px; \">В&nbsp;преддверии <nobr>1150-летия</nobr> Смоленска и&nbsp;в&nbsp;рамках долгосрочной областной целевой программы &laquo;Развития внутреннего и&nbsp;въездного туризма в&nbsp;Смоленской области&raquo; на&nbsp;2013&ndash;2015 годы началась установка системы туристской навигации.</p>\r\n<p>\r\n	В&nbsp;субботу, 3 августа, появились первые информационные стенды в&nbsp;Лопатинском саду, на&nbsp;Соборном холме, у&nbsp;церкви Петра и&nbsp;Павла и&nbsp;около гостиницы &laquo;Центральная&raquo;.</p>\r\n<p>\r\n	Всего по&nbsp;проекту предусмотрено поставить сначала 18 односторонних и&nbsp;двусторонних информационных панелей. Затем появятся еще 40 указателей. Все конструкции выполнены по&nbsp;международным стандартам. На&nbsp;стендах изображена привязанная к&nbsp;местности карта, на&nbsp;которой отмечены культурные и&nbsp;исторические достопримечательности, важные и&nbsp;интересные места в&nbsp;пятиминутной шаговой доступности, ближайшие кафе и&nbsp;гостиницы, а&nbsp;также зоны бесплатного доступа к&nbsp;Интернету. Название объектов для удобства туристов указаны как на&nbsp;русском, так и&nbsp;на&nbsp;английском языках.</p>\r\n<p>\r\n	Владислав Кононов, начальник департамента Смоленской области по&nbsp;культуре и&nbsp;туризму, считает, что система туристской навигации поможет гостям и&nbsp;жителям Смоленска лучше ориентироваться в&nbsp;городе и&nbsp;прокладывать самостоятельные маршруты.</p>\r\n<p>\r\n	Проект финансировался не&nbsp;из&nbsp;бюджетных средств. Система туристской навигации создавалась за&nbsp;счет средств Смоленского областного фонда поддержки предпринимательства.</p>\r\n<p>\r\n	По&nbsp;словам генерального директора Смоленского областного фонда поддержки предпринимательства Евгения Силакова, фонд принимает активное участие в&nbsp;проектах областной администрации, связанных с&nbsp;развитием туристического потенциала региона. Он&nbsp;подчеркивает, что реализация данных мероприятий будет в&nbsp;первую очередь способствовать росту предпринимательской активности в&nbsp;сфере сервиса и&nbsp;туризма.</p>\r\n<p>\r\n	Установку системы туристской навигации планируется завершить к&nbsp;концу августа. После юбилея проект продолжит своё развитие: подобные &laquo;карты&raquo; в&nbsp;течении нескольких лет появятся в&nbsp;спальных районах Смоленска.</p>\r\n','<p>\r\n	В&nbsp;преддверии <nobr>1150-летия</nobr> Смоленска и&nbsp;в&nbsp;рамках долгосрочной областной целевой программы &laquo;Развития внутреннего и&nbsp;въездного туризма в&nbsp;Смоленской области&raquo; на&nbsp;2013&ndash;2015 годы началась установка системы туристской навигации.</p>\r\n<p>\r\n	В&nbsp;субботу, 3 августа, появились первые информационные стенды в&nbsp;Лопатинском саду, на&nbsp;Соборном холме, у&nbsp;церкви Петра и&nbsp;Павла и&nbsp;около гостиницы &laquo;Центральная&raquo;.</p>\r\n<p>\r\n	Всего по&nbsp;проекту предусмотрено поставить сначала 18 односторонних и&nbsp;двусторонних информационных панелей. Затем появятся еще 40 указателей. Все конструкции выполнены по&nbsp;международным стандартам. На&nbsp;стендах изображена привязанная к&nbsp;местности карта, на&nbsp;которой отмечены культурные и&nbsp;исторические достопримечательности, важные и&nbsp;интересные места в&nbsp;пятиминутной шаговой доступности, ближайшие кафе и&nbsp;гостиницы, а&nbsp;также зоны бесплатного доступа к&nbsp;Интернету. Название объектов для удобства туристов указаны как на&nbsp;русском, так и&nbsp;на&nbsp;английском языках.</p>\r\n<p>\r\n	Владислав Кононов, начальник департамента Смоленской области по&nbsp;культуре и&nbsp;туризму, считает, что система туристской навигации поможет гостям и&nbsp;жителям Смоленска лучше ориентироваться в&nbsp;городе и&nbsp;прокладывать самостоятельные маршруты.</p>\r\n<p>\r\n	Проект финансировался не&nbsp;из&nbsp;бюджетных средств. Система туристской навигации создавалась за&nbsp;счет средств Смоленского областного фонда поддержки предпринимательства.</p>\r\n<p>\r\n	По&nbsp;словам генерального директора Смоленского областного фонда поддержки предпринимательства Евгения Силакова, фонд принимает активное участие в&nbsp;проектах областной администрации, связанных с&nbsp;развитием туристического потенциала региона. Он&nbsp;подчеркивает, что реализация данных мероприятий будет в&nbsp;первую очередь способствовать росту предпринимательской активности в&nbsp;сфере сервиса и&nbsp;туризма.</p>\r\n<p>\r\n	Установку системы туристской навигации планируется завершить к&nbsp;концу августа. После юбилея проект продолжит своё развитие: подобные &laquo;карты&raquo; в&nbsp;течении нескольких лет появятся в&nbsp;спальных районах Смоленска.</p>\r\n','2013-08-14 23:58:05','2013-08-04 14:15:00','\0','',0,3,0,7,'',NULL),(35,'Смолянка допрыгнула до золотой медали ',NULL,'<p>\r\n	Светлана Школина из&nbsp;города Ярцево стала чемпионкой мира по&nbsp;прыжкам в&nbsp;высоту</p>\r\n','<p>\r\n	Уроженка города Ярцева Смоленской области Светлана Школина победила в&nbsp;финале соревнований по&nbsp;прыжкам в&nbsp;высоту на&nbsp;Чемпионате мира по&nbsp;легкой атлетике. Мировое первенство завершилось 18 августа на&nbsp;стадионе &laquo;Лужники&raquo; в&nbsp;Москве.</p>\r\n<p>\r\n	На&nbsp;медаль высшей пробы было две претендентки: американка Бриджитта Барретт и&nbsp;россиянка Светлана Школина. Они обе взяли двухметровую отметку. Школина с&nbsp;первой попытки преодолела планку на&nbsp;высоте 2&nbsp;метра 3 сантиметра. Представительница США не&nbsp;смогла улучшить свой первый результат. Она снова уступила россиянке, как и&nbsp;год назад на&nbsp;Олимпиаде в&nbsp;Лондоне.</p>\r\n<p>\r\n	Светлана Владимировна Школина родилась 9&nbsp;марта 1986 года в&nbsp;городе Ярцево. Закончила ярцевскую <nobr>детско-юношескую</nobr> спортивную школу. Была неоднократной победительницей и&nbsp;призером всероссийских и&nbsp;международных соревнований по&nbsp;легкой атлетике. Стала бронзовым призером Олимпиады 2012 года в&nbsp;Лондоне. Имеет звание заслуженного мастера спорта России по&nbsp;легкой атлетике. За&nbsp;высокие спортивные результаты удостоена спортивной стипендии администрации Смоленской области.</p>\r\n<p>\r\n	Ещё один смоленский спортсмен выступил на&nbsp;Чемпионате мира. Алексей Фёдоров, воспитанник смоленской <nobr>детско-юношеской</nobr> спортшколы олимпийского резерва имени <nobr>Ф. Т. Михеенко</nobr>, занял пятое место в&nbsp;тройном прыжке. Его результат&nbsp;&mdash; 16&nbsp;метров 90 сантиметров.</p>\r\n',NULL,'2013-08-20 18:33:00','2013-08-19 20:28:00','','',0,2,0,6,'',NULL),(36,'В коридоре гагаринского роддома решили кадровую проблему',NULL,'<p>\r\n	Временное решение кадровой проблемы роддома областной департамент здравоохранения нашел в&nbsp;акушерках из&nbsp;Новодугино</p>\r\n','<p>\r\n	Делегация областного департамента по&nbsp;здравоохранению во&nbsp;главе с&nbsp;Владимиром Степченковым посетила 16 августа гагаринский роддом. В&nbsp;тот&nbsp;же день родильный дом возобновил свою работу.</p>\r\n<p>\r\n	В&nbsp;ходе встречи главврач &laquo;Гагаринской РЦП&raquo; Наталья Иванова показала отремонтированные помещения больницы, современное импортное оборудование палат и&nbsp;боксов. Прямо в&nbsp;коридоре роддома, в&nbsp;рабочей обстановке, специалисты департамента Виктория Макарова и&nbsp;Ирина Майорова обсудили с&nbsp;Натальей Ивановой нехватку кадров, выход из&nbsp;положения и&nbsp;технические вопросы обмена недостающими медицинскими работниками. Начальник департамента здравоохранения Смоленской области подчеркнул, что ситуацию надо решать сейчас. Поэтому на&nbsp;первое время помогать гагаринскому роддому будут акушерки из&nbsp;Новодугино.</p>\r\n<p>\r\n	Владимир Степченков посоветовал главврачу родильного дома выстраивать наиболее гибкий штатный график, доплачивать медицинским работникам других отделений районной больницы за&nbsp;дополнительное дежурство. Начальник облдепартамента дал обещание при необходимости помочь спланировать систему сверхурочной оплаты труда для медицинских работников.</p>\r\n<p>\r\n	Степченков отметил, что в&nbsp;Гагаринском районе, в&nbsp;отличии от&nbsp;других районов Смоленской области, при небольшом бюджете медицинским работникам оказывается столько поддержки: помощь в&nbsp;поднаеме жилья, выплачиваются подъемные и&nbsp;ежемесячные выплаты молодым специалистам, предоставляются квартиры врачам, компенсируются транспортные расходы работающим на&nbsp;селе.</p>\r\n<p>\r\n	Начальник департамента Смоленской области подчеркнул, что &laquo;Москва забирает у&nbsp;нас медицинских работников, но&nbsp;мы&nbsp;будем стараться продолжать улучшать условия работы на&nbsp;месте&raquo; .</p>\r\n','','2013-08-21 23:35:34','2013-08-18 10:30:00','\0','',0,2,1,3,'',NULL),(37,'Смоленские часы не выдержали предъюбилейного напряжения',NULL,'<p>\r\n	Юбилейные часы на&nbsp;Громовой башне простояли сломанными 3 дня</p>\r\n','<p>\r\n	Вечером 3 августа часы на&nbsp;Громовой башне крепостной стены, отсчитывающие дни и&nbsp;минуты до&nbsp;юбилея города Смоленска, дали сбой. На&nbsp;электронной бегущей строке замигали непонятные цифры, стрелки часов сначала замерли на&nbsp;времени 19:40, затем продолжили ход со&nbsp;значительным отставанием. Рубеж в&nbsp;8 часов часы не&nbsp;смогли преодолеть и&nbsp;в&nbsp;воскресенье. До&nbsp;юбилея <nobr>по-прежнему</nobr> оставалось 52 дня.</p>\r\n<p>\r\n	Поломку обнаружили жители города. Информация о&nbsp;случившемся распространилась в&nbsp;социальных сетях. О&nbsp;часовом казусе узнали жители Москвы, Калининграда, <nobr>Санкт-Петербурга</nobr>. Смоленские городские власти, находящиеся в&nbsp;мэрии напротив сломавшихся часов, никак не&nbsp;реагировали два дня.</p>\r\n<p>\r\n	В&nbsp;понедельник 5 августа на&nbsp;совещании у&nbsp;главы города было принято решение заняться исправлением часов во&nbsp;вторник 6 августа. Была озвучена и&nbsp;причина часовой поломки. Компьютер, который отвечает за&nbsp;работу часов, перенёс скачок электрического напряжения, поэтому сбились настройки в&nbsp;часах. Сам компьютер находится в&nbsp;музее &laquo;Смоленский щит&raquo;, расположенном в&nbsp;Громовой башне. А&nbsp;в&nbsp;музее понедельник&nbsp;&mdash; выходной день.</p>\r\n<p>\r\n	По&nbsp;словам начальника информационного отдела администрации города Смоленска Юрия Вершовского, ремонт часов начался во&nbsp;вторник в&nbsp;9 часов 5&nbsp;минут. Специалист, к&nbsp;которому обратилось Управление культуры администрации города Смоленска, перезапустил компьютерную программу, управляющую часами. Через 7&nbsp;минут, в&nbsp;9 часов 12&nbsp;минут, хронометр стал показывать реальное время и&nbsp;количество дней, оставшихся до&nbsp;юбилея города.</p>\r\n<p>\r\n	Часы на&nbsp;Громовой башне в&nbsp;Смоленске были установлены ко&nbsp;Дню города в&nbsp;2011 году. Их&nbsp;стоимость составила полмиллиона рублей городского бюджета.</p>\r\n','','2013-08-22 11:14:43','2013-08-07 10:30:00','\0','',0,2,0,3,'',NULL),(38,'«Сказка начинается» в Смоленске',NULL,'<p>\r\n	<nobr>23-го</nobr> августа откроется экспозиция интерактивной выставки движущихся фигур из <nobr>Санкт-Петербурга</nobr></p>\r\n\r\n','<p>\r\n	С 23 августа по 29 сентября в здании музея «Русская старина» начнет работать интерактивная выставка движущихся фигур из <nobr>Санкт-Петербурга</nobr> «Сказка начинается».</p>\r\n<p>\r\n	Дети и взрослые смогут поучаствовать в предлагаемых сказочных и фантастических сюжетах. Они встретятся с доктором Айболитом, Карлсоном, <nobr>Синдбадом-Мореходом</nobr>, Ильей Муромцем, Бабой Ягой, Кащеем Бессмертным, Василисой Премудрой; загадочным миром Пандоры. Герои, выполненные в натуральную величину с максимальным правдоподобием, красочные декорации и разнообразные спецэффекты перенесут посетителей в традиционные сказочные сюжеты и напомнят, что победа добра над злом зависит от каждого из нас.</p>\r\n<p>\r\n	Экскурсия продолжительностью в 20 минут входит в стоимость билета (для взрослых — 200 рублей; пенсионеры, школьники, дети от 4 лет — 150 рублей; группы детей от 10 человек — 100 рублей; дети до <nobr>3-х</nobr> лет — бесплатно). На выставке можно будет бесплатно фотографировать и снимать видео. Подробности по телефону: <nobr>38-15-91</nobr>.</p>\r\n<p>\r\n	Интерактивная выставка движущихся фигур из <nobr>Санкт-Петербурга</nobr> — один из лучших проектов среди передвижных выставок подобного направления. Она существует в единственном экземпляре.</p>\r\n\r\n','','2013-08-22 11:31:17','2013-08-20 09:24:00','\0','\0',0,0,0,7,'',NULL),(39,'Администрация области и епархия заключили Соглашение ',NULL,'<p>\r\n	В преддверии визита Патриарха Кирилла администрация и епархия подписали соглашение о сотрудничестве в сфере образования</p>\r\n\r\n','<p>\r\n	В здании администрации Смоленской области состоялась рабочая встреча губернатора Алексея Островского и правящего архиерея Смоленской епархии епископа Исидора. В результате встречи было подписано соглашение о сотрудничестве в сфере образовательной, социальной и <nobr>культурно-просветительской</nobr> деятельности между Администрацией Смоленской области и Смоленской епархии Русской Православной Церкви.</p>\r\n<p>\r\n	Основная цель соглашения — развитие региональной системы <nobr>духовно-нравственного</nobr> воспитания детей и молодежи в традициях православной культуры.</p>\r\n<p>\r\n	В рамках соглашения администрация области обеспечит изучение основ православной культуры во 2–3 и 5–7 классах школ Смоленска и области в объеме одного учебного часа внеурочной деятельности. При этом мнение родителей или законных представителей учеников будет учтено.</p>\r\n<p>\r\n	Документ предполагает совместную разработку, издание и приобретение учебников и пособий по учебным предметам и факультативным курсам православной направленности. В нем обращается внимание на организацию внеурочной воспитательной деятельности детей и молодежи <nobr>духовно-нравственного</nobr> и патриотического направления. Также соглашение касается участия региона в <nobr>духовно-просветительских</nobr> программах, организуемых Московским патриархом и федеральными органами исполнительной власти.</p>\r\n<p>\r\n	Администрация окажет содействие по введению в учебный план Смоленского педагогического колледжа специальности «Научное образование» курса «Теория и методика преподавания основ религиозных культур и светской этики». Такой же курс появится и на кафедре «Теория и методика начального образования» <nobr>психолого-педагогического</nobr> факультета Смоленского государственного университета.</p>\r\n<p>\r\n	Алексей Островский в ходе встречи подчеркнул: «Образование — одна из ключевых сфер взаимодействия администрации и епархии. Тематика воспитания детей и молодежи — на особом контроле Святейшего Патриарха Кирилла. Сегодняшняя наша встреча и подписание соглашения в преддверии визита Святейшего Патриарха — это очень значимый сигнал и смолянам, и церкви».</p>\r\n<p>\r\n	В свою очередь епископ Смоленский и Вяземский Исидор отметил: «Те инициативы, которые исходят от меня и горячо поддерживаются Вами, являются инициативами Святейшего Патриарха. Что касается подписания нашего соглашения — это большая работа, которая была проведена лично Вами и Вашими помощниками. Сотрудничество и взаимодействие в образовательной сфере — путь, который еще не пройден в соседних губерниях. Мы с Вами проводим ту работу, которая пока еще многими не проводилась. И дай Бог, что многие губернаторы последуют Вашему примеру и также предпринимали шаги по реализации православного сегмента в образовании».</p>\r\n<p>\r\n	Губернатор и епископ планируют провести большое совещание с участием администраций всех муниципальных образований Смоленской области сразу после завершения значимых для города и региона мероприятий. «Чтобы те сигналы в области образования, которые идут от высшего руководства страны, от Святейшего Патриарха, которые ретранслируются нами, были услышаны и в муниципальных образованиях», — резюмировал Алексей Островский.</p>\r\n<p>\r\n	Подписанное соглашение послужит укреплению многолетнего сотрудничества церкви и государственной власти в регионе, которое было заложено ещё при митрополите Кирилле, а сейчас — Святейшем Патриархе.</p>\r\n\r\n','','2013-08-22 22:35:12','2013-08-21 21:45:00','','',3,1,3,1,'',NULL),(40,'Возбуждено очередное «юбилейное» дело','Четыре миллиона на ремонт','<p>\r\n	Стоимость ремонтных работ завысили на&nbsp;4&nbsp;миллиона рублей</p>\r\n','<p>\r\n	Следственные органы УМВД по&nbsp;Смоленской области возбудили уголовное дело по&nbsp;факту хищения <nobr>4-х</nobr> миллионов рублей во&nbsp;время ремонта хирургического корпуса ОБГУЗ &laquo;Смоленский областной онкологический клинический диспансер&raquo;.</p>\r\n<p>\r\n	<iframe allowfullscreen=\"\" frameborder=\"0\" height=\"360\" src=\"//www.youtube.com/embed/RRqcogKtUfo\" width=\"640\"></iframe></p>\r\n<p>\r\n	По&nbsp;версии следствия, в&nbsp;отчетные документы формы <nobr>КС-2</nobr> и&nbsp;акт о&nbsp;выполненных работах были внесены ложные сведения об&nbsp;объемах и&nbsp;стоимости фактически выполненных работ. В&nbsp;ходе проведенной проверки сотрудники УЭБ и&nbsp;ПК&nbsp;областного УМВД выявили завышения фактически выполненных работ. При сумме контракта около 8,5&nbsp;миллионов рублей завышение стоимости составило свыше 4&nbsp;миллиона рублей.</p>\r\n<p>\r\n	В&nbsp;рамках реализации программы подготовки к&nbsp;празднованию <nobr>1150-летия</nobr> Смоленска в&nbsp;сентябре 2012 года был проведен электронный аукцион по&nbsp;ремонту фасадов и&nbsp;благоустройства территории объекта культурного населения&nbsp;&mdash; хирургического корпуса Смоленского онкодиспансера. Аукцион выиграла московская строительная фирма. С&nbsp;ней заключили договор, по&nbsp;которому ремонтные работы должны были проводиться с&nbsp;21 сентября до&nbsp;15 декабря 2012 года. Заказчик оплатил работы в&nbsp;рамках всей суммы контракта в&nbsp;конце декабря 2012 года.</p>\r\n<p>\r\n	Выявлен факт мошенничества в&nbsp;особо крупном размере. Уголовное дело возбуждено по&nbsp;признакам преступления, предусмотренного ч.4 ст.159 УК&nbsp;РФ&nbsp;&laquo;Мошенничество, совершенное в&nbsp;особо крупном размере&raquo;. Проводится расследование.</p>\r\n','','2013-08-27 19:46:14','2013-08-22 19:42:00','\0','',0,3,3,5,'Редакцией SmolToday.ru',''),(41,'Список миллиардеров Forbes пополнился трансгендером','','<p>\r\n	<span style=\"color: rgb(68, 68, 68); font-family: Arial, Verdana, Helvetica, \'Helvetica Neue\', Verdana, sans-serif; line-height: 18px;\">За минувший год совокупное состояние богатейших людей Америки выросло на 19% и превысило 2 трлн. долларов, то есть сравнялся с годовым ВВП России.</span></p>\r\n','<p>\r\n	<img alt=\"\" data-gallery=\"false\" id=\"cfe8f7c3-5989-476e-acdf-d88837f7e160\" src=\"/content/userdata/news/41/cfe8f7c3-5989-476e-acdf-d88837f7e160.normal.jpg\" style=\"width: 463px; height: 272px;\">За минувший год совокупное состояние богатейших людей Америки выросло на 19% и превысило 2 трлн. долларов, то есть сравнялся с годовым ВВП России.</p>\r\n<p>\r\n	Таковы оценки журнала Forbes, который в понедельник опубликовал свой ежегодный список 400 самых богатых людей США.</p>\r\n<p>\r\n	&ldquo;Большая тройка&rdquo; не изменилась: в 20-й раз подряд ее возглавил совладелец корпорации Microsoft Билл Гейтс, его состояние Forbes оценил в 72 млрд долларов (54 млрд. евро), на втором месте инвестор Уоррен Баффет (47,3 млрд. евро), на третьем &ndash; основатель Oracle Ларри Эллисон ( 30,6 млрд евро).</p>\r\n<p>\r\n	Самый молодой фигурант списка &ndash; создатель Facebook Марк Цукерберг (14 млрд. евро), самый старший &ndash; 98-летний Дэвид Рокфеллер (2 млрд. евро)</p>\r\n<p>\r\n	Аналитики отмечают, что среди молодых участников рейтинга многие сделали состояние в IT-индустрии. Помимо Цукерберга, это основатель Dell Майкл Делл, совладельцы Google Ларри Пейдж и Сергей Брин, соучредитель Yahoo! Джерри Янг.</p>\r\n<p>\r\n	Самым же экстравагантным &ldquo;форбсом&rdquo; можно считать Дженифер Прицкер, состояние &ndash; 1,3 млрд евро. В прошлом году она еще была мужчиной &ndash; Джеймсом, так что это первый в США миллиардер-трансгендер.</p>\r\n<div class=\"media_embed\" style=\"text-align: center;\">\r\n	<iframe allowfullscreen=\"\" frameborder=\"0\" height=\"360\" scrolling=\"no\" src=\"//www.youtube.com/embed/pkxecn46bZk\" width=\"640\"></iframe></div>\r\n','<p>\r\n	За минувший год совокупное состояние богатейших людей Америки выросло на 19% и превысило 2 трлн. долларов, то есть сравнялся с годовым ВВП России.</p>\r\n<p>\r\n	Таковы оценки журнала Forbes, который в понедельник опубликовал свой ежегодный список 400 самых богатых людей США.</p>\r\n<p>\r\n	&ldquo;Большая тройка&rdquo; не изменилась: в 20-й раз подряд ее возглавил совладелец корпорации Microsoft Билл Гейтс, его состояние Forbes оценил в 72 млрд долларов (54 млрд. евро), на втором месте инвестор Уоррен Баффет (47,3 млрд. евро), на третьем &ndash; основатель Oracle Ларри Эллисон ( 30,6 млрд евро).</p>\r\n<p>\r\n	Самый молодой фигурант списка &ndash; создатель Facebook Марк Цукерберг (14 млрд. евро), самый старший &ndash; 98-летний Дэвид Рокфеллер (2 млрд. евро)</p>\r\n<p>\r\n	Аналитики отмечают, что среди молодых участников рейтинга многие сделали состояние в IT-индустрии. Помимо Цукерберга, это основатель Dell Майкл Делл, совладельцы Google Ларри Пейдж и Сергей Брин, соучредитель Yahoo! Джерри Янг.</p>\r\n<p>\r\n	Самым же экстравагантным &ldquo;форбсом&rdquo; можно считать Дженифер Прицкер, состояние &ndash; 1,3 млрд евро. В прошлом году она еще была мужчиной &ndash; Джеймсом, так что это первый в США миллиардер-трансгендер.</p>\r\n<div class=\"media_embed\" style=\"text-align: center;\">\r\n	<iframe allowfullscreen=\"\" frameborder=\"0\" height=\"360\" scrolling=\"no\" src=\"//www.youtube.com/embed/pkxecn46bZk\" width=\"640\"></iframe></div>\r\n','2013-09-18 10:44:50','2013-09-18 10:26:00','\0','\0',5,3,1,4,'','Бизнес'),(42,'Банк России выпустил памятные монеты к юбилею Смоленска ','','<p>\r\n	Банк России выпустил в обращение памятные монеты из драгоценных металлов к юбилею Смоленска</p>\r\n','<p>\r\n	<img alt=\"\" data-gallery=\"false\" id=\"77ede07f-f83c-43d1-a224-b52e79ac327e\" src=\"/content/userdata/news/42/77ede07f-f83c-43d1-a224-b52e79ac327e.normal.jpg\" style=\"width: 463px; height: 272px;\">В частности, в обращение выпущены серебряные монеты номиналом три и 25 рублей, а также золотая монета номиналом 50 рублей серии &quot;1150-летие основания г. Смоленска&quot;.</p>\r\n<p>\r\n	Серебряная монета номиналом три рубля содержит 31,1 г серебра 925 пробы, серебряная монета номиналом 25 рублей содержит 155,5 г драгоценного металла 925 пробы. Золотая монета номиналом 50 рублей содержит 7,78 г драгоценного металла в чистоте 999 пробы. Монеты имеют форму круга диаметром, соответственно, 39, 60 и 22,6 мм.</p>\r\n<p>\r\n	На лицевой стороне монет в круге, обрамленном бусовым ободком, расположено рельефное изображение эмблемы Банка России - двуглавого орла с опущенными крыльями, под ним надпись полукругом &quot;Банк России&quot;, а также по окружности имеются надписи, разделенные точками: номинал монет - &quot;Три рубля&quot;, &quot;Двадцать пять рублей&quot;, &quot;Пятьдесят рублей&quot;, соответственно, год чеканки - &quot;2013 г.&quot;. Между ними проставлены обозначение металла по периодической системе элементов Д.И. Менделеева, проба сплава для монет номиналом 3 и 25 рублей, проба для монеты номиналом 50 рублей, товарный знак Московского монетного двора и масса драгоценного металла в чистоте. На оборотной стороне серебряной монеты номиналом три рубля расположены рельефные изображения церкви святых апостолов Петра и Павла и церкви Святой Великомученицы Варвары, вверху - мифической птицы Гамаюн, слева - архангела и справа - Святого мученика Меркурия Смоленского, имеются надписи: вверху - &quot;1150 лет&quot;, внизу - &quot;Смоленск&quot;. На оборотной стороне серебряной монеты номиналом 25 рублей расположены рельефные изображения вверху Смоленской иконы Божьей Матери &quot;Одигитрия&quot; и в центре гербового щита на фоне Свято-Успенского кафедрального собора, церкви Великомученика&nbsp;Георгия Победоносца&nbsp;и фрагмента крепостной стены, вверху - мифической птицы Гамаюн, слева - архангела и справа - Святого мученика Меркурия Смоленского и внизу силуэтных изображений кораблей, внизу имеются надписи &quot;Смоленск&quot; и &quot;1150 лет&quot;. Оборотная сторона золотой монеты украшена рельефными изображениями гербового щита и птицы Гамаюн, а также надписями слева - &quot;Смоленск&quot;, справа - &quot;1150 лет&quot;.</p>\r\n<p>\r\n	Серебряные монеты номиналом три рубля выпущены тиражом в пять тысяч штук, тираж серебряной монеты номиналом в 25 рублей и золотой монеты в 50 рублей составил по 1,5 тыс. штук.</p>\r\n<p>\r\n	<noindex></noindex>Источник:&nbsp;<a href=\"http://www.regnum.ru/news/1657928.html#ixzz2fE8Ou7mS\">http://www.regnum.ru/</a><br>\r\n	&nbsp;</p>\r\n','<p>\r\n	В частности, в обращение выпущены серебряные монеты номиналом три и 25 рублей, а также золотая монета номиналом 50 рублей серии &quot;1150-летие основания г. Смоленска&quot;.</p>\r\n<p>\r\n	Серебряная монета номиналом три рубля содержит 31,1 г серебра 925 пробы, серебряная монета номиналом 25 рублей содержит 155,5 г драгоценного металла 925 пробы. Золотая монета номиналом 50 рублей содержит 7,78 г драгоценного металла в чистоте 999 пробы. Монеты имеют форму круга диаметром, соответственно, 39, 60 и 22,6 мм.</p>\r\n<p>\r\n	На лицевой стороне монет в круге, обрамленном бусовым ободком, расположено рельефное изображение эмблемы Банка России - двуглавого орла с опущенными крыльями, под ним надпись полукругом &quot;Банк России&quot;, а также по окружности имеются надписи, разделенные точками: номинал монет - &quot;Три рубля&quot;, &quot;Двадцать пять рублей&quot;, &quot;Пятьдесят рублей&quot;, соответственно, год чеканки - &quot;2013 г.&quot;. Между ними проставлены обозначение металла по периодической системе элементов Д.И. Менделеева, проба сплава для монет номиналом 3 и 25 рублей, проба для монеты номиналом 50 рублей, товарный знак Московского монетного двора и масса драгоценного металла в чистоте. На оборотной стороне серебряной монеты номиналом три рубля расположены рельефные изображения церкви святых апостолов Петра и Павла и церкви Святой Великомученицы Варвары, вверху - мифической птицы Гамаюн, слева - архангела и справа - Святого мученика Меркурия Смоленского, имеются надписи: вверху - &quot;1150 лет&quot;, внизу - &quot;Смоленск&quot;. На оборотной стороне серебряной монеты номиналом 25 рублей расположены рельефные изображения вверху Смоленской иконы Божьей Матери &quot;Одигитрия&quot; и в центре гербового щита на фоне Свято-Успенского кафедрального собора, церкви Великомученика&nbsp;Георгия Победоносца&nbsp;и фрагмента крепостной стены, вверху - мифической птицы Гамаюн, слева - архангела и справа - Святого мученика Меркурия Смоленского и внизу силуэтных изображений кораблей, внизу имеются надписи &quot;Смоленск&quot; и &quot;1150 лет&quot;. Оборотная сторона золотой монеты украшена рельефными изображениями гербового щита и птицы Гамаюн, а также надписями слева - &quot;Смоленск&quot;, справа - &quot;1150 лет&quot;.</p>\r\n<p>\r\n	Серебряные монеты номиналом три рубля выпущены тиражом в пять тысяч штук, тираж серебряной монеты номиналом в 25 рублей и золотой монеты в 50 рублей составил по 1,5 тыс. штук.</p>\r\n<p>\r\n	<noindex></noindex>Источник:&nbsp;<a href=\"http://www.regnum.ru/news/1657928.html#ixzz2fE8Ou7mS\">http://www.regnum.ru/</a><br>\r\n	&nbsp;</p>\r\n','2013-09-18 11:32:25','2013-09-18 11:30:00','','',5,25,1,3,'','смоленск, 1150лет, банк россии'),(43,'Три смоленские школы попали в топ-500 лучших в стране','','<p>\r\n	Гимназия № 1 имени Пржевальского, школа-интернат имени Кирилла и Мефодия и школа № 33 Смоленска оказались в числе наиболее достойных учебных заведений России. Критериями стали результаты ЕГЭ и предметных олимпиад выпускников.</p>\r\n','<p>\r\n	<img alt=\"\" data-gallery=\"false\" id=\"6a2c1cfe-2260-4576-900b-a4104c3235c8\" src=\"/content/userdata/news/43/6a2c1cfe-2260-4576-900b-a4104c3235c8.normal.jpg\" style=\"width: 400px; height: 300px;\">Как сообщили в Московском центре непрерывного математического образования, составившем рейтинг, оценивались две главные задачи школ - получение качественного образования и развитие талантов ребенка. Качество образования оценивалось по результатам ЕГЭ, а развитие талантов - по результатам олимпиад школьников. За каждого выпускника, получившего 220 баллов по трем предметам, школа получала 1 балл, за набравшего от 190 до 219 баллов - по 0,5 балла.</p>\r\n<p>\r\n	В рейтинг попали школы 77 регионов страны. Больше всего их оказалось в Москве - 89. Много учреждений, дающих качественное среднее образование, оказалось в Татарстане (19) и Челябинской области (18). У наших соседей - Брянской, Тверской и Калужской областей - по четыре приличные школы. На Смоленщине, как и на Псковщине, их оказалось три - гимназия № 1 имени Пржевальского, школа-интернат с углубленным изучением отдельных предметов имени Кирилла и Мефодия и школа № 33 облцентра.</p>\r\n<p>\r\n	Специальных финансовых премий за &quot;победу&quot; не полагается, но Министерство образования и науки направило в регионы письма с просьбой поддержать отличившиеся учебные заведения и их администрацию.</p>\r\n<p>\r\n	&quot;Мы будем использовать опыт лучших школ России, - отметила первый заместитель министра образования Наталья Третьяк. - Мы надеемся, что они станут федеральными стажировочными площадками, и это предполагает финансовую помощь от государства. Мы рассчитываем, что губернаторы отметят выдающуюся работу директоров&quot;.</p>\r\n','<p>\r\n	Как сообщили в Московском центре непрерывного математического образования, составившем рейтинг, оценивались две главные задачи школ - получение качественного образования и развитие талантов ребенка. Качество образования оценивалось по результатам ЕГЭ, а развитие талантов - по результатам олимпиад школьников. За каждого выпускника, получившего 220 баллов по трем предметам, школа получала 1 балл, за набравшего от 190 до 219 баллов - по 0,5 балла.</p>\r\n<p>\r\n	В рейтинг попали школы 77 регионов страны. Больше всего их оказалось в Москве - 89. Много учреждений, дающих качественное среднее образование, оказалось в Татарстане (19) и Челябинской области (18). У наших соседей - Брянской, Тверской и Калужской областей - по четыре приличные школы. На Смоленщине, как и на Псковщине, их оказалось три - гимназия № 1 имени Пржевальского, школа-интернат с углубленным изучением отдельных предметов имени Кирилла и Мефодия и школа № 33 облцентра.</p>\r\n<p>\r\n	Специальных финансовых премий за &quot;победу&quot; не полагается, но Министерство образования и науки направило в регионы письма с просьбой поддержать отличившиеся учебные заведения и их администрацию.</p>\r\n<p>\r\n	&quot;Мы будем использовать опыт лучших школ России, - отметила первый заместитель министра образования Наталья Третьяк. - Мы надеемся, что они станут федеральными стажировочными площадками, и это предполагает финансовую помощь от государства. Мы рассчитываем, что губернаторы отметят выдающуюся работу директоров&quot;.</p>\r\n','2013-09-18 13:59:33','2013-09-18 13:54:00','\0','',5,14,1,3,'','Школа'),(44,'Житель Пржевальского нашел в лесу свыше ста килограммов тротила','','<p>\r\n	Проходя мимо окопа времен войны, 31-летний мужчина заметил большое количество сохранившегося с тех пор взрывчатого вещества. Свою находку он сдал в полицию за деньги.</p>\r\n','<p>\r\n	<a href=\"http://media.moyareklama.ru/i/n/0/218/218967.jpg\"><img alt=\"\" data-gallery=\"false\" src=\"/content/userdata/news/44/08cacd76-25a4-4b85-ac79-87f5a4bef360.normal.jpg\" style=\"width: 400px; height: 300px;\" id=\"08cacd76-25a4-4b85-ac79-87f5a4bef360\"></a>Как сообщили в УМВД, продолжается сдача жителями региона незаконно хранящегося у них огнестрельного оружия, боеприпасов и взрывчатых веществ на возмездной основе.</p>\r\n<p>\r\n	Так, 16 сентября в отделение полиции по Демидовскому району обратился 31-летний житель поселка Пржевальское, сообщивший, что несколько часов назад неподалеку от деревни Покровское, находясь в лесу и проходя мимо траншеи окопа времен Великой Отечественной войны, он обнаружил большое количество тротила.</p>\r\n<p>\r\n	По словам мужчины, грунт возле траншеи осыпался, а под ним оказалось вещество, похожее на тротил. Найденное гражданин, неоднократно слышавший из СМИ о возмездной сдаче оружия и боеприпасов, решил сложить в мешки и отнести в полицию.</p>\r\n<p>\r\n	Общий вес сданного вещества составил более 100 килограммов. По данному факту проводится проверка, назначены экпертизы.</p>\r\n','<p>\r\n	<a href=\"http://media.moyareklama.ru/i/n/0/218/218967.jpg\"></a>Как сообщили в УМВД, продолжается сдача жителями региона незаконно хранящегося у них огнестрельного оружия, боеприпасов и взрывчатых веществ на возмездной основе.</p>\r\n<p>\r\n	Так, 16 сентября в отделение полиции по Демидовскому району обратился 31-летний житель поселка Пржевальское, сообщивший, что несколько часов назад неподалеку от деревни Покровское, находясь в лесу и проходя мимо траншеи окопа времен Великой Отечественной войны, он обнаружил большое количество тротила.</p>\r\n<p>\r\n	По словам мужчины, грунт возле траншеи осыпался, а под ним оказалось вещество, похожее на тротил. Найденное гражданин, неоднократно слышавший из СМИ о возмездной сдаче оружия и боеприпасов, решил сложить в мешки и отнести в полицию.</p>\r\n<p>\r\n	Общий вес сданного вещества составил более 100 килограммов. По данному факту проводится проверка, назначены экпертизы.</p>\r\n','2013-09-18 14:07:37','2013-09-18 14:05:00','\0','',5,13,1,3,'','Общество'),(45,'«Он самый страшный в мире «крокодил»','Крокодил','<p>\r\n	В Смоленске выявлен и ликвидирован очередной дезоморфиновый притон. Любители дешевого и довольно опасного заменителя героина длительное время собирались в одном из жилых домов областного центра. До тех пор пока в гости не пожаловали наркопоицейские.</p>\r\n','<p>\r\n	<img alt=\"В Смоленске выявлен и ликвидирован очередной дезоморфиновый притон\" data-gallery=\"false\" id=\"b5cb90b2-6478-4e11-a3b6-d0148f5f440d\" src=\"/content/userdata/news/45/b5cb90b2-6478-4e11-a3b6-d0148f5f440d.normal.jpg\" style=\"width: 400px; height: 300px;\"><img alt=\"В Смоленске выявлен и ликвидирован очередной дезоморфиновый притон\" data-gallery=\"false\" id=\"2e858bb2-7582-433a-895f-17b8e54e3f7a\" src=\"/content/userdata/news/45/2e858bb2-7582-433a-895f-17b8e54e3f7a.normal.jpg\" style=\"width: 400px; height: 300px;\"><img alt=\"В Смоленске выявлен и ликвидирован очередной дезоморфиновый притон\" data-gallery=\"false\" id=\"e48d697d-ef54-4d6a-b5c7-0868cd1110c9\" src=\"/content/userdata/news/45/e48d697d-ef54-4d6a-b5c7-0868cd1110c9.normal.jpg\" style=\"width: 400px; height: 300px;\"><img alt=\"В Смоленске выявлен и ликвидирован очередной дезоморфиновый притон\" data-gallery=\"false\" id=\"b9e984c6-bf34-48ae-8b54-be81a7a88cdb\" src=\"/content/userdata/news/45/b9e984c6-bf34-48ae-8b54-be81a7a88cdb.normal.jpg\" style=\"width: 400px; height: 300px;\"><img alt=\"В Смоленске выявлен и ликвидирован очередной дезоморфиновый притон\" data-gallery=\"false\" id=\"1fe223c3-5fda-46af-9e10-6e8243d2a209\" src=\"/content/userdata/news/45/1fe223c3-5fda-46af-9e10-6e8243d2a209.normal.jpg\" style=\"width: 400px; height: 300px;\">В Смоленске выявлен и ликвидирован очередной дезоморфиновый притон. Любители дешевого и довольно опасного заменителя героина длительное время собирались в одном из жилых домов областного центра. До тех пор пока в гости не пожаловали наркопоицейские.</p>\r\n<p>\r\n	Дезоморфин или как прозвали его сами наркоманы &laquo;крокодил&raquo; изготавливался и употреблялся в квартире жилого здания на улице Витебское шоссе. Хозяином жилплощади и одновременно содержателем притона оказался нигде не работающий 25-летний смолянин. Как выяснилось, ранее мужчина уже был судим за незаконный оборот наркотиков. Однако отказаться от пагубного пристрастия так и не смог. В ходе операции сотрудники регионального Управления ФСКН обнаружили и изъяли около 200 пачек кодеинсодержащих препаратов &mdash; сырья для производства зелья, а также большое количество одноразовых шприцев с остатками ядовитого варева. Все необходимое, по словам семерых задержанных, без труда и без рецептов приобреталось в одной из аптек микрорайона Южный. В отношении 6-ых потребителей наркотика возбуждены дела об административных правонарушениях. И, если за содеянное им грозит штраф в 4 тысячи рублей или до 15 суток ареста, то владелец квартиры имеет все шансы получить очередной срок лишения свободы &mdash; вплоть до 20 лет. Всего за 8 месяцев 2013 года в Смоленской области выявлено и ликвидировано 36 наркопритонов. Напоминаем, что информацию о местах распространения и употребления запрещенных препаратов, а также лицах, причастных к незаконной торговле, можно круглосуточно сообщить по телефону доверия 64-91-49.</p>\r\n','<p>\r\n	В Смоленске выявлен и ликвидирован очередной дезоморфиновый притон. Любители дешевого и довольно опасного заменителя героина длительное время собирались в одном из жилых домов областного центра. До тех пор пока в гости не пожаловали наркопоицейские.</p>\r\n<p>\r\n	Дезоморфин или как прозвали его сами наркоманы &laquo;крокодил&raquo; изготавливался и употреблялся в квартире жилого здания на улице Витебское шоссе. Хозяином жилплощади и одновременно содержателем притона оказался нигде не работающий 25-летний смолянин. Как выяснилось, ранее мужчина уже был судим за незаконный оборот наркотиков. Однако отказаться от пагубного пристрастия так и не смог. В ходе операции сотрудники регионального Управления ФСКН обнаружили и изъяли около 200 пачек кодеинсодержащих препаратов &mdash; сырья для производства зелья, а также большое количество одноразовых шприцев с остатками ядовитого варева. Все необходимое, по словам семерых задержанных, без труда и без рецептов приобреталось в одной из аптек микрорайона Южный. В отношении 6-ых потребителей наркотика возбуждены дела об административных правонарушениях. И, если за содеянное им грозит штраф в 4 тысячи рублей или до 15 суток ареста, то владелец квартиры имеет все шансы получить очередной срок лишения свободы &mdash; вплоть до 20 лет. Всего за 8 месяцев 2013 года в Смоленской области выявлено и ликвидировано 36 наркопритонов. Напоминаем, что информацию о местах распространения и употребления запрещенных препаратов, а также лицах, причастных к незаконной торговле, можно круглосуточно сообщить по телефону доверия 64-91-49.</p>\r\n','2013-09-18 14:12:10','2013-09-18 14:10:00','','',5,15,5,5,'Алексеем Ивановым','Происшествия'),(46,'Президент Бразилии отменила визит в США из-за скандала, вскрытого Сноуденом','','<p>\r\n	Государственный визит в США президента Бразилии Дилмы Роуссефф перенесен на более поздний срок. Белый дом подтвердил это в заявлении от имени своего пресс-секретаря.</p>\r\n','<p>\r\n	<img alt=\"\" data-gallery=\"false\" id=\"e8929c8d-51ba-4aab-bfff-528b9f2c9a2a\" src=\"/content/userdata/news/46/e8929c8d-51ba-4aab-bfff-528b9f2c9a2a.normal.jpg\" style=\"width: 400px; height: 300px;\">Согласно этому документу, в минувший понедельник, 16 сентября, Барак Обама побеседовал с Роуссефф по телефону в продолжение диалога, начатого при их недавней личной встрече в Санкт-Петербурге. Во время нынешнего разговора лидеры приняли решение об отсрочке визита, которому в Вашингтоне придают большое значение, передает ИТАР-ТАСС.</p>\r\n<p>\r\n	В документе фактически содержится признание того, что причиной этой отсрочки послужил скандал вокруг американских программ электронной слежки, разоблаченных экс-сотрудником ЦРУ Эдвардом Сноуденом. Речь, в частности, шла о прослушивании переговоров Роуссефф и электронном шпионаже США против бразильской государственной нефтяной компании Petrobraz.</p>\r\n<p>\r\n	&quot;Президент выразил понимание и сожаление по поводу обеспокоенности, которую вызвало в Бразилии разоблачение предполагаемой деятельности разведки США, и дал ясно понять, что привержен совместной работе с президентом Роуссефф и ее правительством по дипломатическим каналам, чтобы оставить позади этот вопрос как источник напряженности в двусторонних отношениях&quot;, - отметил пресс-секретарь Белого дома.</p>\r\n<p>\r\n	Он напомнил, что по указанию Обамы в США начат &quot;широкий пересмотр&quot; деятельности разведки, но предупредил, что этот процесс &quot;займет несколько месяцев&quot;.</p>\r\n<p>\r\n	Согласно документу, и американский, и бразильский лидеры &quot;с радостью ожидают государственного визита&quot;, который послужит доказательством успешного развития двусторонних отношений.</p>\r\n<p>\r\n	Эти отношения &quot;не должны омрачаться каким-то одним вопросом, каким бы важным или сложным ни был этот вопрос, - указывается в заявлении. - По этой причине президенты согласились отложить государственный визит в Вашингтон президента Роуссефф, намеченный на 23 октября&quot;.</p>\r\n<p>\r\n	С точки зрения официального протокола, государственный визит - высшая форма дипломатических контактов между двумя странами. Число таких визитов в большинстве стран ограниченно, в том числе формально. К визиту, как правило, стараются приурочить заключение важнейших межгосударственных договоренностей.</p>\r\n<p>\r\n	В данном случае в заявлении Белого дома подчеркивается, что &quot;Соединенные Штаты и Бразилия поддерживают стратегическое партнерство&quot; на базе общих демократических ценностей.</p>\r\n<p>\r\n	Приглашение Дилме Роуссефф со стороны Барака Обамы прибыть в США с госвизитом &quot;отражает то важное значение, которое он придает этому партнерству&quot;, указывается в документе.</p>\r\n<p>\r\n	Когда теперь бразильский лидер приедет в американскую столицу и приедет ли вообще, остается неясным. &quot;Президент Обама рад будет приветствовать президента Роуссефф в Вашингтоне в день, который окажется взаимно приемлемым, - сообщается в документе Белого дома. - Другие важные механизмы сотрудничества, включая президентские диалоги по политическим, экономическим, энергетическим и оборонным вопросам взаимодействия, будут сохраняться&quot;.</p>\r\n','<p>\r\n	Согласно этому документу, в минувший понедельник, 16 сентября, Барак Обама побеседовал с Роуссефф по телефону в продолжение диалога, начатого при их недавней личной встрече в Санкт-Петербурге. Во время нынешнего разговора лидеры приняли решение об отсрочке визита, которому в Вашингтоне придают большое значение, передает ИТАР-ТАСС.</p>\r\n<p>\r\n	В документе фактически содержится признание того, что причиной этой отсрочки послужил скандал вокруг американских программ электронной слежки, разоблаченных экс-сотрудником ЦРУ Эдвардом Сноуденом. Речь, в частности, шла о прослушивании переговоров Роуссефф и электронном шпионаже США против бразильской государственной нефтяной компании Petrobraz.</p>\r\n<p>\r\n	&quot;Президент выразил понимание и сожаление по поводу обеспокоенности, которую вызвало в Бразилии разоблачение предполагаемой деятельности разведки США, и дал ясно понять, что привержен совместной работе с президентом Роуссефф и ее правительством по дипломатическим каналам, чтобы оставить позади этот вопрос как источник напряженности в двусторонних отношениях&quot;, - отметил пресс-секретарь Белого дома.</p>\r\n<p>\r\n	Он напомнил, что по указанию Обамы в США начат &quot;широкий пересмотр&quot; деятельности разведки, но предупредил, что этот процесс &quot;займет несколько месяцев&quot;.</p>\r\n<p>\r\n	Согласно документу, и американский, и бразильский лидеры &quot;с радостью ожидают государственного визита&quot;, который послужит доказательством успешного развития двусторонних отношений.</p>\r\n<p>\r\n	Эти отношения &quot;не должны омрачаться каким-то одним вопросом, каким бы важным или сложным ни был этот вопрос, - указывается в заявлении. - По этой причине президенты согласились отложить государственный визит в Вашингтон президента Роуссефф, намеченный на 23 октября&quot;.</p>\r\n<p>\r\n	С точки зрения официального протокола, государственный визит - высшая форма дипломатических контактов между двумя странами. Число таких визитов в большинстве стран ограниченно, в том числе формально. К визиту, как правило, стараются приурочить заключение важнейших межгосударственных договоренностей.</p>\r\n<p>\r\n	В данном случае в заявлении Белого дома подчеркивается, что &quot;Соединенные Штаты и Бразилия поддерживают стратегическое партнерство&quot; на базе общих демократических ценностей.</p>\r\n<p>\r\n	Приглашение Дилме Роуссефф со стороны Барака Обамы прибыть в США с госвизитом &quot;отражает то важное значение, которое он придает этому партнерству&quot;, указывается в документе.</p>\r\n<p>\r\n	Когда теперь бразильский лидер приедет в американскую столицу и приедет ли вообще, остается неясным. &quot;Президент Обама рад будет приветствовать президента Роуссефф в Вашингтоне в день, который окажется взаимно приемлемым, - сообщается в документе Белого дома. - Другие важные механизмы сотрудничества, включая президентские диалоги по политическим, экономическим, энергетическим и оборонным вопросам взаимодействия, будут сохраняться&quot;.</p>\r\n','2013-09-18 14:18:08','2013-09-17 14:15:00','\0','\0',5,3,2,1,'','Мир'),(47,'Ни капли налево','','<p>\r\n	В течении десяти дней основные силы Управления экономической безопасности и противодействия коррупции областного УМВД были задействованы в работе по выявлению и пресечению преступлений и правонарушений в сфере торговли автомобильным топливом. И вот операция &laquo;ГСМ&raquo; завершена.</p>\r\n','<p>\r\n	По итогам более 30 проверок полицейскими изъято свыше 377 тонн автомобильного топлива на сумму свыше двенадцати с половиной миллионов рублей. Проведённые экспертизы показали, что практически все это горючее не отвечает требованиям технического регламента&raquo;. По фактам нарушений возбуждено два уголовных дела по статьям &laquo;хранение нефтепродуктов без соответствующей лицензии&raquo; и &laquo;хищение денежных средств в особо крупном размере&raquo;. Кроме того, в ходе проверок полицейские изъяли свыше пяти тонн моторного масла, а также составили 19 протоколов об административных правонарушениях. К примеру, на автозаправке в Кардымовском районе выявлен факт продажи дизельного топлива без соответствующих документов на объект АЗС. В результате 45 тонн горючей жидклсти были изъяты, пробы направлены на экспертизу. Всего же в этот день с четырёх заправочных станций в Смоленске и районах полицейские изъяли более 55 тонн дизельного топлива и свыше 60 тонн бензина &laquo;АИ-92&raquo;.</p>\r\n','','2013-09-29 23:12:56','2013-09-29 22:36:00','','',2,0,0,5,'',''),(48,'Синоптики обещают жителям центральной части России запоздалое «бабье лето»','','<h4 class=\"js-newsnotice s-article__notice\" style=\"margin: 0.67em 0px 1.167em; padding: 0px; outline: 0px; border: 0px; vertical-align: baseline; font-weight: inherit; font-size: 1.1428em; font-family: Helvetica, Arial, Tahoma, sans-serif; color: rgb(26, 26, 26); line-height: 1.333em;\">\r\n	<index><em><strong>МОСКВА, 2 октября. В центральной части России к&nbsp;выходным заметно потеплеет, и&nbsp;такая погода продержится достаточно долго. Такой прогноз дает Росгидрометцентр. &nbsp;&nbsp;</strong></em></index></h4>\r\n<p>\r\n	&nbsp;</p>\r\n<p>\r\n	&nbsp;</p>\r\n<p>\r\n	&nbsp;</p>\r\n','<p style=\"margin: 0.2727em 0px 1em; padding: 0px; outline: 0px; border: 0px; vertical-align: baseline; font-size: 21px; font-family: Georgia, \'Times New Roman\', Times, serif; line-height: 1.2857em; color: rgb(32, 32, 32);\">\r\n	<img alt=\"\" data-gallery=\"false\" id=\"d6cd156c-c978-4aaa-9db0-8db33ab9ee87\" src=\"/content/userdata/news/48/d6cd156c-c978-4aaa-9db0-8db33ab9ee87.normal.jpg\" style=\"width: 200px; height: 150px;\"></p>\r\n<p style=\"margin: 0.2727em 0px 1em; padding: 0px; outline: 0px; border: 0px; vertical-align: baseline; font-size: 21px; font-family: Georgia, \'Times New Roman\', Times, serif; line-height: 1.2857em; color: rgb(32, 32, 32);\">\r\n	&nbsp;</p>\r\n<p style=\"margin: 0.2727em 0px 1em; padding: 0px; outline: 0px; border: 0px; vertical-align: baseline; font-size: 21px; font-family: Georgia, \'Times New Roman\', Times, serif; line-height: 1.2857em; color: rgb(32, 32, 32);\">\r\n	&nbsp;</p>\r\n<p style=\"margin: 0.2727em 0px 1em; padding: 0px; outline: 0px; border: 0px; vertical-align: baseline; font-size: 21px; font-family: Georgia, \'Times New Roman\', Times, serif; line-height: 1.2857em; color: rgb(32, 32, 32);\">\r\n	Главная особенность атмосферных процессов над&nbsp;Еропейской территорией России &ndash; продолжающееся наступление антициклона с&nbsp;северо-запада и&nbsp;отсечение высокого циклона над&nbsp;Причерноморьем. &laquo;Это означает установление в&nbsp;центре Европейской России на&nbsp;фоне роста атмосферного давления спокойной погоды преимущественно без&nbsp;осадков и&nbsp;увеличение амплитуды суточного хода температуры. При этом значение средней суточной температуры на&nbsp;севере и&nbsp;в центре ЦФО повысится до&nbsp;нормы. В Черноземье сократится ее отставание от&nbsp;нормы, но&nbsp;там скажется близость малоподвижного циклона, из-за которого будет ветрено и&nbsp;с осадками&raquo;,&nbsp;&mdash; говорится в&nbsp;сообщении на&nbsp;сайте Гидрометцентра.</p>\r\n<p style=\"margin: 0.2727em 0px 1em; padding: 0px; outline: 0px; border: 0px; vertical-align: baseline; font-size: 21px; font-family: Georgia, \'Times New Roman\', Times, serif; line-height: 1.2857em; color: rgb(32, 32, 32);\">\r\n	В среду в&nbsp;тыловой части циклона с&nbsp;центром над&nbsp;Поволжьем в&nbsp;Центральном федеральном округе (ЦФО) местами пройдут небольшие осадки (дождь, мокрый снег). Максимальная температура составит плюс 1-8 градусов. В четверг рост атмосферного давления в&nbsp;регионе будет самым большим. Наступление антициклона отзовется ночными заморозками до&nbsp;минус шести градусов. Зато днем воздух прогреется до&nbsp;плюс девяти.</p>\r\n<p style=\"margin: 0.2727em 0px 1em; padding: 0px; outline: 0px; border: 0px; vertical-align: baseline; font-size: 21px; font-family: Georgia, \'Times New Roman\', Times, serif; line-height: 1.2857em; color: rgb(32, 32, 32);\">\r\n	На большей части ЦФО в&nbsp;области повышенного атмосферного давления вероятность осадков будет незначительной, а&nbsp;вот на&nbsp;юге под&nbsp;влиянием черноморского циклона пройдут дожди, местами сильные и&nbsp;с порывистым ветром, отмечается в&nbsp;прогнозе.</p>\r\n<p style=\"margin: 0.2727em 0px 1em; padding: 0px; outline: 0px; border: 0px; vertical-align: baseline; font-size: 21px; font-family: Georgia, \'Times New Roman\', Times, serif; line-height: 1.2857em; color: rgb(32, 32, 32);\">\r\n	В пятницу постепенно на&nbsp;северную половину округа начнет поступать более теплая воздушная масса. Местами ее могут сопровождать небольшие дожди.</p>\r\n<p style=\"margin: 0.2727em 0px 1em; padding: 0px; outline: 0px; border: 0px; vertical-align: baseline; font-size: 21px; font-family: Georgia, \'Times New Roman\', Times, serif; line-height: 1.2857em; color: rgb(32, 32, 32);\">\r\n	В выходные погода вполне может порадовать на&nbsp;севере и&nbsp;в центре округа. В субботу потеплеет, и&nbsp;в ночные часы до&nbsp;плюс шести, а&nbsp;днем воздух прогреется до&nbsp;плюс 12-ти. В воскресенье столбики термометров покажут до&nbsp;минус одного градуса ночью и&nbsp;до плюс 14-ти&nbsp;&mdash; днем. Улучшится погода и&nbsp;на юге округа. В начале новой недели станут более плотными облаками &ndash; поэтому ночи станут немного теплее, а&nbsp;дневной прогрев будет немного ограничен. Вновь возрастет вероятность небольших осенних дождей, прогнозируют специалисты.</p>\r\n','<p style=\"margin: 0.2727em 0px 1em; padding: 0px; outline: 0px; border: 0px; vertical-align: baseline; font-size: 21px; font-family: Georgia, \'Times New Roman\', Times, serif; line-height: 1.2857em; color: rgb(32, 32, 32);\">\r\n	</p>\r\n<p style=\"margin: 0.2727em 0px 1em; padding: 0px; outline: 0px; border: 0px; vertical-align: baseline; font-size: 21px; font-family: Georgia, \'Times New Roman\', Times, serif; line-height: 1.2857em; color: rgb(32, 32, 32);\">\r\n	&nbsp;</p>\r\n<p style=\"margin: 0.2727em 0px 1em; padding: 0px; outline: 0px; border: 0px; vertical-align: baseline; font-size: 21px; font-family: Georgia, \'Times New Roman\', Times, serif; line-height: 1.2857em; color: rgb(32, 32, 32);\">\r\n	&nbsp;</p>\r\n<p style=\"margin: 0.2727em 0px 1em; padding: 0px; outline: 0px; border: 0px; vertical-align: baseline; font-size: 21px; font-family: Georgia, \'Times New Roman\', Times, serif; line-height: 1.2857em; color: rgb(32, 32, 32);\">\r\n	Главная особенность атмосферных процессов над&nbsp;Еропейской территорией России &ndash; продолжающееся наступление антициклона с&nbsp;северо-запада и&nbsp;отсечение высокого циклона над&nbsp;Причерноморьем. &laquo;Это означает установление в&nbsp;центре Европейской России на&nbsp;фоне роста атмосферного давления спокойной погоды преимущественно без&nbsp;осадков и&nbsp;увеличение амплитуды суточного хода температуры. При этом значение средней суточной температуры на&nbsp;севере и&nbsp;в центре ЦФО повысится до&nbsp;нормы. В Черноземье сократится ее отставание от&nbsp;нормы, но&nbsp;там скажется близость малоподвижного циклона, из-за которого будет ветрено и&nbsp;с осадками&raquo;,&nbsp;&mdash; говорится в&nbsp;сообщении на&nbsp;сайте Гидрометцентра.</p>\r\n<p style=\"margin: 0.2727em 0px 1em; padding: 0px; outline: 0px; border: 0px; vertical-align: baseline; font-size: 21px; font-family: Georgia, \'Times New Roman\', Times, serif; line-height: 1.2857em; color: rgb(32, 32, 32);\">\r\n	В среду в&nbsp;тыловой части циклона с&nbsp;центром над&nbsp;Поволжьем в&nbsp;Центральном федеральном округе (ЦФО) местами пройдут небольшие осадки (дождь, мокрый снег). Максимальная температура составит плюс 1-8 градусов. В четверг рост атмосферного давления в&nbsp;регионе будет самым большим. Наступление антициклона отзовется ночными заморозками до&nbsp;минус шести градусов. Зато днем воздух прогреется до&nbsp;плюс девяти.</p>\r\n<p style=\"margin: 0.2727em 0px 1em; padding: 0px; outline: 0px; border: 0px; vertical-align: baseline; font-size: 21px; font-family: Georgia, \'Times New Roman\', Times, serif; line-height: 1.2857em; color: rgb(32, 32, 32);\">\r\n	На большей части ЦФО в&nbsp;области повышенного атмосферного давления вероятность осадков будет незначительной, а&nbsp;вот на&nbsp;юге под&nbsp;влиянием черноморского циклона пройдут дожди, местами сильные и&nbsp;с порывистым ветром, отмечается в&nbsp;прогнозе.</p>\r\n<p style=\"margin: 0.2727em 0px 1em; padding: 0px; outline: 0px; border: 0px; vertical-align: baseline; font-size: 21px; font-family: Georgia, \'Times New Roman\', Times, serif; line-height: 1.2857em; color: rgb(32, 32, 32);\">\r\n	В пятницу постепенно на&nbsp;северную половину округа начнет поступать более теплая воздушная масса. Местами ее могут сопровождать небольшие дожди.</p>\r\n<p style=\"margin: 0.2727em 0px 1em; padding: 0px; outline: 0px; border: 0px; vertical-align: baseline; font-size: 21px; font-family: Georgia, \'Times New Roman\', Times, serif; line-height: 1.2857em; color: rgb(32, 32, 32);\">\r\n	В выходные погода вполне может порадовать на&nbsp;севере и&nbsp;в центре округа. В субботу потеплеет, и&nbsp;в ночные часы до&nbsp;плюс шести, а&nbsp;днем воздух прогреется до&nbsp;плюс 12-ти. В воскресенье столбики термометров покажут до&nbsp;минус одного градуса ночью и&nbsp;до плюс 14-ти&nbsp;&mdash; днем. Улучшится погода и&nbsp;на юге округа. В начале новой недели станут более плотными облаками &ndash; поэтому ночи станут немного теплее, а&nbsp;дневной прогрев будет немного ограничен. Вновь возрастет вероятность небольших осенних дождей, прогнозируют специалисты.</p>\r\n','2013-10-02 16:09:51','2013-10-02 16:05:00','','',0,2,0,4,'',''),(49,'Тестовая новость политика','','<p>\r\n	Тестовая новость политика анонс&nbsp;Тестовая новость политика анонс</p>\r\n','<p>\r\n	<img alt=\"\" data-gallery=\"false\" src=\"/content/userdata/news/49/131cd545-bbfa-4457-adbc-33e04913f4c4.normal.jpg\" id=\"131cd545-bbfa-4457-adbc-33e04913f4c4\"></p>\r\n<p>\r\n	Тестовая новость политика текст&nbsp;Тестовая новость политика текст&nbsp;Тестовая новость политика текст</p>\r\n<p>\r\n	&nbsp;</p>\r\n','<p>\r\n	</p>\r\n<p>\r\n	Тестовая новость политика текст&nbsp;Тестовая новость политика текст&nbsp;Тестовая новость политика текст</p>\r\n<p>\r\n	&nbsp;</p>\r\n','2013-10-28 14:59:52','2013-10-28 14:58:00','','',5,10,0,1,'',''),(50,'Внесены изменения в городской бюджет ','','<p>\r\n	На очередной 54-й сессия Смоленского городского Совета IV созыва.&nbsp; депутаты утвердили изменения в бюджет города Смоленска на 2013 год и на плановый период 2014 и 2015 годов.</p>\r\n','<p>\r\n	<img alt=\"Внесены изменения в городской бюджет \" data-gallery=\"false\" id=\"b30f6408-de1c-4d4a-ab22-8a1c717e6fa5\" src=\"/content/userdata/news/50/b30f6408-de1c-4d4a-ab22-8a1c717e6fa5.normal.jpg\" style=\"width: 463px; height: 303px;\">На очередной 54-й сессия Смоленского городского Совета IV созыва.&nbsp; депутаты утвердили изменения в бюджет города Смоленска на 2013 год и на плановый период 2014 и 2015 годов.</p>\r\n<p>\r\n	Начальник финансово-казначейского управления Администрации города Смоленска Валерий Абрамов пояснил, что доходная и расходная части городского бюджета увеличиваются на 119 миллионов рублей. Кстати &laquo;львиную долю&raquo; бюджету города принесла аренда имущества, находящегося в ведении органов управления городских округов, и&nbsp; средства, вырученные от арендной платы за нежилые помещения. Последние почти в два раза оказались выше запланированной суммы на этот год. Из того, что прибыло, деньги распределили следующим образом.</p>\r\n<p>\r\n	Более восемнадцати миллионов пойдут на разработку схем тепло- и водоснабжения. Переселить граждан из ветхого жилья планируется за 75 с половиной миллионов рублей. В детских дошкольных учреждениях теперь будут лучше кормить - &nbsp;на организацию питания в детсадах направлено 20 миллионов рублей. И свыше одного миллиона рублей пойдут на предоставление мест в ведомственном детском саду.</p>\r\n<p>\r\n	&nbsp;</p>\r\n','<p>\r\n	На очередной 54-й сессия Смоленского городского Совета IV созыва.&nbsp; депутаты утвердили изменения в бюджет города Смоленска на 2013 год и на плановый период 2014 и 2015 годов.</p>\r\n<p>\r\n	Начальник финансово-казначейского управления Администрации города Смоленска Валерий Абрамов пояснил, что доходная и расходная части городского бюджета увеличиваются на 119 миллионов рублей. Кстати &laquo;львиную долю&raquo; бюджету города принесла аренда имущества, находящегося в ведении органов управления городских округов, и&nbsp; средства, вырученные от арендной платы за нежилые помещения. Последние почти в два раза оказались выше запланированной суммы на этот год. Из того, что прибыло, деньги распределили следующим образом.</p>\r\n<p>\r\n	Более восемнадцати миллионов пойдут на разработку схем тепло- и водоснабжения. Переселить граждан из ветхого жилья планируется за 75 с половиной миллионов рублей. В детских дошкольных учреждениях теперь будут лучше кормить - &nbsp;на организацию питания в детсадах направлено 20 миллионов рублей. И свыше одного миллиона рублей пойдут на предоставление мест в ведомственном детском саду.</p>\r\n<p>\r\n	&nbsp;</p>\r\n','2013-10-30 10:47:55','2013-10-29 10:07:00','','\0',0,8,0,1,'',''),(51,'Впервые в Смоленске!  ООО «РегионДомСтрой» возводит 19-этажный дом','','<p>\r\n	Началась застройка большого микрорайона в границах улиц &nbsp;Николаева &ndash; Воробьева &ndash; Черняховского.&nbsp;</p>\r\n','<p>\r\n	<img alt=\"\" data-gallery=\"false\" src=\"/content/userdata/news/51/ce2b3593-b29a-45f6-b10c-4e7beda104cb.normal.jpg\" style=\"width: 1512px; height: 1080px;\" id=\"ce2b3593-b29a-45f6-b10c-4e7beda104cb\">С 14 декабря 2012 года &nbsp;компанией &laquo;РегионДомCтрой&raquo;&nbsp;на месте ветхого жилья строятся&nbsp; комфортные жилые дома высотой от 10 до 19 этажей</p>\r\n<p>\r\n	<strong>Компания &laquo;РегионДомСтрой&raquo; образована в июне 2011 года и входит в группу компаний &nbsp;&laquo;Развитие&raquo;, при этом выполняя функции заказчика-застройщика по жилищному строительству в Смоленске. Генеральный директор ООО &laquo;РегионДомСтрой&raquo; - Василий Сергеевич ГУЗЕНКОВ.</strong></p>\r\n<p>\r\n	Основная деятельность компании &laquo;РегионДомCтрой&raquo; нацелена на подготовку земельных участков для строительства, проектирование, финансирование объектов, контроль за строительством (технический, финансовый), ввод объекта в эксплуатацию.</p>\r\n<p>\r\n	&nbsp;Применение инновационных технологий, современных материалов и уникальных производственных мощностей дает возможность компании предлагать действительно комплексный подход к возведению новых строительных объектов. Этот подход позволяет строительной фирме обеспечивать высокий технический уровень, качество строительства, повышение результативности капиталовложений, сокращение продолжительности инвестиционного цикла, внедрение эффективных проектных решений, применение передовых методов производства, организации труда и управления. Кроме того, соблюдение современных технологий дает возможность продемонстрировать качественно-новый уровень архитектуры и строительства.<img alt=\"\" data-gallery=\"false\" src=\"/content/userdata/news/51/06f5f9b5-93c4-4ef2-aebb-2089e7ce10e6.normal.jpg\" style=\"width: 1512px; height: 1080px;\" id=\"06f5f9b5-93c4-4ef2-aebb-2089e7ce10e6\"></p>\r\n<p>\r\n	В настоящее время в строительстве жилых домов применяется наиболее прогрессивные формы и методы, передовые &nbsp;технологии каркасно-монолитного строительства. Это позволяет компании выходить на новый уровень строительства: возведение зданий повышенной этажности, строительство по интересным и нестандартным проектам, возможность свободной планировки, повышение надежности строящихся домов, увеличение срока эксплуатации объекта.</p>\r\n<p>\r\n	Компания не так давно существует на рынке жилья, но за короткий срок сумела воплотить в жизнь несколько значимых проектов в городе Смоленске.</p>\r\n<p>\r\n	&nbsp;&nbsp;&nbsp;&nbsp;&nbsp; <img alt=\"\" data-gallery=\"false\" src=\"/content/userdata/news/51/357cf0ca-3646-47ee-a910-2e56b6703417.normal.jpg\" style=\"width: 1512px; height: 1080px;\" id=\"357cf0ca-3646-47ee-a910-2e56b6703417\">Одним из первых началась застройка большого микрорайона в границах улиц &nbsp;Николаева &ndash; Воробьева &ndash; Черняховского. С 14 декабря 2012 года на месте ветхого жилья строятся&nbsp; комфортные жилые дома высотой от 10 до 19 этажей. При строительстве первого в Смоленске 19-этажного жилого дома применена технология каркасно-монолитного строительства, которая позволит реализовать любые архитектурно-планировочные внешние и внутренние решения, а при изготовлении фасадов будут использованы элементы огнеупорного стекла. Дворы домов будут оснащены системой видеонаблюдения, в них разместятся благоустроенные детские площадки, с помещениями общественного и социально-бытового назначения. Жилой массив запроектирован рядом с лесопарковой зоной Реадовка и&nbsp; Физкультурно-оздоровительным&nbsp; комплексом.<img alt=\"\" data-gallery=\"false\" src=\"/content/userdata/news/51/54086de9-1567-4006-9e0d-df707e0023c2.normal.jpg\" style=\"width: 1512px; height: 1080px;\" id=\"54086de9-1567-4006-9e0d-df707e0023c2\">&nbsp;Еще один новый жилой район премиум-класса &nbsp;появится в микрорайоне &laquo;Железнодорожник&raquo;, ограниченной улицами Пригородная - Оршанской - 25 Сентября - пер. Юннатов. На 30 тысячах квадратных метров будет построен элитный жилой 10-этажный&nbsp; дом с просторными&nbsp; квартирами свободной планировки, подземными гараж-парковками, высокоскоростными лифтами.&nbsp;<img alt=\"\" data-gallery=\"false\" src=\"/content/userdata/news/51/3b5fad5b-63b6-40fb-b696-d1c7437e93d0.normal.png\" style=\"width: 1920px; height: 1080px;\" id=\"3b5fad5b-63b6-40fb-b696-d1c7437e93d0\"></p>\r\n','<p>\r\n	С 14 декабря 2012 года &nbsp;компанией &laquo;РегионДомCтрой&raquo;&nbsp;на месте ветхого жилья строятся&nbsp; комфортные жилые дома высотой от 10 до 19 этажей</p>\r\n<p>\r\n	<strong>Компания &laquo;РегионДомСтрой&raquo; образована в июне 2011 года и входит в группу компаний &nbsp;&laquo;Развитие&raquo;, при этом выполняя функции заказчика-застройщика по жилищному строительству в Смоленске. Генеральный директор ООО &laquo;РегионДомСтрой&raquo; - Василий Сергеевич ГУЗЕНКОВ.</strong></p>\r\n<p>\r\n	Основная деятельность компании &laquo;РегионДомCтрой&raquo; нацелена на подготовку земельных участков для строительства, проектирование, финансирование объектов, контроль за строительством (технический, финансовый), ввод объекта в эксплуатацию.</p>\r\n<p>\r\n	&nbsp;Применение инновационных технологий, современных материалов и уникальных производственных мощностей дает возможность компании предлагать действительно комплексный подход к возведению новых строительных объектов. Этот подход позволяет строительной фирме обеспечивать высокий технический уровень, качество строительства, повышение результативности капиталовложений, сокращение продолжительности инвестиционного цикла, внедрение эффективных проектных решений, применение передовых методов производства, организации труда и управления. Кроме того, соблюдение современных технологий дает возможность продемонстрировать качественно-новый уровень архитектуры и строительства.</p>\r\n<p>\r\n	В настоящее время в строительстве жилых домов применяется наиболее прогрессивные формы и методы, передовые &nbsp;технологии каркасно-монолитного строительства. Это позволяет компании выходить на новый уровень строительства: возведение зданий повышенной этажности, строительство по интересным и нестандартным проектам, возможность свободной планировки, повышение надежности строящихся домов, увеличение срока эксплуатации объекта.</p>\r\n<p>\r\n	Компания не так давно существует на рынке жилья, но за короткий срок сумела воплотить в жизнь несколько значимых проектов в городе Смоленске.</p>\r\n<p>\r\n	&nbsp;&nbsp;&nbsp;&nbsp;&nbsp; Одним из первых началась застройка большого микрорайона в границах улиц &nbsp;Николаева &ndash; Воробьева &ndash; Черняховского. С 14 декабря 2012 года на месте ветхого жилья строятся&nbsp; комфортные жилые дома высотой от 10 до 19 этажей. При строительстве первого в Смоленске 19-этажного жилого дома применена технология каркасно-монолитного строительства, которая позволит реализовать любые архитектурно-планировочные внешние и внутренние решения, а при изготовлении фасадов будут использованы элементы огнеупорного стекла. Дворы домов будут оснащены системой видеонаблюдения, в них разместятся благоустроенные детские площадки, с помещениями общественного и социально-бытового назначения. Жилой массив запроектирован рядом с лесопарковой зоной Реадовка и&nbsp; Физкультурно-оздоровительным&nbsp; комплексом.&nbsp;Еще один новый жилой район премиум-класса &nbsp;появится в микрорайоне &laquo;Железнодорожник&raquo;, ограниченной улицами Пригородная - Оршанской - 25 Сентября - пер. Юннатов. На 30 тысячах квадратных метров будет построен элитный жилой 10-этажный&nbsp; дом с просторными&nbsp; квартирами свободной планировки, подземными гараж-парковками, высокоскоростными лифтами.&nbsp;</p>\r\n','2013-10-30 11:45:23','2013-10-30 11:27:00','','\0',0,10,0,2,'Романовым И.П.','РегионДомCтрой, Василий Сергеевич ГУЗЕНКОВ, 19-этажный дом'),(52,'Компания «РегионДомСтрой» ведет строительство нового вида загородного жилья -таунхаусов в поселке Вишенки.','','<p>\r\n	Компания &laquo;РегионДомСтрой&raquo; ведет строительство нового вида загородного жилья -таунхаусов в поселке Вишенки.&nbsp;</p>\r\n<p>\r\n	&nbsp;</p>\r\n','<p>\r\n	&nbsp;<img alt=\"\" data-gallery=\"false\" src=\"/content/userdata/news/52/59509ccb-e7e5-4a5f-8776-09b8429838db.normal.png\" style=\"width: 1920px; height: 1080px;\" id=\"59509ccb-e7e5-4a5f-8776-09b8429838db\"> Компания &laquo;РегионДомСтрой&raquo; ведет строительство нового вида загородного жилья -таунхаусов в поселке Вишенки. В экологически чистом районе ведется комплексная малоэтажная застройка. Двухуровневые 3-комнатные квартиры с индивидуальным отоплением и отдельными парковочными местами будут построены &nbsp;с возможностью свободной планировки.При планировании застройке этих объектов компанией &laquo;РегионДомСтрой&raquo; были предусмотрены&nbsp; возможности для развития всей необходимой инфраструктуры.</p>\r\n<p>\r\n	Все работы выполняются опытными и высококвалифицированными специалистами компании.</p>\r\n<p>\r\n	Создавая по-настоящему доступное жилье, компания стремится показать своим клиентам не только качественное исполнение строительных работ. Вместе с реализацией существующих проектов она разрабатывает стратегию застройки новых территорий. &laquo;РегионДомСтрой&raquo; - это воплощение в жизнь современных технологий, материалов, инженерных и архитектурных решений. Ведь, недаром,&nbsp;лозунг компании &ndash; <em><u>Мы</u></em> <em><u>строим Ваше будущее!</u></em></p>\r\n<p>\r\n	<em><u><img alt=\"\" data-gallery=\"false\" src=\"/content/userdata/news/52/81506301-30b0-40b0-adf1-536c553c3b0b.normal.png\" id=\"81506301-30b0-40b0-adf1-536c553c3b0b\"></u></em></p>\r\n<p>\r\n	<em><u><img alt=\"\" data-gallery=\"false\" src=\"/content/userdata/news/52/78d3071c-3857-41bb-b27c-560c25e81dd8.normal.png\" id=\"78d3071c-3857-41bb-b27c-560c25e81dd8\"></u></em></p>\r\n<p>\r\n	<em><u><img alt=\"\" data-gallery=\"false\" src=\"/content/userdata/news/52/bcfe7f78-2df4-4593-88ea-6865eba6ab9d.normal.png\" style=\"width: 1920px; height: 1080px;\" id=\"bcfe7f78-2df4-4593-88ea-6865eba6ab9d\"></u></em></p>\r\n<p>\r\n	<em><u><img alt=\"\" data-gallery=\"false\" src=\"/content/userdata/news/52/aabbbb2e-fdc7-4096-923f-8ca509401cf2.normal.png\" id=\"aabbbb2e-fdc7-4096-923f-8ca509401cf2\"></u></em></p>\r\n<p>\r\n	<em><u><img alt=\"\" data-gallery=\"false\" src=\"/content/userdata/news/52/8c1a8386-73c7-40ed-a986-aac8d1dc57dd.normal.png\" id=\"8c1a8386-73c7-40ed-a986-aac8d1dc57dd\"></u></em></p>\r\n','<p>\r\n	&nbsp; Компания &laquo;РегионДомСтрой&raquo; ведет строительство нового вида загородного жилья -таунхаусов в поселке Вишенки. В экологически чистом районе ведется комплексная малоэтажная застройка. Двухуровневые 3-комнатные квартиры с индивидуальным отоплением и отдельными парковочными местами будут построены &nbsp;с возможностью свободной планировки.При планировании застройке этих объектов компанией &laquo;РегионДомСтрой&raquo; были предусмотрены&nbsp; возможности для развития всей необходимой инфраструктуры.</p>\r\n<p>\r\n	Все работы выполняются опытными и высококвалифицированными специалистами компании.</p>\r\n<p>\r\n	Создавая по-настоящему доступное жилье, компания стремится показать своим клиентам не только качественное исполнение строительных работ. Вместе с реализацией существующих проектов она разрабатывает стратегию застройки новых территорий. &laquo;РегионДомСтрой&raquo; - это воплощение в жизнь современных технологий, материалов, инженерных и архитектурных решений. Ведь, недаром,&nbsp;лозунг компании &ndash; <em><u>Мы</u></em> <em><u>строим Ваше будущее!</u></em></p>\r\n<p>\r\n	<em><u></u></em></p>\r\n<p>\r\n	<em><u></u></em></p>\r\n<p>\r\n	<em><u></u></em></p>\r\n<p>\r\n	<em><u></u></em></p>\r\n<p>\r\n	<em><u></u></em></p>\r\n','2013-10-30 13:30:00','2013-10-30 11:53:00','','',0,7,0,2,'Романовым И.П.','РегионДомCтрой, Василий Сергеевич ГУЗЕНКОВ, таунхаусы в поселке Вишенки'),(53,'Получай права смолоду','в смоленске открылся автогородок','<p>\r\n	в смоленске открылся автогородок</p>\r\n','<p>\r\n	<img alt=\"\" data-gallery=\"false\" id=\"0a2f62ac-3f05-4c71-8320-bbf806971b0c\" src=\"/content/userdata/news/53/0a2f62ac-3f05-4c71-8320-bbf806971b0c.normal.jpg\" style=\"width: 1024px; height: 1024px;\">Видимо, обеспокоившись тем, что некоторые автовладельцы не знают правил дорожного движения, сотрудники автоинспекции решили &laquo;прививать&raquo; знания&nbsp; будущим водителям с малых лет.&nbsp; Юные смоляне теперь смогут изучать правила дорожного движения еще сидя в коляске. В пятницу, 18 октября, на территории реабилитационного центра &laquo;Вишенки&raquo; открылся детский автогородок, который соорудили специально для изучения правил дорожного движения. &nbsp;Площадка полностью оборудована в соответствии с современными требованиями, - сообщает пресс-служба УМВД ГИБДД по Смоленской области. Здесь юные смоляне смогут кататься на детских электромобилях, самокатах и велосипедах по всем правилам дорожного движения. На площадке размещены дорожные знаки, пешеходные переходы, есть и перекрестки, которые помогают детям получить представление о&nbsp; движении на улицах&nbsp; большого города. Также площадка оборудована линиями дорожной разметки и отдельной парковкой. Сотрудники Управления ГИБДД уверены, что автоплощадка позволит малышам сформировать навыки безопасного поведения на дороге с самого раннего детства.</p>\r\n','<p>\r\n	Видимо, обеспокоившись тем, что некоторые автовладельцы не знают правил дорожного движения, сотрудники автоинспекции решили &laquo;прививать&raquo; знания&nbsp; будущим водителям с малых лет.&nbsp; Юные смоляне теперь смогут изучать правила дорожного движения еще сидя в коляске. В пятницу, 18 октября, на территории реабилитационного центра &laquo;Вишенки&raquo; открылся детский автогородок, который соорудили специально для изучения правил дорожного движения. &nbsp;Площадка полностью оборудована в соответствии с современными требованиями, - сообщает пресс-служба УМВД ГИБДД по Смоленской области. Здесь юные смоляне смогут кататься на детских электромобилях, самокатах и велосипедах по всем правилам дорожного движения. На площадке размещены дорожные знаки, пешеходные переходы, есть и перекрестки, которые помогают детям получить представление о&nbsp; движении на улицах&nbsp; большого города. Также площадка оборудована линиями дорожной разметки и отдельной парковкой. Сотрудники Управления ГИБДД уверены, что автоплощадка позволит малышам сформировать навыки безопасного поведения на дороге с самого раннего детства.</p>\r\n','2013-10-30 18:53:28','2013-10-30 18:50:00','\0','',0,1,0,3,'фото www.67.mvd.ru','права, смоленск, автогородок'),(54,'Курение до тюрьмы доведет ','Нежелание платить за сигареты  обернулось уголовным делом для 43-летней жительницы Cмоленска','<p>\r\n	Нежелание платить за сигареты обернулось уголовным делом для 43-летней жительницы Cмоленска</p>\r\n','<p>\r\n	<img alt=\"\" data-gallery=\"false\" id=\"a1e130f7-b222-4ab0-aa72-70941a22696d\" src=\"/content/userdata/news/54/a1e130f7-b222-4ab0-aa72-70941a22696d.normal.jpg\" style=\"width: 597px; height: 454px;\">В одном из гипермаркетов города женщина совершала покупки, все продукты она складывала в тележку и оплатила их на кассе. Однако мимо тележки для покупок прошли несколько блоков сигарет, их женщина положила себе в сумку, думая, что ее действия никто не заметит. Надежды женщины не оправдались, сразу после того, как она оплатила на кассе&nbsp; только часть покупок, ее задержал охранник, который следил за ее действиями по видеокамерам. Охраник сразу вызвал полицию.&nbsp; Как сообщили в пресс-службе УМВД по Смоленской области, женщина имеет положительные характеристики по месту работы, состоит в браке, ранее не судима и подобных претендентов не наблюдалось. &nbsp;Тем не менее&nbsp; данному факту было возбуждено уголовное дело, подозреваемой избрана мера пресечения&nbsp; в виде подписки о невыезде.</p>\r\n<p>\r\n	Что именно тянет людей на подобные кражи в супермаркете неизвестно. Уже в&nbsp; каждом зале супермаркетов ведется видеонаблюдение, но меньше магазинных краж не становится. Как сообщают сотрудники полиции, с начала года в городе было совершено 190 таких преступных деяний.</p>\r\n','<p>\r\n	В одном из гипермаркетов города женщина совершала покупки, все продукты она складывала в тележку и оплатила их на кассе. Однако мимо тележки для покупок прошли несколько блоков сигарет, их женщина положила себе в сумку, думая, что ее действия никто не заметит. Надежды женщины не оправдались, сразу после того, как она оплатила на кассе&nbsp; только часть покупок, ее задержал охранник, который следил за ее действиями по видеокамерам. Охраник сразу вызвал полицию.&nbsp; Как сообщили в пресс-службе УМВД по Смоленской области, женщина имеет положительные характеристики по месту работы, состоит в браке, ранее не судима и подобных претендентов не наблюдалось. &nbsp;Тем не менее&nbsp; данному факту было возбуждено уголовное дело, подозреваемой избрана мера пресечения&nbsp; в виде подписки о невыезде.</p>\r\n<p>\r\n	Что именно тянет людей на подобные кражи в супермаркете неизвестно. Уже в&nbsp; каждом зале супермаркетов ведется видеонаблюдение, но меньше магазинных краж не становится. Как сообщают сотрудники полиции, с начала года в городе было совершено 190 таких преступных деяний.</p>\r\n','2013-10-30 19:05:20','2013-10-30 19:03:00','\0','\0',0,1,0,5,'фото www.websmi.by',''),(55,'Жизнь не в радость ','В рейтинге удобных городов для проживания Смоленск  оказался на одном из последних мест','<p>\r\n	В рейтинге удобных городов для проживания Смоленск оказался на одном из последних мест</p>\r\n','<p>\r\n	<img alt=\"\" data-gallery=\"false\" id=\"79c820fc-a8fb-43e0-ba0e-7a0f0a6a9954\" src=\"/content/userdata/news/55/79c820fc-a8fb-43e0-ba0e-7a0f0a6a9954.normal.jpg\"></p>\r\n<p>\r\n	В рейтинге удобных городов для проживания Смоленск оказался на одном из последних мест. &laquo;Как же так?&raquo;, - удивится читатель, ведь город к юбилею реконструировали, дороги доделали, даже набережную не забросили, а воз и ныне там, Смоленск опять отличился в не лучшем свете.</p>\r\n<p>\r\n	Специалисты института территориального планирования &laquo;Урбаника&raquo; и Союз архитекторов России оценили удобство жизни в городе по более десятку показателей.&nbsp; На&nbsp; удобство жизни в городе повлияли уровень преступности, загруженность дорог, транспортная доступность, процент экологического загрязнения. Не менее важным оказалась возможность приобретения собственной квартиры, тарифы ЖКХ и покупательская способность населения.&nbsp; К сожалению, по сравнению с другими городами ЦФО, наш город стоит в самом конце списка.&nbsp; Среди сотни проранжированных регионов, Смоленск занял непочетное 87 место.&nbsp; Куда же ехать смолянам за красивой жизнью? Рейтинг удобных для жизни городов возглавил Краснодар, также за красивой жизнью нужно ехать в Сургут, Екатеринбург, Южно-Сахалинск, Мурманск, Белгород, Воронеж, Магнитогорск, Уфу, Ростов-на-Дону. &nbsp;А хуже, чем у нас живут в Таганроге, Сыктывкаре, не повезло жителям Якутска, Владивостоке, Уссурийска, Махачкалы. Неудивительно, что в самом конце рейтинга оказался Комсомольск-на-Амуре, где, в связи с последними событиями жизнь действительно не в радость.</p>\r\n','<p>\r\n	</p>\r\n<p>\r\n	В рейтинге удобных городов для проживания Смоленск оказался на одном из последних мест. &laquo;Как же так?&raquo;, - удивится читатель, ведь город к юбилею реконструировали, дороги доделали, даже набережную не забросили, а воз и ныне там, Смоленск опять отличился в не лучшем свете.</p>\r\n<p>\r\n	Специалисты института территориального планирования &laquo;Урбаника&raquo; и Союз архитекторов России оценили удобство жизни в городе по более десятку показателей.&nbsp; На&nbsp; удобство жизни в городе повлияли уровень преступности, загруженность дорог, транспортная доступность, процент экологического загрязнения. Не менее важным оказалась возможность приобретения собственной квартиры, тарифы ЖКХ и покупательская способность населения.&nbsp; К сожалению, по сравнению с другими городами ЦФО, наш город стоит в самом конце списка.&nbsp; Среди сотни проранжированных регионов, Смоленск занял непочетное 87 место.&nbsp; Куда же ехать смолянам за красивой жизнью? Рейтинг удобных для жизни городов возглавил Краснодар, также за красивой жизнью нужно ехать в Сургут, Екатеринбург, Южно-Сахалинск, Мурманск, Белгород, Воронеж, Магнитогорск, Уфу, Ростов-на-Дону. &nbsp;А хуже, чем у нас живут в Таганроге, Сыктывкаре, не повезло жителям Якутска, Владивостоке, Уссурийска, Махачкалы. Неудивительно, что в самом конце рейтинга оказался Комсомольск-на-Амуре, где, в связи с последними событиями жизнь действительно не в радость.</p>\r\n','2013-10-30 19:10:41','2013-10-30 19:06:00','\0','\0',0,0,0,3,'фото автор',''),(56,'Всем смолянам  по «рожку»','В Смоленске появится новый памятник','<p>\r\n	В Смоленске появится новый памятник</p>\r\n','<p>\r\n	<img alt=\"\" data-gallery=\"false\" src=\"/content/userdata/news/56/49a19414-882f-4574-9e83-47014734c2eb.normal.jpg\" style=\"width: 697px; height: 600px;\" id=\"49a19414-882f-4574-9e83-47014734c2eb\">В Смоленске вскоре появятся памятник, посвященный рожку, который смоленские пастухи использовали при выпасе скота. Комиссия управление культуры и туризма Администрации города Смоленска решила увековечить этот музыкальный народный инструмент Смоленщины.&nbsp; &laquo;Смоленский рожок &ndash; это самодельный народный музыкальный инструмент. Использовался в старые времена пастухами при выпасе скота. Но известно, что он долгое время оставался единственным и самобытным инструментом в селах, символом жизни наших предков&raquo;, - сообщается на сайте Администрации города Смоленска.&nbsp; Как будет выглядеть памятник музыкальному инструменту пока&nbsp; неизвестно. Но, то, что на него потратят средства из дефицитного бюджета уже факт. В то время, когда губернатор нашего региона заявляет, что собирается экономить на всем, вплоть до канцтоваров &nbsp;для чиновников, &nbsp;городская комиссия по топонимике и увековечению памяти выдающихся событий и личностей в городе Смоленске принимает решение установить еще один памятник в городе &ndash; рожку.&nbsp; Комиссия постановила утвердить место установки памятника и организовать конкурс на создание эскизного проекта.&nbsp; Рожок установят на улице Дзержинского, возле все еще недостроенного танцзала &laquo;Молодость&raquo;&hellip;</p>\r\n','<p>\r\n	В Смоленске вскоре появятся памятник, посвященный рожку, который смоленские пастухи использовали при выпасе скота. Комиссия управление культуры и туризма Администрации города Смоленска решила увековечить этот музыкальный народный инструмент Смоленщины.&nbsp; &laquo;Смоленский рожок &ndash; это самодельный народный музыкальный инструмент. Использовался в старые времена пастухами при выпасе скота. Но известно, что он долгое время оставался единственным и самобытным инструментом в селах, символом жизни наших предков&raquo;, - сообщается на сайте Администрации города Смоленска.&nbsp; Как будет выглядеть памятник музыкальному инструменту пока&nbsp; неизвестно. Но, то, что на него потратят средства из дефицитного бюджета уже факт. В то время, когда губернатор нашего региона заявляет, что собирается экономить на всем, вплоть до канцтоваров &nbsp;для чиновников, &nbsp;городская комиссия по топонимике и увековечению памяти выдающихся событий и личностей в городе Смоленске принимает решение установить еще один памятник в городе &ndash; рожку.&nbsp; Комиссия постановила утвердить место установки памятника и организовать конкурс на создание эскизного проекта.&nbsp; Рожок установят на улице Дзержинского, возле все еще недостроенного танцзала &laquo;Молодость&raquo;&hellip;</p>\r\n','2013-10-30 19:16:45','2013-10-30 19:14:00','\0','\0',0,1,0,3,'фото wikimedia.org',''),(57,'Почему Смоленск хуже Африки','Руководство области просит списать долги региона','<p>\r\n	Руководство области просит списать долги региона</p>\r\n','<p>\r\n	Вице-губернатор региона Игорь Скобелев выступил с предложением списать регионам, а в частности Смоленску госдолги. На такой шаг руководство нашей области подтолкнул давний опыт правительства списывать долги беднейшим африканским странам, а собственным регионам не идти на уступки. А ситуация с госдолгом в нашем регионе стоит довольно остро. По словам Игоря Скобелева,&nbsp; задолженность Смоленской области перед федеральным бюджетом превышает 21 миллиард рублей. Виной всему снижение налоговых выплат от консолидированной группы налогоплательщиков, которая весьма болезненно отразилась на бюджете Смоленской области.Таким образом, на заседании комитета Областной думы по бюджету и финансам вице-губернатор предложил &laquo;простить&raquo; Смоленску внушительные суммы госдолгов.</p>\r\n<p>\r\n	<img alt=\"\" data-gallery=\"false\" id=\"9e5ca65b-8ebc-419b-b00a-692c165bf11c\" src=\"/content/userdata/news/57/9e5ca65b-8ebc-419b-b00a-692c165bf11c.normal.jpg\" style=\"width: 600px; height: 492px;\">Тем не менее, данным Минфина, Смоленская область &mdash; еще далеко не самый &laquo;депрессивный&raquo; регион. Например, у целого ряда субъектов РФ, в том числе Мордовии, Костромской и Вологодской областей, долг превышает или приближается к 100% доходов.</p>\r\n<p>\r\n	&nbsp;</p>\r\n','<p>\r\n	Вице-губернатор региона Игорь Скобелев выступил с предложением списать регионам, а в частности Смоленску госдолги. На такой шаг руководство нашей области подтолкнул давний опыт правительства списывать долги беднейшим африканским странам, а собственным регионам не идти на уступки. А ситуация с госдолгом в нашем регионе стоит довольно остро. По словам Игоря Скобелева,&nbsp; задолженность Смоленской области перед федеральным бюджетом превышает 21 миллиард рублей. Виной всему снижение налоговых выплат от консолидированной группы налогоплательщиков, которая весьма болезненно отразилась на бюджете Смоленской области.Таким образом, на заседании комитета Областной думы по бюджету и финансам вице-губернатор предложил &laquo;простить&raquo; Смоленску внушительные суммы госдолгов.</p>\r\n<p>\r\n	Тем не менее, данным Минфина, Смоленская область &mdash; еще далеко не самый &laquo;депрессивный&raquo; регион. Например, у целого ряда субъектов РФ, в том числе Мордовии, Костромской и Вологодской областей, долг превышает или приближается к 100% доходов.</p>\r\n<p>\r\n	&nbsp;</p>\r\n','2013-10-30 19:19:10','2013-10-30 19:17:00','\0','\0',0,0,0,1,'графика автор',''),(58,'«Картины маслом» от военного летчика','26 октября в ДК профсоюзов состоялась дебютная выставка смоленского художника Владимира Денисова','<p>\r\n	&nbsp;</p>\r\n<p>\r\n	26 октября в ДК профсоюзов состоялась дебютная выставка смоленского художника Владимира Денисова.</p>\r\n','<p>\r\n	<img alt=\"\" data-gallery=\"true\" id=\"2781f7de-04a0-4e3a-b5b9-3e79b9691de5\" src=\"/content/userdata/news/58/2781f7de-04a0-4e3a-b5b9-3e79b9691de5.normal.jpg\" style=\"width: 3999px; height: 3113px;\"><img alt=\"\" data-gallery=\"true\" id=\"d2f39547-768e-429a-a8ef-c9015bdb0dd9\" src=\"/content/userdata/news/58/d2f39547-768e-429a-a8ef-c9015bdb0dd9.normal.jpg\" style=\"width: 3664px; height: 2796px;\"><img alt=\"\" data-gallery=\"true\" id=\"eb0879ca-b084-40fd-b9d7-cb02f1c1d99b\" src=\"/content/userdata/news/58/eb0879ca-b084-40fd-b9d7-cb02f1c1d99b.normal.jpg\" style=\"width: 3312px; height: 2544px;\"><img alt=\"\" data-gallery=\"true\" id=\"5691d5c3-dc19-4bdf-b1a5-15632e9a23e5\" src=\"/content/userdata/news/58/5691d5c3-dc19-4bdf-b1a5-15632e9a23e5.normal.jpg\" style=\"width: 3740px; height: 2854px;\"><img alt=\"\" data-gallery=\"true\" id=\"04093f24-43f6-4916-ac72-0ad70e38eb9f\" src=\"/content/userdata/news/58/04093f24-43f6-4916-ac72-0ad70e38eb9f.normal.jpg\" style=\"width: 3474px; height: 3048px;\"><br>\r\n	<br>\r\n	&nbsp;</p>\r\n<p>\r\n	На картинах художника - и море, и храмы, и Меркурий Смоленский, и Наполеон&hellip; и поэт Александр Твардовский на фоне днепровской переправы. Сюжеты работ разнообразны, разноплановые, но всех объединяет одно &ndash; написаны они чистыми яркими красками, и от чистой души. &laquo;Сюжет моих картин как-то сам собой возникает в голове, я его додумываю, и когда уже вижу четкую картину, начинаю рисовать&raquo;, - рассказывает Владимир Леонович.&nbsp; В основном художник берет идеи своих работ из повседневной жизни,&nbsp; но иногда ему приходиться часами просиживать в библиотеке и изучать все нюансы той эпохи, которую он хотел бы изобразить. Любопытно то, что все картины, представленные на выставке, рисовал далеко не профессионал в сфере искусства, а бывший&nbsp; военный летчик. &nbsp;&laquo;Так сложилось, что рисование картин &ndash; это мое хобби, с годами я просто нарабатываю опыт&raquo;, - признается художник.&nbsp; Владимир Денисов приехал в Смоленск из Дальнего Востока по распределению, здесь его приняли в союз художников России, и здесь состоялась его первая личная выставка работ. Посмотреть на дебют летчика в сфере изобразительного искусства пришли друзья и коллеги Леонова, которые часто получают в дар картины. &nbsp;Оказывается, не всегда стоит ждать приезда в наш город выставки именитого художника, ведь рядом с нами живут таланты, которым есть, что сказать и показать, только мы о них, к сожалению, очень мало знаем.<img alt=\"\" data-gallery=\"false\" id=\"287a857a-5cc5-4a18-b542-6509b28e8400\" src=\"/content/userdata/news/58/287a857a-5cc5-4a18-b542-6509b28e8400.normal.jpg\" style=\"width: 4560px; height: 3096px;\"></p>\r\n','<p>\r\n	<br>\r\n	<br>\r\n	&nbsp;</p>\r\n<p>\r\n	На картинах художника - и море, и храмы, и Меркурий Смоленский, и Наполеон&hellip; и поэт Александр Твардовский на фоне днепровской переправы. Сюжеты работ разнообразны, разноплановые, но всех объединяет одно &ndash; написаны они чистыми яркими красками, и от чистой души. &laquo;Сюжет моих картин как-то сам собой возникает в голове, я его додумываю, и когда уже вижу четкую картину, начинаю рисовать&raquo;, - рассказывает Владимир Леонович.&nbsp; В основном художник берет идеи своих работ из повседневной жизни,&nbsp; но иногда ему приходиться часами просиживать в библиотеке и изучать все нюансы той эпохи, которую он хотел бы изобразить. Любопытно то, что все картины, представленные на выставке, рисовал далеко не профессионал в сфере искусства, а бывший&nbsp; военный летчик. &nbsp;&laquo;Так сложилось, что рисование картин &ndash; это мое хобби, с годами я просто нарабатываю опыт&raquo;, - признается художник.&nbsp; Владимир Денисов приехал в Смоленск из Дальнего Востока по распределению, здесь его приняли в союз художников России, и здесь состоялась его первая личная выставка работ. Посмотреть на дебют летчика в сфере изобразительного искусства пришли друзья и коллеги Леонова, которые часто получают в дар картины. &nbsp;Оказывается, не всегда стоит ждать приезда в наш город выставки именитого художника, ведь рядом с нами живут таланты, которым есть, что сказать и показать, только мы о них, к сожалению, очень мало знаем.</p>\r\n','2013-10-30 19:34:05','2013-10-30 19:21:00','\0','\0',0,2,0,7,'фото автор','');
/*!40000 ALTER TABLE `news` ENABLE KEYS */;
UNLOCK TABLES;

--
-- Table structure for table `news_categories`
--

DROP TABLE IF EXISTS `news_categories`;
/*!40101 SET @saved_cs_client     = @@character_set_client */;
/*!40101 SET character_set_client = utf8 */;
CREATE TABLE `news_categories` (
  `id` bigint(20) NOT NULL AUTO_INCREMENT,
  `key` varchar(64) DEFAULT NULL,
  `title` varchar(64) DEFAULT NULL,
  `order_id` int(11) DEFAULT '0',
  PRIMARY KEY (`id`)
) ENGINE=InnoDB AUTO_INCREMENT=10 DEFAULT CHARSET=utf8;
/*!40101 SET character_set_client = @saved_cs_client */;

--
-- Dumping data for table `news_categories`
--

LOCK TABLES `news_categories` WRITE;
/*!40000 ALTER TABLE `news_categories` DISABLE KEYS */;
INSERT INTO `news_categories` VALUES (1,NULL,'Политика',1),(2,NULL,'Экономика',2),(3,NULL,'Общество',3),(4,NULL,'В мире',4),(5,NULL,'Происшествия',5),(6,NULL,'Спорт',6),(7,NULL,'Культура',7),(8,NULL,'Наука',8),(9,NULL,'Интервью',9);
/*!40000 ALTER TABLE `news_categories` ENABLE KEYS */;
UNLOCK TABLES;

--
-- Table structure for table `news_images`
--

DROP TABLE IF EXISTS `news_images`;
/*!40101 SET @saved_cs_client     = @@character_set_client */;
/*!40101 SET character_set_client = utf8 */;
CREATE TABLE `news_images` (
  `id` bigint(20) NOT NULL AUTO_INCREMENT,
  `news_id` bigint(20) DEFAULT NULL,
  `small_thumbnail` varchar(128) DEFAULT NULL,
  `medium_thumbnail` varchar(128) DEFAULT NULL,
  `large_thumbnail` varchar(128) DEFAULT NULL,
  `normal_thumbnail` varchar(128) DEFAULT NULL,
  `original` varchar(128) DEFAULT NULL,
  `description` varchar(255) DEFAULT NULL,
  `url` varchar(255) DEFAULT NULL,
  `alt` varchar(255) DEFAULT NULL,
  `inline` bit(1) DEFAULT NULL,
  `guid` varchar(36) DEFAULT NULL,
  PRIMARY KEY (`id`)
) ENGINE=InnoDB AUTO_INCREMENT=147 DEFAULT CHARSET=utf8;
/*!40101 SET character_set_client = @saved_cs_client */;

--
-- Dumping data for table `news_images`
--

LOCK TABLES `news_images` WRITE;
/*!40000 ALTER TABLE `news_images` DISABLE KEYS */;
INSERT INTO `news_images` VALUES (1,2,'breaking-news.small.jpg',NULL,'breaking-news.large.jpg',NULL,'breaking-news.jpg','Крайне важные новости',NULL,NULL,NULL,NULL),(2,1,'football.small.jpg',NULL,'football.large.jpg',NULL,'football.jpg','Наши победили',NULL,NULL,NULL,NULL),(3,3,'neo-putin.small.jpg',NULL,'neo-putin.large.jpg',NULL,'neo-putin.jpg','Путин у штурвала вертолета',NULL,NULL,NULL,NULL),(4,3,'photo-news.small.jpg',NULL,'photo-news.large.jpg',NULL,'photo-news.jpg','Что-то новенько',NULL,NULL,NULL,NULL),(5,1,'robo_attack.small.jpg',NULL,'robo_attack.large.jpg',NULL,'robo_attack.jpg',NULL,NULL,NULL,NULL,NULL),(6,4,'seagal.small.jpg',NULL,'seagal.large.jpg',NULL,'seagal.jpg','Сигал в шоке',NULL,NULL,NULL,NULL),(7,4,'Theater.small.jpg',NULL,'Theater.large.jpg',NULL,'Theater.jpg',NULL,NULL,NULL,NULL,NULL),(8,2,'timoshenko.small.jpg',NULL,'timoshenko.large.jpg',NULL,'timoshenko.jpg',NULL,NULL,NULL,NULL,NULL),(9,35,'e2ec13b8-813c-4b19-a628-d9f94cd24863.small.jpg','e2ec13b8-813c-4b19-a628-d9f94cd24863.mid.jpg','e2ec13b8-813c-4b19-a628-d9f94cd24863.large.jpg','e2ec13b8-813c-4b19-a628-d9f94cd24863.normal.jpg','e2ec13b8-813c-4b19-a628-d9f94cd24863.original.jpg','','/Content/upload/79a76359-7cfb-42c1-92fa-1532fc466197.jpg','','\0','e2ec13b8-813c-4b19-a628-d9f94cd24863'),(12,36,'fc4a686f-00ea-4208-8e75-9abd42876d18.small.jpg','fc4a686f-00ea-4208-8e75-9abd42876d18.mid.jpg','fc4a686f-00ea-4208-8e75-9abd42876d18.large.jpg','fc4a686f-00ea-4208-8e75-9abd42876d18.normal.jpg','fc4a686f-00ea-4208-8e75-9abd42876d18.original.jpg','','/content/upload/29bee7fc-8a44-476f-b236-94d4fc312c60.jpg','','\0','fc4a686f-00ea-4208-8e75-9abd42876d18'),(14,37,'d0d048f4-1e29-4538-994f-7985ae0458e2.small.jpg','d0d048f4-1e29-4538-994f-7985ae0458e2.mid.jpg','d0d048f4-1e29-4538-994f-7985ae0458e2.large.jpg','d0d048f4-1e29-4538-994f-7985ae0458e2.normal.jpg','d0d048f4-1e29-4538-994f-7985ae0458e2.original.jpg','','/content/upload/a3f0d066-d10f-406e-8dda-2a7cf7170047.jpg','','\0','d0d048f4-1e29-4538-994f-7985ae0458e2'),(15,33,'7c8c378d-bede-4623-9c55-fa56a3c975c9.small.jpg','7c8c378d-bede-4623-9c55-fa56a3c975c9.mid.jpg','7c8c378d-bede-4623-9c55-fa56a3c975c9.large.jpg','7c8c378d-bede-4623-9c55-fa56a3c975c9.normal.jpg','7c8c378d-bede-4623-9c55-fa56a3c975c9.original.jpg','','/Content/upload/86d022c1-2815-4a60-8934-846dd5677a04.jpg','','\0','7c8c378d-bede-4623-9c55-fa56a3c975c9'),(16,33,'6da09e24-32c4-4de7-a087-0ca37254d78c.small.jpg','6da09e24-32c4-4de7-a087-0ca37254d78c.mid.jpg','6da09e24-32c4-4de7-a087-0ca37254d78c.large.jpg','6da09e24-32c4-4de7-a087-0ca37254d78c.normal.jpg','6da09e24-32c4-4de7-a087-0ca37254d78c.original.jpg','','/Content/upload/93ce1486-6587-43c6-a00e-fd92a935635d.jpg','','\0','6da09e24-32c4-4de7-a087-0ca37254d78c'),(17,38,'4f942c20-0b5c-4cb0-b5ce-9cb31710e721.small.jpg','4f942c20-0b5c-4cb0-b5ce-9cb31710e721.mid.jpg','4f942c20-0b5c-4cb0-b5ce-9cb31710e721.large.jpg','4f942c20-0b5c-4cb0-b5ce-9cb31710e721.normal.jpg','4f942c20-0b5c-4cb0-b5ce-9cb31710e721.original.JPG','','/content/upload/8777fb61-9adc-4bca-bab2-90af3d917648.JPG','','\0','4f942c20-0b5c-4cb0-b5ce-9cb31710e721'),(18,39,'c03b4b4d-9adb-487a-b39f-b9f3af26dd92.small.jpg','c03b4b4d-9adb-487a-b39f-b9f3af26dd92.mid.jpg','c03b4b4d-9adb-487a-b39f-b9f3af26dd92.large.jpg','c03b4b4d-9adb-487a-b39f-b9f3af26dd92.normal.jpg','c03b4b4d-9adb-487a-b39f-b9f3af26dd92.original.jpg','','/content/upload/a9445a81-737f-4d43-8551-f8afba32d67e.jpg','','\0','c03b4b4d-9adb-487a-b39f-b9f3af26dd92'),(19,39,'6fc6e8e1-a226-44a2-a09c-e7f8855d3442.small.jpg','6fc6e8e1-a226-44a2-a09c-e7f8855d3442.mid.jpg','6fc6e8e1-a226-44a2-a09c-e7f8855d3442.large.jpg','6fc6e8e1-a226-44a2-a09c-e7f8855d3442.normal.jpg','6fc6e8e1-a226-44a2-a09c-e7f8855d3442.original.jpg','','/content/upload/18bafdf9-fec1-4bed-a577-2a92d9153823.jpg','','\0','6fc6e8e1-a226-44a2-a09c-e7f8855d3442'),(38,31,'24bad2f4-cdf9-4a98-b53d-9453d9a3e398.small.jpg','24bad2f4-cdf9-4a98-b53d-9453d9a3e398.mid.jpg','24bad2f4-cdf9-4a98-b53d-9453d9a3e398.large.jpg','24bad2f4-cdf9-4a98-b53d-9453d9a3e398.normal.jpg','24bad2f4-cdf9-4a98-b53d-9453d9a3e398.original.jpg','','/content/userdata/news/31/1d488617-9065-4bc6-b125-4154eb5cfe34.normal.jpg','','\0','24bad2f4-cdf9-4a98-b53d-9453d9a3e398'),(39,31,'ee471ca9-3991-4f25-9ef4-c002f52f636e.small.jpg','ee471ca9-3991-4f25-9ef4-c002f52f636e.mid.jpg','ee471ca9-3991-4f25-9ef4-c002f52f636e.large.jpg','ee471ca9-3991-4f25-9ef4-c002f52f636e.normal.jpg','ee471ca9-3991-4f25-9ef4-c002f52f636e.original.jpg','','/content/userdata/news/31/588a0336-b3ed-4da3-ba43-df45716248fb.normal.jpg','','\0','ee471ca9-3991-4f25-9ef4-c002f52f636e'),(40,31,'9fa4dc95-2dc6-47fd-b6b7-743ee047a7ca.small.jpg','9fa4dc95-2dc6-47fd-b6b7-743ee047a7ca.mid.jpg','9fa4dc95-2dc6-47fd-b6b7-743ee047a7ca.large.jpg','9fa4dc95-2dc6-47fd-b6b7-743ee047a7ca.normal.jpg','9fa4dc95-2dc6-47fd-b6b7-743ee047a7ca.original.jpg','','/content/userdata/news/31/19d7c249-4257-4a5f-9344-4af3b623a66c.normal.jpg','','\0','9fa4dc95-2dc6-47fd-b6b7-743ee047a7ca'),(41,32,'a72d4acd-1ad5-4558-9cda-23a97af9dd8c.small.jpg','a72d4acd-1ad5-4558-9cda-23a97af9dd8c.mid.jpg','a72d4acd-1ad5-4558-9cda-23a97af9dd8c.large.jpg','a72d4acd-1ad5-4558-9cda-23a97af9dd8c.normal.jpg','a72d4acd-1ad5-4558-9cda-23a97af9dd8c.original.jpg','','/content/userdata/news/32/4b622056-6015-4795-b727-ab7b375e821a.normal.jpg','','\0','a72d4acd-1ad5-4558-9cda-23a97af9dd8c'),(42,32,'b88bd6ce-71d3-4542-aae6-6f3ae3e3d7dd.small.jpg','b88bd6ce-71d3-4542-aae6-6f3ae3e3d7dd.mid.jpg','b88bd6ce-71d3-4542-aae6-6f3ae3e3d7dd.large.jpg','b88bd6ce-71d3-4542-aae6-6f3ae3e3d7dd.normal.jpg','b88bd6ce-71d3-4542-aae6-6f3ae3e3d7dd.original.jpg','','/content/userdata/news/32/1f7bb2df-3a46-4116-a424-39767dd21316.normal.jpg','','\0','b88bd6ce-71d3-4542-aae6-6f3ae3e3d7dd'),(43,32,'54676d1b-26fa-4885-877d-f84f4368d8b5.small.jpg','54676d1b-26fa-4885-877d-f84f4368d8b5.mid.jpg','54676d1b-26fa-4885-877d-f84f4368d8b5.large.jpg','54676d1b-26fa-4885-877d-f84f4368d8b5.normal.jpg','54676d1b-26fa-4885-877d-f84f4368d8b5.original.jpg','','/content/userdata/news/32/0fab2e84-1437-4044-98aa-0a03211fa4a2.normal.jpg','','\0','54676d1b-26fa-4885-877d-f84f4368d8b5'),(44,34,'41817734-37cd-46ab-891c-a341e9b52cd7.small.png','41817734-37cd-46ab-891c-a341e9b52cd7.mid.png','41817734-37cd-46ab-891c-a341e9b52cd7.large.png','41817734-37cd-46ab-891c-a341e9b52cd7.normal.png','41817734-37cd-46ab-891c-a341e9b52cd7.original.png','','/content/userdata/news/34/e7126895-206c-45ee-9af1-ffc4fc11b6f5.normal.png','','\0','41817734-37cd-46ab-891c-a341e9b52cd7'),(45,34,'43ace520-7b18-410c-a29f-452f8594f979.small.png','43ace520-7b18-410c-a29f-452f8594f979.mid.png','43ace520-7b18-410c-a29f-452f8594f979.large.png','43ace520-7b18-410c-a29f-452f8594f979.normal.png','43ace520-7b18-410c-a29f-452f8594f979.original.png','','/content/userdata/news/34/e7126895-206c-45ee-9af1-ffc4fc11b6f5.normal.png','','\0','43ace520-7b18-410c-a29f-452f8594f979'),(46,30,'571321f3-da18-4afa-b30d-f55f86411dfa.small.jpg','571321f3-da18-4afa-b30d-f55f86411dfa.mid.jpg','571321f3-da18-4afa-b30d-f55f86411dfa.large.jpg','571321f3-da18-4afa-b30d-f55f86411dfa.normal.jpg','571321f3-da18-4afa-b30d-f55f86411dfa.original.jpg','','/content/userdata/news/30/a5143569-da33-484b-b2fa-bfa040f06b10.normal.jpg','','\0','571321f3-da18-4afa-b30d-f55f86411dfa'),(55,42,'77ede07f-f83c-43d1-a224-b52e79ac327e.small.jpg','77ede07f-f83c-43d1-a224-b52e79ac327e.mid.jpg','77ede07f-f83c-43d1-a224-b52e79ac327e.large.jpg','77ede07f-f83c-43d1-a224-b52e79ac327e.normal.jpg','77ede07f-f83c-43d1-a224-b52e79ac327e.original.jpg','','/content/userdata/news/42/2f3297c7-7c21-4233-9cf4-9630ff10741b.normal.jpg','','\0','77ede07f-f83c-43d1-a224-b52e79ac327e'),(58,43,'6a2c1cfe-2260-4576-900b-a4104c3235c8.small.jpg','6a2c1cfe-2260-4576-900b-a4104c3235c8.mid.jpg','6a2c1cfe-2260-4576-900b-a4104c3235c8.large.jpg','6a2c1cfe-2260-4576-900b-a4104c3235c8.normal.jpg','6a2c1cfe-2260-4576-900b-a4104c3235c8.original.jpg','','/content/userdata/news/43/5c6e4e1f-15e7-4e70-83bc-a92e013fd962.normal.jpg','','\0','6a2c1cfe-2260-4576-900b-a4104c3235c8'),(59,44,'08cacd76-25a4-4b85-ac79-87f5a4bef360.small.jpg','08cacd76-25a4-4b85-ac79-87f5a4bef360.mid.jpg','08cacd76-25a4-4b85-ac79-87f5a4bef360.large.jpg','08cacd76-25a4-4b85-ac79-87f5a4bef360.normal.jpg','08cacd76-25a4-4b85-ac79-87f5a4bef360.original.jpg','','http://media.moyareklama.ru/i/n/0/218/218967.jpg','','\0','08cacd76-25a4-4b85-ac79-87f5a4bef360'),(88,46,'e8929c8d-51ba-4aab-bfff-528b9f2c9a2a.small.jpg','e8929c8d-51ba-4aab-bfff-528b9f2c9a2a.mid.jpg','e8929c8d-51ba-4aab-bfff-528b9f2c9a2a.large.jpg','e8929c8d-51ba-4aab-bfff-528b9f2c9a2a.normal.jpg','e8929c8d-51ba-4aab-bfff-528b9f2c9a2a.original.jpg','','/content/userdata/news/46/eb1d4afe-6421-47cb-9333-9cf546759139.normal.jpg','','\0','e8929c8d-51ba-4aab-bfff-528b9f2c9a2a'),(95,45,'b5cb90b2-6478-4e11-a3b6-d0148f5f440d.small.jpg','b5cb90b2-6478-4e11-a3b6-d0148f5f440d.mid.jpg','b5cb90b2-6478-4e11-a3b6-d0148f5f440d.large.jpg','b5cb90b2-6478-4e11-a3b6-d0148f5f440d.normal.jpg','b5cb90b2-6478-4e11-a3b6-d0148f5f440d.original.jpg','','/content/userdata/news/45/19be4f4d-2abd-4fd1-b0e8-ea15013445ff.normal.jpg','В Смоленске выявлен и ликвидирован очередной дезоморфиновый притон','\0','b5cb90b2-6478-4e11-a3b6-d0148f5f440d'),(96,45,'2e858bb2-7582-433a-895f-17b8e54e3f7a.small.jpg','2e858bb2-7582-433a-895f-17b8e54e3f7a.mid.jpg','2e858bb2-7582-433a-895f-17b8e54e3f7a.large.jpg','2e858bb2-7582-433a-895f-17b8e54e3f7a.normal.jpg','2e858bb2-7582-433a-895f-17b8e54e3f7a.original.jpg','','/content/userdata/news/45/1a7bb9f4-cea5-4b3c-9d57-65253718fabf.normal.jpg','В Смоленске выявлен и ликвидирован очередной дезоморфиновый притон','\0','2e858bb2-7582-433a-895f-17b8e54e3f7a'),(97,45,'e48d697d-ef54-4d6a-b5c7-0868cd1110c9.small.jpg','e48d697d-ef54-4d6a-b5c7-0868cd1110c9.mid.jpg','e48d697d-ef54-4d6a-b5c7-0868cd1110c9.large.jpg','e48d697d-ef54-4d6a-b5c7-0868cd1110c9.normal.jpg','e48d697d-ef54-4d6a-b5c7-0868cd1110c9.original.jpg','','/content/userdata/news/45/ed47342b-49cc-4275-a84a-5f7dd96df450.normal.jpg','В Смоленске выявлен и ликвидирован очередной дезоморфиновый притон','\0','e48d697d-ef54-4d6a-b5c7-0868cd1110c9'),(98,45,'b9e984c6-bf34-48ae-8b54-be81a7a88cdb.small.jpg','b9e984c6-bf34-48ae-8b54-be81a7a88cdb.mid.jpg','b9e984c6-bf34-48ae-8b54-be81a7a88cdb.large.jpg','b9e984c6-bf34-48ae-8b54-be81a7a88cdb.normal.jpg','b9e984c6-bf34-48ae-8b54-be81a7a88cdb.original.jpg','','/content/userdata/news/45/01473dca-8427-4c03-9660-7d49652c505e.normal.jpg','В Смоленске выявлен и ликвидирован очередной дезоморфиновый притон','\0','b9e984c6-bf34-48ae-8b54-be81a7a88cdb'),(99,45,'1fe223c3-5fda-46af-9e10-6e8243d2a209.small.jpg','1fe223c3-5fda-46af-9e10-6e8243d2a209.mid.jpg','1fe223c3-5fda-46af-9e10-6e8243d2a209.large.jpg','1fe223c3-5fda-46af-9e10-6e8243d2a209.normal.jpg','1fe223c3-5fda-46af-9e10-6e8243d2a209.original.jpg','','/content/userdata/news/45/e5af10fb-da23-4954-9620-50615b064335.normal.jpg','В Смоленске выявлен и ликвидирован очередной дезоморфиновый притон','\0','1fe223c3-5fda-46af-9e10-6e8243d2a209'),(100,41,'cfe8f7c3-5989-476e-acdf-d88837f7e160.small.jpg','cfe8f7c3-5989-476e-acdf-d88837f7e160.mid.jpg','cfe8f7c3-5989-476e-acdf-d88837f7e160.large.jpg','cfe8f7c3-5989-476e-acdf-d88837f7e160.normal.jpg','cfe8f7c3-5989-476e-acdf-d88837f7e160.original.jpg','','/content/userdata/news/41/3cdb04f7-4d60-4bf8-9207-9b2c8405f09d.normal.jpg','','\0','cfe8f7c3-5989-476e-acdf-d88837f7e160'),(101,48,'d6cd156c-c978-4aaa-9db0-8db33ab9ee87.small.jpg','d6cd156c-c978-4aaa-9db0-8db33ab9ee87.mid.jpg','d6cd156c-c978-4aaa-9db0-8db33ab9ee87.large.jpg','d6cd156c-c978-4aaa-9db0-8db33ab9ee87.normal.jpg','d6cd156c-c978-4aaa-9db0-8db33ab9ee87.original.jpg','','/content/userdata/news/48/69c8e39f-c2d7-4eb7-b548-a80ef349ba78.normal.jpg','','\0','d6cd156c-c978-4aaa-9db0-8db33ab9ee87'),(102,49,'131cd545-bbfa-4457-adbc-33e04913f4c4.small.jpg','131cd545-bbfa-4457-adbc-33e04913f4c4.mid.jpg','131cd545-bbfa-4457-adbc-33e04913f4c4.large.jpg','131cd545-bbfa-4457-adbc-33e04913f4c4.normal.jpg','131cd545-bbfa-4457-adbc-33e04913f4c4.original.jpg','','http://static.tehnosila.ru/images/item/240x350/2012-12/14/Nq1kz2vH5P.jpg','','\0','131cd545-bbfa-4457-adbc-33e04913f4c4'),(104,50,'b30f6408-de1c-4d4a-ab22-8a1c717e6fa5.small.jpg','b30f6408-de1c-4d4a-ab22-8a1c717e6fa5.mid.jpg','b30f6408-de1c-4d4a-ab22-8a1c717e6fa5.large.jpg','b30f6408-de1c-4d4a-ab22-8a1c717e6fa5.normal.jpg','b30f6408-de1c-4d4a-ab22-8a1c717e6fa5.original.jpg','','/content/userdata/news/50/c1e61ac2-2d22-42a4-a5a2-02c216b5c6aa.normal.jpg','Внесены изменения в городской бюджет ','\0','b30f6408-de1c-4d4a-ab22-8a1c717e6fa5'),(105,51,'ce2b3593-b29a-45f6-b10c-4e7beda104cb.small.jpg','ce2b3593-b29a-45f6-b10c-4e7beda104cb.mid.jpg','ce2b3593-b29a-45f6-b10c-4e7beda104cb.large.jpg','ce2b3593-b29a-45f6-b10c-4e7beda104cb.normal.jpg','ce2b3593-b29a-45f6-b10c-4e7beda104cb.original.jpg','','/content/userdata/news/2ee02904-227b-4e9e-b4a2-02debe48ddee.jpg','','\0','ce2b3593-b29a-45f6-b10c-4e7beda104cb'),(106,51,'06f5f9b5-93c4-4ef2-aebb-2089e7ce10e6.small.jpg','06f5f9b5-93c4-4ef2-aebb-2089e7ce10e6.mid.jpg','06f5f9b5-93c4-4ef2-aebb-2089e7ce10e6.large.jpg','06f5f9b5-93c4-4ef2-aebb-2089e7ce10e6.normal.jpg','06f5f9b5-93c4-4ef2-aebb-2089e7ce10e6.original.jpg','','/content/userdata/news/2199e3ed-b32f-490a-a175-f376fb92a080.jpg','','\0','06f5f9b5-93c4-4ef2-aebb-2089e7ce10e6'),(107,51,'357cf0ca-3646-47ee-a910-2e56b6703417.small.jpg','357cf0ca-3646-47ee-a910-2e56b6703417.mid.jpg','357cf0ca-3646-47ee-a910-2e56b6703417.large.jpg','357cf0ca-3646-47ee-a910-2e56b6703417.normal.jpg','357cf0ca-3646-47ee-a910-2e56b6703417.original.jpg','','/content/userdata/news/f4f06404-a6e4-44fd-957b-e70e2433ea3e.jpg','','\0','357cf0ca-3646-47ee-a910-2e56b6703417'),(108,51,'54086de9-1567-4006-9e0d-df707e0023c2.small.jpg','54086de9-1567-4006-9e0d-df707e0023c2.mid.jpg','54086de9-1567-4006-9e0d-df707e0023c2.large.jpg','54086de9-1567-4006-9e0d-df707e0023c2.normal.jpg','54086de9-1567-4006-9e0d-df707e0023c2.original.jpg','','/content/userdata/news/61d66f8c-e874-4ce9-86da-ca12522e6011.jpg','','\0','54086de9-1567-4006-9e0d-df707e0023c2'),(109,51,'3b5fad5b-63b6-40fb-b696-d1c7437e93d0.small.png','3b5fad5b-63b6-40fb-b696-d1c7437e93d0.mid.png','3b5fad5b-63b6-40fb-b696-d1c7437e93d0.large.png','3b5fad5b-63b6-40fb-b696-d1c7437e93d0.normal.png','3b5fad5b-63b6-40fb-b696-d1c7437e93d0.original.png','','/content/userdata/news/98defa3f-600a-4def-a9be-9b0595b63f30.png','','\0','3b5fad5b-63b6-40fb-b696-d1c7437e93d0'),(110,52,'59509ccb-e7e5-4a5f-8776-09b8429838db.small.png','59509ccb-e7e5-4a5f-8776-09b8429838db.mid.png','59509ccb-e7e5-4a5f-8776-09b8429838db.large.png','59509ccb-e7e5-4a5f-8776-09b8429838db.normal.png','59509ccb-e7e5-4a5f-8776-09b8429838db.original.png','','/content/userdata/news/88019125-ac4d-4d44-a832-4ca15866d93b.png','','\0','59509ccb-e7e5-4a5f-8776-09b8429838db'),(111,52,'81506301-30b0-40b0-adf1-536c553c3b0b.small.png','81506301-30b0-40b0-adf1-536c553c3b0b.mid.png','81506301-30b0-40b0-adf1-536c553c3b0b.large.png','81506301-30b0-40b0-adf1-536c553c3b0b.normal.png','81506301-30b0-40b0-adf1-536c553c3b0b.original.png','','/content/userdata/news/05debd45-2d86-4c5b-a720-0ed717131111.png','','\0','81506301-30b0-40b0-adf1-536c553c3b0b'),(112,52,'78d3071c-3857-41bb-b27c-560c25e81dd8.small.png','78d3071c-3857-41bb-b27c-560c25e81dd8.mid.png','78d3071c-3857-41bb-b27c-560c25e81dd8.large.png','78d3071c-3857-41bb-b27c-560c25e81dd8.normal.png','78d3071c-3857-41bb-b27c-560c25e81dd8.original.png','','/content/userdata/news/0782587b-1abe-406f-96c5-390af19d65bf.png','','\0','78d3071c-3857-41bb-b27c-560c25e81dd8'),(113,52,'bcfe7f78-2df4-4593-88ea-6865eba6ab9d.small.png','bcfe7f78-2df4-4593-88ea-6865eba6ab9d.mid.png','bcfe7f78-2df4-4593-88ea-6865eba6ab9d.large.png','bcfe7f78-2df4-4593-88ea-6865eba6ab9d.normal.png','bcfe7f78-2df4-4593-88ea-6865eba6ab9d.original.png','','/content/userdata/news/e4a5098a-4327-4e27-bacd-9c5ce71a5059.png','','\0','bcfe7f78-2df4-4593-88ea-6865eba6ab9d'),(114,52,'aabbbb2e-fdc7-4096-923f-8ca509401cf2.small.png','aabbbb2e-fdc7-4096-923f-8ca509401cf2.mid.png','aabbbb2e-fdc7-4096-923f-8ca509401cf2.large.png','aabbbb2e-fdc7-4096-923f-8ca509401cf2.normal.png','aabbbb2e-fdc7-4096-923f-8ca509401cf2.original.png','','/content/userdata/news/7caeefca-9987-4436-a3fa-9296bf89d0d8.png','','\0','aabbbb2e-fdc7-4096-923f-8ca509401cf2'),(115,52,'8c1a8386-73c7-40ed-a986-aac8d1dc57dd.small.png','8c1a8386-73c7-40ed-a986-aac8d1dc57dd.mid.png','8c1a8386-73c7-40ed-a986-aac8d1dc57dd.large.png','8c1a8386-73c7-40ed-a986-aac8d1dc57dd.normal.png','8c1a8386-73c7-40ed-a986-aac8d1dc57dd.original.png','','/content/userdata/news/11d0bc74-fb7c-46a9-b838-77e2e39da45f.png','','\0','8c1a8386-73c7-40ed-a986-aac8d1dc57dd'),(122,53,'0a2f62ac-3f05-4c71-8320-bbf806971b0c.small.jpg','0a2f62ac-3f05-4c71-8320-bbf806971b0c.mid.jpg','0a2f62ac-3f05-4c71-8320-bbf806971b0c.large.jpg','0a2f62ac-3f05-4c71-8320-bbf806971b0c.normal.jpg','0a2f62ac-3f05-4c71-8320-bbf806971b0c.original.jpg','','/content/userdata/news/53/a6f8e18c-9e6d-457a-afed-dca4e0afed72.normal.jpg','','\0','0a2f62ac-3f05-4c71-8320-bbf806971b0c'),(123,54,'a1e130f7-b222-4ab0-aa72-70941a22696d.small.jpg','a1e130f7-b222-4ab0-aa72-70941a22696d.mid.jpg','a1e130f7-b222-4ab0-aa72-70941a22696d.large.jpg','a1e130f7-b222-4ab0-aa72-70941a22696d.normal.jpg','a1e130f7-b222-4ab0-aa72-70941a22696d.original.jpg','','/content/userdata/news/54/96a1be8a-bc6a-4888-ae2a-72e40b3ac542.normal.jpg','','\0','a1e130f7-b222-4ab0-aa72-70941a22696d'),(125,56,'49a19414-882f-4574-9e83-47014734c2eb.small.jpg','49a19414-882f-4574-9e83-47014734c2eb.mid.jpg','49a19414-882f-4574-9e83-47014734c2eb.large.jpg','49a19414-882f-4574-9e83-47014734c2eb.normal.jpg','49a19414-882f-4574-9e83-47014734c2eb.original.jpg','','/content/userdata/news/1731834c-c032-46ab-9609-388609de0335.jpg','','\0','49a19414-882f-4574-9e83-47014734c2eb'),(127,57,'9e5ca65b-8ebc-419b-b00a-692c165bf11c.small.jpg','9e5ca65b-8ebc-419b-b00a-692c165bf11c.mid.jpg','9e5ca65b-8ebc-419b-b00a-692c165bf11c.large.jpg','9e5ca65b-8ebc-419b-b00a-692c165bf11c.normal.jpg','9e5ca65b-8ebc-419b-b00a-692c165bf11c.original.jpg','','/content/userdata/news/57/ced5a525-8235-46fd-b514-5015cb6b92a5.normal.jpg','','\0','9e5ca65b-8ebc-419b-b00a-692c165bf11c'),(128,55,'79c820fc-a8fb-43e0-ba0e-7a0f0a6a9954.small.jpg','79c820fc-a8fb-43e0-ba0e-7a0f0a6a9954.mid.jpg','79c820fc-a8fb-43e0-ba0e-7a0f0a6a9954.large.jpg','79c820fc-a8fb-43e0-ba0e-7a0f0a6a9954.normal.jpg','79c820fc-a8fb-43e0-ba0e-7a0f0a6a9954.original.jpg','','/content/userdata/news/55/7952f5af-39cd-4fd1-8d89-10969955b80b.normal.jpg','','\0','79c820fc-a8fb-43e0-ba0e-7a0f0a6a9954'),(141,58,'2781f7de-04a0-4e3a-b5b9-3e79b9691de5.small.jpg','2781f7de-04a0-4e3a-b5b9-3e79b9691de5.mid.jpg','2781f7de-04a0-4e3a-b5b9-3e79b9691de5.large.jpg','2781f7de-04a0-4e3a-b5b9-3e79b9691de5.normal.jpg','2781f7de-04a0-4e3a-b5b9-3e79b9691de5.original.jpg','','/content/userdata/news/58/6fac607a-18d3-4ec8-b8a8-272ec2584da8.normal.jpg','','\0','2781f7de-04a0-4e3a-b5b9-3e79b9691de5'),(142,58,'d2f39547-768e-429a-a8ef-c9015bdb0dd9.small.jpg','d2f39547-768e-429a-a8ef-c9015bdb0dd9.mid.jpg','d2f39547-768e-429a-a8ef-c9015bdb0dd9.large.jpg','d2f39547-768e-429a-a8ef-c9015bdb0dd9.normal.jpg','d2f39547-768e-429a-a8ef-c9015bdb0dd9.original.jpg','','/content/userdata/news/58/17a77d47-c88e-45fe-8871-02c8ab727131.normal.jpg','','\0','d2f39547-768e-429a-a8ef-c9015bdb0dd9'),(143,58,'eb0879ca-b084-40fd-b9d7-cb02f1c1d99b.small.jpg','eb0879ca-b084-40fd-b9d7-cb02f1c1d99b.mid.jpg','eb0879ca-b084-40fd-b9d7-cb02f1c1d99b.large.jpg','eb0879ca-b084-40fd-b9d7-cb02f1c1d99b.normal.jpg','eb0879ca-b084-40fd-b9d7-cb02f1c1d99b.original.jpg','','/content/userdata/news/58/fa20cc1e-086b-4b24-b074-2d3bfe9d2009.normal.jpg','','\0','eb0879ca-b084-40fd-b9d7-cb02f1c1d99b'),(144,58,'5691d5c3-dc19-4bdf-b1a5-15632e9a23e5.small.jpg','5691d5c3-dc19-4bdf-b1a5-15632e9a23e5.mid.jpg','5691d5c3-dc19-4bdf-b1a5-15632e9a23e5.large.jpg','5691d5c3-dc19-4bdf-b1a5-15632e9a23e5.normal.jpg','5691d5c3-dc19-4bdf-b1a5-15632e9a23e5.original.jpg','','/content/userdata/news/58/552344ca-702c-4cf3-845c-08dbbb08f0fc.normal.jpg','','\0','5691d5c3-dc19-4bdf-b1a5-15632e9a23e5'),(145,58,'04093f24-43f6-4916-ac72-0ad70e38eb9f.small.jpg','04093f24-43f6-4916-ac72-0ad70e38eb9f.mid.jpg','04093f24-43f6-4916-ac72-0ad70e38eb9f.large.jpg','04093f24-43f6-4916-ac72-0ad70e38eb9f.normal.jpg','04093f24-43f6-4916-ac72-0ad70e38eb9f.original.jpg','','/content/userdata/news/58/2223a358-1b34-41b6-ba75-2c7bfc8eacbc.normal.jpg','','\0','04093f24-43f6-4916-ac72-0ad70e38eb9f'),(146,58,'287a857a-5cc5-4a18-b542-6509b28e8400.small.jpg','287a857a-5cc5-4a18-b542-6509b28e8400.mid.jpg','287a857a-5cc5-4a18-b542-6509b28e8400.large.jpg','287a857a-5cc5-4a18-b542-6509b28e8400.normal.jpg','287a857a-5cc5-4a18-b542-6509b28e8400.original.jpg','','/content/userdata/news/58/e5f97ec0-e7e6-4773-9cfb-ce21a5e40053.normal.jpg','','\0','287a857a-5cc5-4a18-b542-6509b28e8400');
/*!40000 ALTER TABLE `news_images` ENABLE KEYS */;
UNLOCK TABLES;

--
-- Table structure for table `news_marks`
--

DROP TABLE IF EXISTS `news_marks`;
/*!40101 SET @saved_cs_client     = @@character_set_client */;
/*!40101 SET character_set_client = utf8 */;
CREATE TABLE `news_marks` (
  `id` bigint(20) NOT NULL AUTO_INCREMENT,
  `create_date` datetime NOT NULL,
  `account_id` bigint(20) NOT NULL,
  `news_id` bigint(20) NOT NULL,
  `mark` int(11) NOT NULL,
  PRIMARY KEY (`id`)
) ENGINE=InnoDB AUTO_INCREMENT=13 DEFAULT CHARSET=utf8;
/*!40101 SET character_set_client = @saved_cs_client */;

--
-- Dumping data for table `news_marks`
--

LOCK TABLES `news_marks` WRITE;
/*!40000 ALTER TABLE `news_marks` DISABLE KEYS */;
INSERT INTO `news_marks` VALUES (1,'2013-08-14 11:48:08',7,7,3),(2,'2013-08-14 11:49:14',5,10,5),(3,'2013-08-15 20:22:43',10,31,5),(4,'2013-08-26 00:38:46',10,16,2),(5,'2013-09-15 22:35:52',10,30,4),(6,'2013-09-15 22:52:53',10,39,1),(7,'2013-09-17 11:10:05',2,39,5),(8,'2013-09-18 11:07:46',18,41,5),(9,'2013-09-18 15:17:04',18,45,3),(10,'2013-10-04 15:28:21',18,39,5),(11,'2013-10-25 12:17:09',21,43,5),(12,'2013-10-25 12:17:19',21,47,2);
/*!40000 ALTER TABLE `news_marks` ENABLE KEYS */;
UNLOCK TABLES;

--
-- Table structure for table `news_videos`
--

DROP TABLE IF EXISTS `news_videos`;
/*!40101 SET @saved_cs_client     = @@character_set_client */;
/*!40101 SET character_set_client = utf8 */;
CREATE TABLE `news_videos` (
  `id` bigint(20) NOT NULL AUTO_INCREMENT,
  `news_id` bigint(20) DEFAULT NULL,
  `guid` varchar(36) DEFAULT NULL,
  `url` varchar(255) DEFAULT NULL,
  `original` varchar(128) DEFAULT NULL,
  `small_thumbnail` varchar(128) DEFAULT NULL,
  PRIMARY KEY (`id`)
) ENGINE=InnoDB AUTO_INCREMENT=7 DEFAULT CHARSET=utf8 COMMENT='Таблица для хранения видео из новостей';
/*!40101 SET character_set_client = @saved_cs_client */;

--
-- Dumping data for table `news_videos`
--

LOCK TABLES `news_videos` WRITE;
/*!40000 ALTER TABLE `news_videos` DISABLE KEYS */;
INSERT INTO `news_videos` VALUES (6,41,'d9fb7573-67c7-4dc6-a45f-1a35af2823fa','http://www.youtube.com/embed/pkxecn46bZk','d9fb7573-67c7-4dc6-a45f-1a35af2823fa.original.jpg','d9fb7573-67c7-4dc6-a45f-1a35af2823fa.small.jpg');
/*!40000 ALTER TABLE `news_videos` ENABLE KEYS */;
UNLOCK TABLES;

--
-- Table structure for table `pages`
--

DROP TABLE IF EXISTS `pages`;
/*!40101 SET @saved_cs_client     = @@character_set_client */;
/*!40101 SET character_set_client = utf8 */;
CREATE TABLE `pages` (
  `id` bigint(20) NOT NULL AUTO_INCREMENT,
  `title` varchar(255) DEFAULT NULL,
  `publish_date` datetime DEFAULT NULL,
  `html` text,
  `user_id` bigint(20) DEFAULT NULL,
  `alias` varchar(255) DEFAULT NULL,
  PRIMARY KEY (`id`)
) ENGINE=InnoDB AUTO_INCREMENT=10 DEFAULT CHARSET=utf8;
/*!40101 SET character_set_client = @saved_cs_client */;

--
-- Dumping data for table `pages`
--

LOCK TABLES `pages` WRITE;
/*!40000 ALTER TABLE `pages` DISABLE KEYS */;
INSERT INTO `pages` VALUES (6,'О проекте','1800-01-01 00:00:00','<p>\n	Здесь прекрасная информация о нашем проекте</p>\n',0,'about'),(7,'Часто задаваемые вопросы','1800-01-01 00:00:00','\n',0,'faq'),(8,'Соглашения','1800-01-01 00:00:00','<p>\n	Текст соглашения</p>\n',0,'agreement'),(9,'Партнерство','1800-01-01 00:00:00','<h2>\n	Почему мы предлагаем сотрудничество?</h2>\n<ul>\n	<li>\n		СКБ Контур&nbsp;&mdash; стремительно развивающаяся компания, нацеленная на&nbsp;постоянный рост. Мы делаем ставки на&nbsp;инновации, открытие и&nbsp;захват новых рынков. Если вы хотите быть в&nbsp;лидерах&nbsp;&mdash; нам по&nbsp;пути.</li>\n	<li>\n		Мы заинтересованы в&nbsp;развитии партнерской сети. За&nbsp;более чем 20-летнюю историю существования нашей компанией накоплен огромный опыт по&nbsp;налаживанию контактов и&nbsp;установлению обоюдовыгодного сотрудничества с&nbsp;самыми разными компаниями по&nbsp;всей стране.&nbsp;</li>\n</ul>\n<h2>\n	Коммерческие партнеры СКБ Контур</h2>\n<p>\n	Партнер для&nbsp;нас&nbsp;&mdash; это прежде всего друг, коллега и&nbsp;главный помощник. Взаимодействие СКБ Контур и&nbsp;партнеров строится на&nbsp;принципах диалога. Специалисты СКБ Контур открыты и&nbsp;готовы к&nbsp;взаимодействию: постоянному общению, совместной подготовке и&nbsp;проведению мероприятий, помощи в&nbsp;реализации интересных проектов.</p>\n<p>\n	<strong>Сотрудничество с&nbsp;СКБ Контур дает партнеру возможность:</strong></p>\n<ul>\n	<li>\n		зарабатывать, привлекая новых абонентов к&nbsp;работе с&nbsp;веб-сервисами СКБ Контур;</li>\n	<li>\n		зарабатывать, продавая программы и&nbsp;обновления;</li>\n	<li>\n		зарабатывать, продавая собственные услуги по&nbsp;внедрению, настройке и&nbsp;сопровождению программ;</li>\n	<li>\n		зарабатывать, безупречной технической поддержкой завоевывая авторитет у&nbsp;клиентов и&nbsp;обеспечивая продления договоров;</li>\n	<li>\n		развивать бизнес, расширяя спектр услуг, предоставляемых клиентам;</li>\n	<li>\n		повышать имидж и&nbsp;значимость собственного имени за&nbsp;счет продвижения качества, простоты использования и&nbsp;квалифицированной поддержки программ СКБ Контур;</li>\n	<li>\n		участвовать в&nbsp;семинарах и&nbsp;других мероприятиях;</li>\n	<li>\n		постоянно развиваться, получать новые знания и&nbsp;возможности.</li>\n</ul>\n<p>\n	<strong>Партнеры СКБ Контур&nbsp;&mdash; это дружная команда профессионалов!</strong></p>\n',0,'partnership');
/*!40000 ALTER TABLE `pages` ENABLE KEYS */;
UNLOCK TABLES;

--
-- Table structure for table `pages_files`
--

DROP TABLE IF EXISTS `pages_files`;
/*!40101 SET @saved_cs_client     = @@character_set_client */;
/*!40101 SET character_set_client = utf8 */;
CREATE TABLE `pages_files` (
  `id` bigint(20) NOT NULL AUTO_INCREMENT,
  `title` varchar(255) DEFAULT NULL,
  `file_name` varchar(255) DEFAULT NULL,
  `publish_date` datetime DEFAULT NULL,
  `uid` varchar(80) DEFAULT NULL,
  `extension` varchar(10) DEFAULT NULL,
  `user_id` bigint(20) DEFAULT NULL,
  `page_id` bigint(20) DEFAULT NULL,
  PRIMARY KEY (`id`)
) ENGINE=InnoDB AUTO_INCREMENT=15 DEFAULT CHARSET=utf8;
/*!40101 SET character_set_client = @saved_cs_client */;

--
-- Dumping data for table `pages_files`
--

LOCK TABLES `pages_files` WRITE;
/*!40000 ALTER TABLE `pages_files` DISABLE KEYS */;
/*!40000 ALTER TABLE `pages_files` ENABLE KEYS */;
UNLOCK TABLES;

--
-- Table structure for table `photobank_cart`
--

DROP TABLE IF EXISTS `photobank_cart`;
/*!40101 SET @saved_cs_client     = @@character_set_client */;
/*!40101 SET character_set_client = utf8 */;
CREATE TABLE `photobank_cart` (
  `id` bigint(20) NOT NULL AUTO_INCREMENT,
  `account_id` bigint(20) NOT NULL,
  `price_id` bigint(20) NOT NULL,
  PRIMARY KEY (`id`)
) ENGINE=InnoDB AUTO_INCREMENT=34 DEFAULT CHARSET=utf8;
/*!40101 SET character_set_client = @saved_cs_client */;

--
-- Dumping data for table `photobank_cart`
--

LOCK TABLES `photobank_cart` WRITE;
/*!40000 ALTER TABLE `photobank_cart` DISABLE KEYS */;
INSERT INTO `photobank_cart` VALUES (1,5,1),(24,4,1),(25,5,17),(26,5,8),(27,5,24),(28,5,12),(29,5,28),(30,10,6),(31,10,22),(32,1,13),(33,1,14);
/*!40000 ALTER TABLE `photobank_cart` ENABLE KEYS */;
UNLOCK TABLES;

--
-- Table structure for table `photobank_categories`
--

DROP TABLE IF EXISTS `photobank_categories`;
/*!40101 SET @saved_cs_client     = @@character_set_client */;
/*!40101 SET character_set_client = utf8 */;
CREATE TABLE `photobank_categories` (
  `id` bigint(20) NOT NULL AUTO_INCREMENT,
  `title` varchar(245) NOT NULL,
  `photo` varchar(50) DEFAULT NULL,
  PRIMARY KEY (`id`)
) ENGINE=InnoDB AUTO_INCREMENT=6 DEFAULT CHARSET=utf8;
/*!40101 SET character_set_client = @saved_cs_client */;

--
-- Dumping data for table `photobank_categories`
--

LOCK TABLES `photobank_categories` WRITE;
/*!40000 ALTER TABLE `photobank_categories` DISABLE KEYS */;
INSERT INTO `photobank_categories` VALUES (1,'Пейзажи','e2b4b514-fd3a-11e2-a424-f50845417a9f.jpg'),(2,'События','15b97618-fd3b-11e2-a424-f50845417a9f.jpg'),(3,'Спорт','24d44b98-fd3b-11e2-a424-f50845417a9f.jpg'),(4,'Фотоприколы','2fc78f3d-fd3b-11e2-a424-f50845417a9f.jpg'),(5,'Портреты','d2e72569-82c3-4ac0-aea3-d2851f3b307d.jpg');
/*!40000 ALTER TABLE `photobank_categories` ENABLE KEYS */;
UNLOCK TABLES;

--
-- Table structure for table `photobank_licenses`
--

DROP TABLE IF EXISTS `photobank_licenses`;
/*!40101 SET @saved_cs_client     = @@character_set_client */;
/*!40101 SET character_set_client = utf8 */;
CREATE TABLE `photobank_licenses` (
  `id` bigint(20) NOT NULL AUTO_INCREMENT,
  `title` varchar(255) NOT NULL,
  PRIMARY KEY (`id`)
) ENGINE=InnoDB AUTO_INCREMENT=3 DEFAULT CHARSET=utf8;
/*!40101 SET character_set_client = @saved_cs_client */;

--
-- Dumping data for table `photobank_licenses`
--

LOCK TABLES `photobank_licenses` WRITE;
/*!40000 ALTER TABLE `photobank_licenses` DISABLE KEYS */;
INSERT INTO `photobank_licenses` VALUES (1,'Обычная'),(2,'Расширенная');
/*!40000 ALTER TABLE `photobank_licenses` ENABLE KEYS */;
UNLOCK TABLES;

--
-- Table structure for table `photobank_obtained`
--

DROP TABLE IF EXISTS `photobank_obtained`;
/*!40101 SET @saved_cs_client     = @@character_set_client */;
/*!40101 SET character_set_client = utf8 */;
CREATE TABLE `photobank_obtained` (
  `id` bigint(20) NOT NULL AUTO_INCREMENT,
  `account_id` bigint(20) NOT NULL,
  `price_id` bigint(20) NOT NULL,
  `buy_date` datetime DEFAULT NULL,
  PRIMARY KEY (`id`)
) ENGINE=InnoDB DEFAULT CHARSET=utf8;
/*!40101 SET character_set_client = @saved_cs_client */;

--
-- Dumping data for table `photobank_obtained`
--

LOCK TABLES `photobank_obtained` WRITE;
/*!40000 ALTER TABLE `photobank_obtained` DISABLE KEYS */;
/*!40000 ALTER TABLE `photobank_obtained` ENABLE KEYS */;
UNLOCK TABLES;

--
-- Table structure for table `photobank_photo_prices`
--

DROP TABLE IF EXISTS `photobank_photo_prices`;
/*!40101 SET @saved_cs_client     = @@character_set_client */;
/*!40101 SET character_set_client = utf8 */;
CREATE TABLE `photobank_photo_prices` (
  `id` bigint(20) NOT NULL AUTO_INCREMENT,
  `rel_photo_id` bigint(20) NOT NULL,
  `license_id` int(11) NOT NULL,
  `price` float NOT NULL DEFAULT '0',
  PRIMARY KEY (`id`)
) ENGINE=InnoDB AUTO_INCREMENT=39 DEFAULT CHARSET=utf8;
/*!40101 SET character_set_client = @saved_cs_client */;

--
-- Dumping data for table `photobank_photo_prices`
--

LOCK TABLES `photobank_photo_prices` WRITE;
/*!40000 ALTER TABLE `photobank_photo_prices` DISABLE KEYS */;
INSERT INTO `photobank_photo_prices` VALUES (1,1,1,100),(2,2,1,150),(3,3,1,80),(4,4,1,110),(5,5,1,90),(6,6,1,100),(7,7,1,100),(8,8,1,50),(9,9,1,100),(10,10,1,60),(11,11,1,120),(12,12,1,70),(13,13,1,100),(14,14,1,100),(15,15,1,130),(16,16,1,110),(17,1,2,200),(18,2,2,210),(19,3,2,210),(20,4,2,320),(21,5,2,230),(22,6,2,210),(23,7,2,250),(24,8,2,180),(25,9,2,245),(26,10,2,250),(27,11,2,240),(28,12,2,240),(29,13,2,250),(30,14,2,220),(31,15,2,230),(32,16,2,200),(33,17,1,0),(34,18,1,1000),(35,19,1,500),(36,20,1,1000),(37,21,1,10),(38,22,1,0);
/*!40000 ALTER TABLE `photobank_photo_prices` ENABLE KEYS */;
UNLOCK TABLES;

--
-- Table structure for table `photobank_photo_tags`
--

DROP TABLE IF EXISTS `photobank_photo_tags`;
/*!40101 SET @saved_cs_client     = @@character_set_client */;
/*!40101 SET character_set_client = utf8 */;
CREATE TABLE `photobank_photo_tags` (
  `id` bigint(20) NOT NULL AUTO_INCREMENT,
  `tag_id` bigint(20) NOT NULL,
  `photo_id` bigint(20) NOT NULL,
  PRIMARY KEY (`id`)
) ENGINE=InnoDB AUTO_INCREMENT=9 DEFAULT CHARSET=utf8;
/*!40101 SET character_set_client = @saved_cs_client */;

--
-- Dumping data for table `photobank_photo_tags`
--

LOCK TABLES `photobank_photo_tags` WRITE;
/*!40000 ALTER TABLE `photobank_photo_tags` DISABLE KEYS */;
INSERT INTO `photobank_photo_tags` VALUES (1,5,1),(2,2,2),(3,4,2),(4,1,3),(5,2,3),(6,4,3),(7,3,4),(8,5,4);
/*!40000 ALTER TABLE `photobank_photo_tags` ENABLE KEYS */;
UNLOCK TABLES;

--
-- Table structure for table `photobank_photos`
--

DROP TABLE IF EXISTS `photobank_photos`;
/*!40101 SET @saved_cs_client     = @@character_set_client */;
/*!40101 SET character_set_client = utf8 */;
CREATE TABLE `photobank_photos` (
  `id` bigint(20) NOT NULL AUTO_INCREMENT,
  `category_id` bigint(20) NOT NULL,
  `account_id` bigint(20) NOT NULL,
  `title` varchar(255) NOT NULL,
  `description` varchar(255) DEFAULT NULL,
  `preview` varchar(50) DEFAULT NULL COMMENT 'photo preview (325x211px)',
  `preview_square` varchar(50) DEFAULT NULL COMMENT 'square photo preview (138x138px)',
  `view_count` int(11) NOT NULL DEFAULT '0',
  `download_count` int(11) NOT NULL DEFAULT '0',
  `publish_date` datetime NOT NULL,
  `rating` int(11) DEFAULT '0',
  `album_id` bigint(20) DEFAULT NULL,
  `is_main` bit(1) DEFAULT b'0',
  `day_photo` bit(1) DEFAULT b'0',
  `preview_main` varchar(50) DEFAULT NULL,
  PRIMARY KEY (`id`)
) ENGINE=InnoDB AUTO_INCREMENT=22 DEFAULT CHARSET=utf8;
/*!40101 SET character_set_client = @saved_cs_client */;

--
-- Dumping data for table `photobank_photos`
--

LOCK TABLES `photobank_photos` WRITE;
/*!40000 ALTER TABLE `photobank_photos` DISABLE KEYS */;
INSERT INTO `photobank_photos` VALUES (20,1,21,'фото','','a51a1748-fee3-472e-a278-c7c84e74618a.jpg','4a3f67b6-36da-4ac6-ad9b-1e0a04036595.jpg',12,0,'2013-10-25 16:24:47',4,1,'\0','\0','2ad4c07d-8bae-4da4-ae54-cb1f88f5cfbf.jpg'),(21,5,7,'Портрет незнакомки','','d2e72569-82c3-4ac0-aea3-d2851f3b307d.jpg','90608a33-6e0e-41b4-b14c-86c9ece97707.jpg',1,0,'2013-10-31 01:26:43',0,2,'\0','\0','103e6873-f776-4ebe-9d37-341be8db818b.jpg');
/*!40000 ALTER TABLE `photobank_photos` ENABLE KEYS */;
UNLOCK TABLES;

--
-- Table structure for table `photobank_photos_rating`
--

DROP TABLE IF EXISTS `photobank_photos_rating`;
/*!40101 SET @saved_cs_client     = @@character_set_client */;
/*!40101 SET character_set_client = utf8 */;
CREATE TABLE `photobank_photos_rating` (
  `id` bigint(20) NOT NULL AUTO_INCREMENT,
  `photo_id` bigint(20) NOT NULL,
  `account_id` bigint(20) NOT NULL,
  `rating` int(11) DEFAULT '0',
  `create_date` datetime NOT NULL,
  PRIMARY KEY (`id`)
) ENGINE=InnoDB AUTO_INCREMENT=5 DEFAULT CHARSET=utf8;
/*!40101 SET character_set_client = @saved_cs_client */;

--
-- Dumping data for table `photobank_photos_rating`
--

LOCK TABLES `photobank_photos_rating` WRITE;
/*!40000 ALTER TABLE `photobank_photos_rating` DISABLE KEYS */;
INSERT INTO `photobank_photos_rating` VALUES (1,3,10,3,'2013-08-26 00:39:26'),(2,18,21,5,'2013-10-01 10:31:06'),(3,19,21,5,'2013-10-01 10:31:07'),(4,20,21,4,'2013-10-25 16:25:05');
/*!40000 ALTER TABLE `photobank_photos_rating` ENABLE KEYS */;
UNLOCK TABLES;

--
-- Table structure for table `photobank_related_photos`
--

DROP TABLE IF EXISTS `photobank_related_photos`;
/*!40101 SET @saved_cs_client     = @@character_set_client */;
/*!40101 SET character_set_client = utf8 */;
CREATE TABLE `photobank_related_photos` (
  `id` bigint(20) NOT NULL AUTO_INCREMENT,
  `photo_id` bigint(20) NOT NULL,
  `original` bit(1) NOT NULL DEFAULT b'0',
  `width` int(11) DEFAULT NULL,
  `height` int(11) DEFAULT NULL,
  `photo` varchar(50) DEFAULT NULL,
  `filename` varchar(255) DEFAULT NULL,
  PRIMARY KEY (`id`)
) ENGINE=InnoDB AUTO_INCREMENT=23 DEFAULT CHARSET=utf8;
/*!40101 SET character_set_client = @saved_cs_client */;

--
-- Dumping data for table `photobank_related_photos`
--

LOCK TABLES `photobank_related_photos` WRITE;
/*!40000 ALTER TABLE `photobank_related_photos` DISABLE KEYS */;
INSERT INTO `photobank_related_photos` VALUES (1,1,'',1280,1024,'6b66570e-fd41-11e2-a424-f50845417a90.jpg','photo1.jpg'),(2,2,'',1280,1024,'6d0ccefc-fd42-11e2-a424-f50845417a90.jpg','photo2.jpg'),(3,3,'',1280,1024,'0d2674c4-fd43-11e2-a424-f50845417a90.jpg','photo3.jpg'),(4,4,'',1280,1024,'79790f54-fd43-11e2-a424-f50845417a90.jpg','photo4.jpg'),(5,5,'',1280,1024,'6d0ccefc-fd42-11e2-a424-f50845417a92.jpg','photo5.jpg'),(6,6,'',1280,1024,'6b66570e-fd41-11e2-a424-f50845417a92.jpg','photo6.jpg'),(7,7,'',1280,1024,'79790f54-fd43-11e2-a424-f50845417a92.jpg','photo7.jpg'),(8,8,'',1280,1024,'0d2674c4-fd43-11e2-a424-f50845417a92.jpg','photo8.jpg'),(9,9,'',1280,1024,'0d2674c4-fd43-11e2-a424-f50845417a94.jpg','photo9.jpg'),(10,10,'',1280,1024,'79790f54-fd43-11e2-a424-f50845417a94.jpg','photo10.jpg'),(11,11,'',1280,1024,'6b66570e-fd41-11e2-a424-f50845417a94.jpg','photo11.jpg'),(12,12,'',1280,1024,'6d0ccefc-fd42-11e2-a424-f50845417a94.jpg','photo12.jpg'),(13,13,'',1280,1024,'6d0ccefc-fd42-11e2-a424-f50845417a96.jpg','photo13.jpg'),(14,14,'',1280,1024,'79790f54-fd43-11e2-a424-f50845417a96.jpg','photo14.jpg'),(15,15,'',1280,1024,'0d2674c4-fd43-11e2-a424-f50845417a96.jpg','photo15.jpg'),(16,16,'',1280,1024,'6b66570e-fd41-11e2-a424-f50845417a96.jpg','photo16.jpg'),(17,17,'',429,323,'947db562-0018-499d-91f5-fa755f255f24.jpg','Плакат.jpg'),(18,18,'',4608,3456,'47d609bd-3804-4a47-ac3a-ace31d1ab5d5.jpg','DSCN0869.JPG'),(19,18,'\0',4608,3456,'e6632859-b0dd-44df-88d6-481c698ebf0c.jpg','DSCN0711.JPG'),(20,19,'',4608,3456,'ebf81004-e431-40bf-8c25-19cb6b39faad.jpg','DSCN0711.JPG'),(21,20,'',640,640,'73aae356-79b6-41eb-ab52-c29d6870c527.jpg','1393531_577459342321948_1220211004_n.jpg'),(22,21,'',800,533,'5fd69e40-0a7c-4f48-959e-e44c3edfb7f1.jpg','1299660330_jej-portret-114.jpg');
/*!40000 ALTER TABLE `photobank_related_photos` ENABLE KEYS */;
UNLOCK TABLES;

--
-- Table structure for table `photobank_tags`
--

DROP TABLE IF EXISTS `photobank_tags`;
/*!40101 SET @saved_cs_client     = @@character_set_client */;
/*!40101 SET character_set_client = utf8 */;
CREATE TABLE `photobank_tags` (
  `id` bigint(20) NOT NULL AUTO_INCREMENT,
  `title` varchar(150) NOT NULL,
  PRIMARY KEY (`id`)
) ENGINE=InnoDB AUTO_INCREMENT=6 DEFAULT CHARSET=utf8;
/*!40101 SET character_set_client = @saved_cs_client */;

--
-- Dumping data for table `photobank_tags`
--

LOCK TABLES `photobank_tags` WRITE;
/*!40000 ALTER TABLE `photobank_tags` DISABLE KEYS */;
INSERT INTO `photobank_tags` VALUES (1,'горы'),(2,'пейзаж'),(3,'фрукты'),(4,'облака'),(5,'обои');
/*!40000 ALTER TABLE `photobank_tags` ENABLE KEYS */;
UNLOCK TABLES;

--
-- Table structure for table `photobank_user_albums`
--

DROP TABLE IF EXISTS `photobank_user_albums`;
/*!40101 SET @saved_cs_client     = @@character_set_client */;
/*!40101 SET character_set_client = utf8 */;
CREATE TABLE `photobank_user_albums` (
  `id` bigint(20) NOT NULL AUTO_INCREMENT,
  `account_id` bigint(20) NOT NULL,
  `title` varchar(245) DEFAULT NULL,
  `shoot_date` datetime DEFAULT NULL,
  PRIMARY KEY (`id`)
) ENGINE=InnoDB AUTO_INCREMENT=3 DEFAULT CHARSET=utf8;
/*!40101 SET character_set_client = @saved_cs_client */;

--
-- Dumping data for table `photobank_user_albums`
--

LOCK TABLES `photobank_user_albums` WRITE;
/*!40000 ALTER TABLE `photobank_user_albums` DISABLE KEYS */;
INSERT INTO `photobank_user_albums` VALUES (1,21,'лето','2013-08-31 00:00:00'),(2,7,'Альбом 1','2013-10-10 00:00:00');
/*!40000 ALTER TABLE `photobank_user_albums` ENABLE KEYS */;
UNLOCK TABLES;

--
-- Table structure for table `places`
--

DROP TABLE IF EXISTS `places`;
/*!40101 SET @saved_cs_client     = @@character_set_client */;
/*!40101 SET character_set_client = utf8 */;
CREATE TABLE `places` (
  `id` bigint(20) NOT NULL AUTO_INCREMENT,
  `title` varchar(100) NOT NULL,
  `text` text,
  `adress` varchar(100) DEFAULT NULL,
  `price` varchar(100) DEFAULT NULL,
  `work_time` varchar(200) DEFAULT NULL,
  `location` varchar(200) DEFAULT NULL,
  `phone` varchar(100) DEFAULT NULL,
  `site` varchar(100) DEFAULT NULL,
  `google_link` varchar(100) DEFAULT NULL,
  `facebook_link` varchar(100) DEFAULT NULL,
  `twitter_link` varchar(100) DEFAULT NULL,
  `vk_link` varchar(100) DEFAULT NULL,
  `mail_link` varchar(100) DEFAULT NULL,
  `odnoklassniki_link` varchar(100) DEFAULT NULL,
  `coordinates` varchar(30) DEFAULT NULL,
  PRIMARY KEY (`id`)
) ENGINE=InnoDB AUTO_INCREMENT=45 DEFAULT CHARSET=utf8;
/*!40101 SET character_set_client = @saved_cs_client */;

--
-- Dumping data for table `places`
--

LOCK TABLES `places` WRITE;
/*!40000 ALTER TABLE `places` DISABLE KEYS */;
INSERT INTO `places` VALUES (1,'Большой Драматический театр','<p>Российский Академический молодежный театр был основан в 1921 году Натальей Сац. В 30-х годах нынешний РАМТ получил имя Центрального детского</p><p>На исторической сцене Большого театра — опера эпохи венского сецессиона: </p><p>Композитор-модернист Рихард Штраус и драматург Гуго фон Гофмансталь привели в движение все слои венского общества, от авантюристов до графов, со вкусом высмеяли высший свет, заставили юношу переодеваться девушкой, а «кавалера розы» (проще говоря, свата) — самого стать женихом.</p><p>Инсценировал эту историю английский режиссер Стивен Лоулесс, бывший директор Глайндборнского фестиваля, а в главных партиях выступает приглашенная команда, одна из главных звезд которой — английский баритон Томас Аллен.</p>','Театральная пл., ул. 2','100-2000 р.','Ежедн. 12:00-15:00, 16:00-19:00, касса (Б. Дмитровка, 4): ежедн. 11:00-14:00, 15:00-19:00','На центральной площади сядьте на автоус №2 в сторону ул. Кирова, 5-ая остановка Театр РАМТ','+7 (495) 692-65-72, 692-00-69','http://www.ramt.ru','google_link',NULL,NULL,NULL,NULL,'odnoklassniki_link','32.042354,54.822873'),(2,'Радуга Кино','<p>Mногозальный кинотеатр «Радуга Кино» приглашает посетить:</p>\n<p><i> - пять комфортабельных кинозалов;</i></p>\n<p><i> - парк развлечений \'Остров сокровищ\' - лабиринт, игровые автоматы, карусель, 4D аттракцион;</i></p>\n<p><i>- прямые трансляции спортивных мероприятий;</i></p>\n<p><i>- караоке.</i></p>','проспект Андропова, 8, ТРЦ \'Мегаполис\', 3 этаж','150-400 р.','Ежедн. 9:00-01:00','станция метро Коломенская','+7 (495) 663-36-64','http://www.radygakino.ru',NULL,NULL,NULL,NULL,NULL,NULL,NULL),(3,'Джаз-клуб \'Союз композиторов\'','<p>В самом центре города, в тихом московском переулке расположился джаз клуб «Союз композиторов». \nЗдесь каждый день звучит живая музыка разных направлений — традиционный джаз, современный джаз, фьюжн, джаз рок, латина, блюз, фанк, этно, танго.</p>\n<p>Джаз-клуб «Союз композиторов» любит удивлять московскую публику концертами джазовых звезд, которые не жаловали Россию своим появлением до открытия клуба. \nВ джаз клубе выступали мировые звезды, выдающиеся музыканты, которым рукоплещут миллионы. \nИногда по вечерам джазовый клуб «Союз композиторов» превращается в танцевальный клуб с музыкой в стиле латино, где проходят фестивали танца, вечеринки, где звучат зажигательные меренга, сальса и румба в исполнении Viva Cuba. \nИспанские танцы в стиле фламенко или танго, также не редкость в клубе. По понедельникам на сцене джаз клуба «Союз композиторов» свои пьесы ставит камерный театр и проходят творческие вечера актеров театра. П\nо вторникам играет Олег Киреев, а в часы Jam Session импровизируют талантливые молодые музыканты. Традиционно, в субботнем расписании клуба Алексей Козлов и «Арсенал». \nБлюз представлен в джаз клубе «Союз композиторов» концертами и фестивалями, где участвуют любимые музыканты: Леван Ломидзе, Петр Подгородецкий, Вадим Иващенко, Михаил Соколов «Петрович», Алексей Аграновский и другие. \nСреди посетителей клуба: любители джазовой музыки, интеллектуалы и творческая интеллигенция, а также деловые люди, политики, дипломаты, экспаты, не чуждые миру искусства. \nДжаз клубу «Союз композиторов» удается гармонично сочетать в себе как клуб, на сцене которого выступают мировые джазовые звезды, так иресторан, где представлена европейская кухня в самом широком разнообразии блюд. \nСочетание джаза, хорошего вина и изысканной кухни особенно ценится гостями и, по общему мнению, делает это место редким и ценным уголком в центре столицы.</p>','Брюсов пер., д. 8/10, стр. 2','500-5000 р.','Ежедн. с 13:00 до последнего клиента','станция метро Охотный ряд, Пушкинская, Чеховская','+7 (495) 629-65-63','http://www.ucclub.ru',NULL,NULL,NULL,NULL,NULL,NULL,NULL),(4,'Современник','','ул. Октябрьской революции, 15','','Касса работает по автоответчику','маршрутные такси: 8, 10, 21, 35, 47, 50; трамваи:  № 1, 2, 4, 7 до ост. «Кинотеатр «Современник»','&nbsp;38-94-63 (касса), 38-21-05 (автоответчик)','','','','','','','',''),(5,'Россия Premiere','','ул. Дзержинского, 23/2, здание гостиницы  &quot;Россия&quot;','','Касса работает по автоответчику','&nbsp;маршрутные такси: № 6, 8, 13, 17, 26, 35, 38, 40, 44; трамваи: №  4, 7 до ост. «Стадион «Спартак»','&nbsp;32-44-54 (касса), 32-41-63 (автоответчик)','','','','','','','',''),(6,'&nbsp;','','','','','','','','','','','','','',''),(7,'Центрифуга','','&nbsp;ул. Николаева, 74','','Касса работает по автоответчику','&nbsp;троллейбус: № 2; маршрутные такси: № 6, 10, 20, 38, 45, 47 до  ост. «Ул. Марины Расковой»','&nbsp;66-44-55 (администраторы), 66-22-56 (автоответчик)','','','','','','','',''),(8,'Silver Cinema','','&nbsp;ул. Ново-Московская, 2/8, ТРЦ «Галактика»','','Касса работает по автоответчику','&nbsp;маршрутное такси: № 32 до ост «Галактика»','&nbsp;30-47-17 (администратор), 30-24-03 (автоответчик)','','','','','','','',''),(9,'Областной\r\n  Драматический театр им. Грибоедова','','&nbsp;пл. Ленина, 4','','&nbsp;с 11:00 до 19:00, суббота – с 11:00 до 18:00,  воскресенье – с 11:00 до 17:00, перерыв с 14:00 до 15:00, понедельник –  выходной','&nbsp;маршрутные такси: № 8, 9, 10, 11, 13, 21, 22, 24, 27, 29, 30,  32, 33, 35, 38, 40, 41, 42, 44, 46, 47; трамваи :№ 1, 2, 4, 7 до ост. «пл.  Победы»','&nbsp;38-45-01','','','','','','','',''),(10,'Камерный театр','','&nbsp; ул. Николаева, 28','','&nbsp;с 12:00 до 19:00, понедельник – выходной день','&nbsp;маршрутные такси: № 6, 8, 10, 27, 35, 38, 47; трамваи: № 1, 2,  4, 7 до ост. «Камерный театр»,','&nbsp;66-35-13','','','','','','','',''),(11,'Народный театр\r\n  драмы Дома работников просвещения','','&nbsp;Октябрьской революции, 5','','&nbsp;вторник – пятница с 14:00 до 18:00','&nbsp;маршрутные такси: № 8, 13, 17, 38, 40, 44 до ост. «ул.  Октябрьской революции»','&nbsp;38-47-46','','','','','','','',''),(12,'Театр-студия\r\n  «Диалог»','','&nbsp;ул. Ленина, 16','','','маршрутные такси: № 10, 13, 17, 21, 22, 29, 41,  42, 46, 47 до ост. «ул. Тухачевского»','&nbsp;(4812) 38-03-05','','','','','','','',''),(13,'Молодежная\r\n  театральная студия «Пирамида','','&nbsp;ул. Нахимова, 17','','','маршрутные такси: № 6, 8, 26, 38, 44; троллейбусы: № 1, 2 &nbsp;ост.  «ДК «Шарм»','&nbsp;66-68-67','','','','','','','',''),(14,'Театральная студия\r\n  «Театральный квадрат»','','&nbsp;ул. Ленина, 16','','','маршрутное такси №9, 13, 14, 16, 22, 38,41, 46 до  ост. «ул. Тухачевского»','(4812) 38-41-01','','','','','','','',''),(15,'Современный\r\n  эстрадный молодежный театр «ТМ»','','пр. Строителей, 18','','','маршрутное такси № 22, 44, трамвай № 2, 7 до ост.  «11 школа»','','','','','','','','',''),(16,'Концертный зал\r\n  имени М.И. Глинки','','&nbsp;ул. Глинки, 3','','&nbsp;с 12:00 до 19:00, понедельник – выходной день','&nbsp;маршрутные такси: № 9, 10, 11, 13, 16, 22, 24, 32, 35, 40, 42,  44, 47; трамваи: № 1, 2, 4, 7 до ост. «пл. Победы»','&nbsp;38-29-84','','','','','','','',''),(17,'КДЦ «Губернский»','','&nbsp;ул. Маршала Жукова, 4','','&nbsp;с 11:00 до 19:00, суббота – с 11:00 до 18:00,  перерыв с 15:00 до 16:00, воскресенье – выходной день','&nbsp;маршрутное такси: № 13 до ост. «Дом офицеров», трамвай № 1,2, 3,  7 до ост. «пл. Победы»','&nbsp;38-90-02, 38-66-87','','','','','','','',''),(18,'Городской дом\r\n  культуры «Шарм»','','&nbsp;ул. Нахимова, 17','','&nbsp;с 09:00 до 18:00, ежедневно','&nbsp;ост. маршрутные такси: № 6, 8, 26, 38, 44; троллейбусы: № 1, 2  до ост. «ДК «Шарм»','&nbsp;66-68-67','','','','','','','',''),(19,'Дворец культуры\r\n  профсоюзов','','&nbsp;ул. Ленина, 16','','','маршрутные такси: № 10, 13, 17, 21, 22, 29, 41,  42, 46, 47 до ост. «ул. Тухачевского»','(4812) 38-36-33','','','','','','','',''),(20,'Музей «Смоленск –\r\n  щит России»','','&nbsp;Октябрьской революции, 3','','&nbsp;с 10:00 до 17:00, понедельник – выходной день, последний  вторник каждого месяца – санитарный день','&nbsp;маршрутные такси: № 8, 13, 17, 38, 40, 44 до ост. «ул.  Октябрьской Революции», 35, 42 до ост. «Гостиница «Смоленск-Отель»','&nbsp;38-32-65, 38-41-73','','','','','','','',''),(21,'Художественная\r\n  галерея','','&nbsp;ул. Коммунистическая, 4','','&nbsp;с 10:00 до 18:00, пятница – с 10:00 до 17:00, понедельник  – выходной день, последний вторник месяца – санитарный день','&nbsp;маршрутные такси: № 8, 13, 17, 38, 40, 44 до ост. «ул.  Октябрьской Революции», 35, 42 до ост. «Гостиница «Смоленск-Отель»','&nbsp;38-06-95','','','','','','','',''),(22,'Исторический музей','','&nbsp;ул. Ленина, 8','','&nbsp;с 10:00 до 18:00, пятница – с 10:00 до 17:00, понедельник  – выходной день, последний четверг каждого месяца – санитарный день','&nbsp;маршрутные такси: № 3, 9, 10, 13, 14, 16, 17, 21, 22, 23, 27, 29,  33, 38, 41, 46, 47 до ост. «ул. Тухачевского», 42 до ост. «Гостиница «Смоленск-Отель»','&nbsp;65-68-71','','','','','','','',''),(23,'Музей «Смоленский\r\n  лён»','','&nbsp;ул. Маршала Жукова, Никольская башня Смоленской  крепостной стены','','&nbsp;с 10:00 до 18:00, пятница – с 10:00 до 17:00, понедельник  – выходной день, последняя среда каждого месяца – санитарный день','&nbsp;маршрутные такси: № 9, 29, 40, 42 до ост. «Дом офицеров»','&nbsp;38-16-11','','','','','','','',''),(24,'Музей «Городская\r\n  кузница XVII века»','','&nbsp;ул. Ленина, 10а','','&nbsp;с 10:00 до 18:00, пятница – с 10:00 до 17:00, понедельник  – выходной день, последний четверг каждого месяца – санитарный день','&nbsp;маршрутные такси: № 3, 9, 10, 13, 14, 16, 17, 21, 22, 23, 27,  29, 33, 38, 41, 46, 47 до ост. «ул. Тухачевского», 42 до ост. «Гостиница «Смоленск-Отель»','&nbsp;38-38-62','','','','','','','',''),(25,'Музей скульптуры С.\r\n  Т. Коненкова','','&nbsp;ул. Маяковского, 7','','&nbsp;с 10:00 до 18:00, пятница – с 10:00 до 17:00, понедельник  – выходной день, последняя среда каждого месяца – санитарный день','&nbsp;маршрутные такси: № 21, 35, 42 до ост. «Гостиница «СмоленскОтель»','&nbsp;38-20-29','','','','','','','',''),(26,'Молодежный\r\n  центр-музей имени адмирала П.С. Нахимова','','&nbsp;ул. Б. Советская, 29/1','','&nbsp;с 09:00 до 18:00, суббота – с 09:00 до 17:00, воскресенье,  понедельник – выходные дни','&nbsp;маршрутные такси: № 10, 13, 17, 21, 22, 29, 41, 42, 46, 47 до  ост. «ул. Тухачевского»','&nbsp;38-09-17','','','','','','','',''),(27,'Музей «Русская\r\n  старина»','','&nbsp; ул. Исаковского, 5','','Флигель','&nbsp;маршрутные такси: № 9, 10, 11, 13, 16, 22,  24, 32, 35, 40, 42, 44, 47 до ост. «пл. Победы»; трамваи: № 1, 2, 4, 7','&nbsp;38-27-09','','','','','','','',''),(28,'Культурно-выставочный\r\n  центр имени Тенишевых','','&nbsp;Пржевальского, д. 3','','&nbsp;10:00 – 19:00, выходной – понедельник','маршрутное такси №42 до ост. «Университет»','','','','','','','','',''),(29,'Городской центр\r\n  культуры','','&nbsp; ул. Тенишевой, 5','','&nbsp;понедельник – пятница с 09:00 до 17:30, суббота с 14:00 до  17:30, воскресенье с 15:00 до 17:30','&nbsp;маршрутные такси: № 9, 10, 11, 13, 16, 22,  24, 32, 35, 40, 42, 44, 47 до ост. «пл. Победы»; трамваи: № 1, 2, 4, 7','&nbsp;38-07-80','','','','','','','',''),(30,'Дом художника','','&nbsp; ул. Б. Советская, 21','','&nbsp;с 11:00 до 19:00, суббота, воскресенье – с 11:00 до 17:00,  понедельник – выходной день','&nbsp;маршрутные такси: № 10, 13, 17, 21, 22, 29, 41, 46, 47 до ост.  «ул. Тухачевского»','&nbsp;38-23-91','','','','','','','',''),(31,'Библиотека им.\r\n  Твардовского','','&nbsp;Б. Советская, 25/19','','&nbsp;понедельник – четверг с 09:00 до 20:00, суббота,  воскресенье – с 10:00 до 18:00, пятница – выходной день, последняя среда  каждого месяца – санитарный день','&nbsp;маршрутные такси: № 10, 13, 17, 21, 22, 29, 41, 42, 46, 47 до  ост. «ул. Тухачевского»','&nbsp;38-34-95','','','','','','','',''),(32,'А-клуб','','Кирова, 29б','','вторник-четверг, воскресенье 16.00–2.00, пятница-суббота  16.00–6.00&nbsp;','маршрутное такси №18, 20, 44, 45 до ост. «Физдиспансер»','(4812) 35 87 56','','','','','','','',''),(33,'Havana Club','','ул. 25-го Сентября, 30в','','','маршрутное такси № 22, трамвай №1, 2, 7 до ост.  «ул. Румянцева»','','','','','','','','',''),(34,'Gold','','Николаева, 30','','пятница, суббота 22.00–6.00&nbsp;','','&nbsp;(4812) 67 67 76,','','','','','','','',''),(35,'Мастерская\r\n  настроения «Место','','ул. Маяковского,  5а','','','маршрутные такси: № 10, 13, 17, 21, 22, 29, 41,  42, 46, 47 до ост. «ул. Тухачевского»','','','','','','','','',''),(36,'Стадион «Спартак»','','&nbsp; ул. Дзержинского, 18/2','','','&nbsp;маршрутные такси: № 6, 8, 13, 17, 26, 35, 38, 40, 44; трамваи: №  4, 7 до ост. «Стадион «Спартак»','&nbsp;38-03-47 (дежурный)','','','','','','','',''),(37,'Ледовый дворец','','&nbsp;ул. 25 Сентября, 39','','&nbsp;с 09:00 до 17:00','&nbsp;маршрутные такси: № 20, 22, 32, 34, 35, 42, 44, 45; трамваи № 1,  2, 7 до ост. «ул. Рыленкова»','&nbsp;31-30-82','','','','','','','',''),(38,'Спортзал СГАФКСТ','','&nbsp;пр-т Гагарина, 23','','','маршрутное такси № 22, 40, 41, 46 до ост. «Физинститут»','&nbsp;59-91-70','','','','','','','',''),(39,'Областной театр\r\n  кукол им. Светильникова','','ул. Дзержинского, 15а','','&nbsp;с 11.00 до 18.30, перерыв – с 14:30 до 15:00,  суббота – с 10:00 до 17:00, воскресенье – с 10:00 до 15:00, понедельник –  выходной день','&nbsp;маршрутные такси: № 6, 8, 13, 17, 26, 38, 40, 44 до ост. «ул.  Дзержинского»','&nbsp;38-91-61','','','','','','','',''),(40,'Музей «В мире\r\n  сказки»','','&nbsp;ул. Ленина, 15','','&nbsp;с 10:00 до 18:00, пятница – с 10:00 до 17:00, понедельник  – выходной день, последний четверг каждого месяца – санитарный день','&nbsp;маршрутные такси: № 3, 9, 10, 13, 14, 16, 17, 21, 22, 23, 27, 29,  33, 38, 41, 46, 47 до ост. «ул. Тухачевского»','&nbsp;38-22-26','','','','','','','',''),(41,'Планетарий','','&nbsp;ул. Войкова, 9','','&nbsp;с 09:00 до 18:00, суббота, воскресенье – с 10:00 до  16:00, понедельник – с 09:00 до 17:00','&nbsp;маршрутные такси: № 9, 10, 11, 13, 16, 22, 24, 32, 35, 40, 42,  44, 47; трамваи: № 1, 2, 4, 7 до ост. «пл. Победы»','&nbsp;38-43-80, 38-47-24','','','','','','','',''),(42,'Информационный\r\n  центр по атомной энергии','','ул. Пржевальского, д.4, на базе Смоленского  государственного университета','','','&nbsp;маршрутное такси № 42 до ост. «Университет»','&nbsp;68-30-85, 30-46-54','','','','','','','',''),(43,'Центр космических\r\n  услуг','','&nbsp;ул. Пржевальского, д.4, на базе Смоленского  государственного университета','','','&nbsp;маршрутное такси № 42 до ост. «Университет»','','','','','','','','',''),(44,'Парк «Лопатинский\r\n  сад»','','ул. Ленина, 2а','','','маршрутные такси: № 9, 10, 11, 13, 16, 22, 24, 32,  35, 40, 42, 44, 47; трамваи: № 1, 2, 4, 7 до ост. «пл. Победы»','','','','','','','','','');
/*!40000 ALTER TABLE `places` ENABLE KEYS */;
UNLOCK TABLES;

--
-- Table structure for table `places_rating`
--

DROP TABLE IF EXISTS `places_rating`;
/*!40101 SET @saved_cs_client     = @@character_set_client */;
/*!40101 SET character_set_client = utf8 */;
CREATE TABLE `places_rating` (
  `id` bigint(20) NOT NULL AUTO_INCREMENT,
  `account_id` bigint(20) NOT NULL,
  `place_id` bigint(20) NOT NULL,
  `rating` int(11) DEFAULT NULL,
  `create_date` datetime DEFAULT NULL,
  PRIMARY KEY (`id`)
) ENGINE=InnoDB DEFAULT CHARSET=utf8;
/*!40101 SET character_set_client = @saved_cs_client */;

--
-- Dumping data for table `places_rating`
--

LOCK TABLES `places_rating` WRITE;
/*!40000 ALTER TABLE `places_rating` DISABLE KEYS */;
/*!40000 ALTER TABLE `places_rating` ENABLE KEYS */;
UNLOCK TABLES;

--
-- Table structure for table `quiz_options`
--

DROP TABLE IF EXISTS `quiz_options`;
/*!40101 SET @saved_cs_client     = @@character_set_client */;
/*!40101 SET character_set_client = utf8 */;
CREATE TABLE `quiz_options` (
  `id` bigint(20) NOT NULL AUTO_INCREMENT,
  `quiz_id` bigint(20) NOT NULL,
  `value` varchar(200) DEFAULT NULL,
  `order` int(11) DEFAULT NULL,
  PRIMARY KEY (`id`)
) ENGINE=InnoDB AUTO_INCREMENT=4 DEFAULT CHARSET=utf8;
/*!40101 SET character_set_client = @saved_cs_client */;

--
-- Dumping data for table `quiz_options`
--

LOCK TABLES `quiz_options` WRITE;
/*!40000 ALTER TABLE `quiz_options` DISABLE KEYS */;
INSERT INTO `quiz_options` VALUES (1,1,'ВТБ 24',1),(2,1,'Смоленский банк',2),(3,1,'Сбербанк',3);
/*!40000 ALTER TABLE `quiz_options` ENABLE KEYS */;
UNLOCK TABLES;

--
-- Table structure for table `quiz_results`
--

DROP TABLE IF EXISTS `quiz_results`;
/*!40101 SET @saved_cs_client     = @@character_set_client */;
/*!40101 SET character_set_client = utf8 */;
CREATE TABLE `quiz_results` (
  `id` bigint(20) NOT NULL AUTO_INCREMENT,
  `account_id` bigint(20) NOT NULL,
  `quiz_id` bigint(20) NOT NULL,
  `quiz_option_id` bigint(20) NOT NULL,
  PRIMARY KEY (`id`)
) ENGINE=InnoDB DEFAULT CHARSET=utf8;
/*!40101 SET character_set_client = @saved_cs_client */;

--
-- Dumping data for table `quiz_results`
--

LOCK TABLES `quiz_results` WRITE;
/*!40000 ALTER TABLE `quiz_results` DISABLE KEYS */;
/*!40000 ALTER TABLE `quiz_results` ENABLE KEYS */;
UNLOCK TABLES;

--
-- Table structure for table `quizzes`
--

DROP TABLE IF EXISTS `quizzes`;
/*!40101 SET @saved_cs_client     = @@character_set_client */;
/*!40101 SET character_set_client = utf8 */;
CREATE TABLE `quizzes` (
  `id` bigint(20) NOT NULL AUTO_INCREMENT,
  `title` varchar(200) DEFAULT NULL,
  `datetime_start` datetime DEFAULT NULL,
  `datetime_finish` datetime DEFAULT NULL,
  `datetime_publish` datetime DEFAULT NULL,
  `is_main` bit(1) DEFAULT b'0',
  PRIMARY KEY (`id`)
) ENGINE=InnoDB AUTO_INCREMENT=2 DEFAULT CHARSET=utf8;
/*!40101 SET character_set_client = @saved_cs_client */;

--
-- Dumping data for table `quizzes`
--

LOCK TABLES `quizzes` WRITE;
/*!40000 ALTER TABLE `quizzes` DISABLE KEYS */;
INSERT INTO `quizzes` VALUES (1,'Какой банк в Смоленске самый удобный?','2013-10-12 00:00:00','2013-10-31 00:00:00',NULL,'');
/*!40000 ALTER TABLE `quizzes` ENABLE KEYS */;
UNLOCK TABLES;

--
-- Table structure for table `regions`
--

DROP TABLE IF EXISTS `regions`;
/*!40101 SET @saved_cs_client     = @@character_set_client */;
/*!40101 SET character_set_client = utf8 */;
CREATE TABLE `regions` (
  `id` bigint(20) NOT NULL AUTO_INCREMENT,
  `title` varchar(100) DEFAULT NULL,
  PRIMARY KEY (`id`)
) ENGINE=InnoDB AUTO_INCREMENT=3 DEFAULT CHARSET=utf8;
/*!40101 SET character_set_client = @saved_cs_client */;

--
-- Dumping data for table `regions`
--

LOCK TABLES `regions` WRITE;
/*!40000 ALTER TABLE `regions` DISABLE KEYS */;
INSERT INTO `regions` VALUES (1,'Смоленская область'),(2,'Архангельская область');
/*!40000 ALTER TABLE `regions` ENABLE KEYS */;
UNLOCK TABLES;

--
-- Table structure for table `restaurant_comments`
--

DROP TABLE IF EXISTS `restaurant_comments`;
/*!40101 SET @saved_cs_client     = @@character_set_client */;
/*!40101 SET character_set_client = utf8 */;
CREATE TABLE `restaurant_comments` (
  `id` bigint(20) NOT NULL AUTO_INCREMENT,
  `left_key` int(11) NOT NULL,
  `right_key` int(11) NOT NULL,
  `level` int(11) NOT NULL,
  `delete` bit(1) NOT NULL,
  `create_date` datetime NOT NULL,
  `account_id` bigint(20) NOT NULL,
  `text` text NOT NULL,
  `parent_id` bigint(20) DEFAULT NULL,
  `restaurant_id` bigint(20) NOT NULL,
  PRIMARY KEY (`id`)
) ENGINE=InnoDB AUTO_INCREMENT=6 DEFAULT CHARSET=utf8;
/*!40101 SET character_set_client = @saved_cs_client */;

--
-- Dumping data for table `restaurant_comments`
--

LOCK TABLES `restaurant_comments` WRITE;
/*!40000 ALTER TABLE `restaurant_comments` DISABLE KEYS */;
INSERT INTO `restaurant_comments` VALUES (1,1,2,0,'\0','2013-08-27 17:06:41',7,'отличненько!',0,1),(2,1,2,0,'\0','2013-10-04 15:31:12',18,'Креативненько',0,57),(3,1,2,0,'\0','2013-10-04 15:32:07',18,'Любимое кафе\r<br/>',0,18),(4,3,4,0,'\0','2013-10-25 12:23:24',21,'тест',0,1),(5,1,2,0,'\0','2013-10-25 12:23:32',21,'!!',1,1);
/*!40000 ALTER TABLE `restaurant_comments` ENABLE KEYS */;
UNLOCK TABLES;

--
-- Table structure for table `restaurant_entries`
--

DROP TABLE IF EXISTS `restaurant_entries`;
/*!40101 SET @saved_cs_client     = @@character_set_client */;
/*!40101 SET character_set_client = utf8 */;
CREATE TABLE `restaurant_entries` (
  `id` bigint(20) NOT NULL AUTO_INCREMENT,
  `title` varchar(100) DEFAULT NULL,
  `restaurant_entry_category_id` bigint(20) DEFAULT NULL,
  PRIMARY KEY (`id`)
) ENGINE=InnoDB AUTO_INCREMENT=86 DEFAULT CHARSET=utf8;
/*!40101 SET character_set_client = @saved_cs_client */;

--
-- Dumping data for table `restaurant_entries`
--

LOCK TABLES `restaurant_entries` WRITE;
/*!40000 ALTER TABLE `restaurant_entries` DISABLE KEYS */;
INSERT INTO `restaurant_entries` VALUES (34,'ресторан',1),(35,'бар',1),(36,'загородный ресторан',1),(37,'караоке-бар',1),(38,'от 500р',2),(39,'1000-1500р',2),(40,'1500-2000р',2),(41,'2000-3000р',2),(42,'от 3000р',2),(43,'Европейская',3),(44,'Русская',3),(45,'Авторская',3),(46,'Восточная',3),(47,'Аниматоры',4),(48,'Детская комната',4),(49,'Детские праздники',4),(50,'Детские стульчики',4),(51,'Бизнес-ланч',5),(52,'Вегетарианское меню',5),(53,'Винная карта',5),(54,'Выездное обслуживание',5),(55,'Chill-out / Lounge',6),(56,'VIP-зал',6),(57,'Винотека',6),(58,'Действиющий камин',6),(59,'Бильярд',7),(60,'Боулинг',7),(61,'Гольф',7),(62,'Спортивные трансляции',7),(63,'Банкетов',8),(64,'Бизнес-ланча',8),(65,'Болельщиков',8),(66,'Деловых встреч',8),(67,'Wi-Fi',9),(68,'0%-5%',10),(69,'5%-10%',10),(70,'10%-15%',10),(71,'15%-20%',10),(72,'Средиземноморская',3),(73,'Японская',3),(74,'Китайская',3),(75,'Кавказская',3),(76,'Ужина',8),(77,'от 1000',2),(78,'клуб-отель',1),(79,'кафе',1),(80,'гостиничный компрекс',1),(81,'Палестинская',3),(82,'Израильская',3),(83,'Индийская',3),(84,'Мексиканская',3),(85,'Караоке',7);
/*!40000 ALTER TABLE `restaurant_entries` ENABLE KEYS */;
UNLOCK TABLES;

--
-- Table structure for table `restaurant_entry_categories`
--

DROP TABLE IF EXISTS `restaurant_entry_categories`;
/*!40101 SET @saved_cs_client     = @@character_set_client */;
/*!40101 SET character_set_client = utf8 */;
CREATE TABLE `restaurant_entry_categories` (
  `id` bigint(20) NOT NULL AUTO_INCREMENT,
  `title` varchar(45) DEFAULT NULL,
  `is_multiple` bit(1) DEFAULT NULL,
  `is_anyvalue` bit(1) DEFAULT NULL,
  `is_visible` bit(1) DEFAULT NULL,
  PRIMARY KEY (`id`)
) ENGINE=InnoDB AUTO_INCREMENT=11 DEFAULT CHARSET=utf8;
/*!40101 SET character_set_client = @saved_cs_client */;

--
-- Dumping data for table `restaurant_entry_categories`
--

LOCK TABLES `restaurant_entry_categories` WRITE;
/*!40000 ALTER TABLE `restaurant_entry_categories` DISABLE KEYS */;
INSERT INTO `restaurant_entry_categories` VALUES (1,'Тип',NULL,NULL,NULL),(2,'Средний счет',NULL,NULL,NULL),(3,'Кухня','',NULL,NULL),(4,'Детям',NULL,NULL,NULL),(5,'Предложения',NULL,NULL,NULL),(6,'Особенности',NULL,NULL,NULL),(7,'Развлечения',NULL,NULL,NULL),(8,'Идеальное место для',NULL,NULL,NULL),(9,'Другое',NULL,NULL,NULL),(10,'Скидки',NULL,NULL,NULL);
/*!40000 ALTER TABLE `restaurant_entry_categories` ENABLE KEYS */;
UNLOCK TABLES;

--
-- Table structure for table `restaurant_events`
--

DROP TABLE IF EXISTS `restaurant_events`;
/*!40101 SET @saved_cs_client     = @@character_set_client */;
/*!40101 SET character_set_client = utf8 */;
CREATE TABLE `restaurant_events` (
  `id` bigint(20) NOT NULL AUTO_INCREMENT,
  `date` datetime DEFAULT NULL,
  `title` varchar(45) DEFAULT NULL,
  `short_desc` varchar(100) DEFAULT NULL,
  `restaurant_id` bigint(20) NOT NULL,
  PRIMARY KEY (`id`)
) ENGINE=InnoDB AUTO_INCREMENT=10 DEFAULT CHARSET=utf8;
/*!40101 SET character_set_client = @saved_cs_client */;

--
-- Dumping data for table `restaurant_events`
--

LOCK TABLES `restaurant_events` WRITE;
/*!40000 ALTER TABLE `restaurant_events` DISABLE KEYS */;
INSERT INTO `restaurant_events` VALUES (1,'2013-07-14 18:00:00','Русские гвозди','Музыка',1),(2,'2013-08-18 20:00:00','Американский молоток','Шоу',1),(3,'2013-09-07 20:00:00','Чай в троем','Обеды',2),(4,'2013-09-08 20:00:00','Чай в пятером','Обеды вкусные',1),(5,'2013-09-12 23:00:00','Стрипати','Тусовка',1),(6,'2013-09-19 22:00:00','Дуэт \"Триплет\"','Музыка',2),(7,'2013-09-27 22:00:00','Джигурда','Экстрим',1),(8,'2013-10-03 11:00:00','Балалайка Спела','текст текст текст текст текст текст текст текст текст текст текст текст ',1),(9,'2013-10-06 00:00:00','Играй гормон','тест',56);
/*!40000 ALTER TABLE `restaurant_events` ENABLE KEYS */;
UNLOCK TABLES;

--
-- Table structure for table `restaurant_photos`
--

DROP TABLE IF EXISTS `restaurant_photos`;
/*!40101 SET @saved_cs_client     = @@character_set_client */;
/*!40101 SET character_set_client = utf8 */;
CREATE TABLE `restaurant_photos` (
  `id` bigint(20) NOT NULL AUTO_INCREMENT,
  `thumbnail` varchar(100) DEFAULT NULL,
  `normal` varchar(100) DEFAULT NULL,
  `restaurtan_id` bigint(20) DEFAULT NULL,
  `is_main` bit(1) DEFAULT NULL,
  PRIMARY KEY (`id`)
) ENGINE=InnoDB AUTO_INCREMENT=151 DEFAULT CHARSET=utf8;
/*!40101 SET character_set_client = @saved_cs_client */;

--
-- Dumping data for table `restaurant_photos`
--

LOCK TABLES `restaurant_photos` WRITE;
/*!40000 ALTER TABLE `restaurant_photos` DISABLE KEYS */;
INSERT INTO `restaurant_photos` VALUES (18,'32b6db20-5787-43d4-bf28-92e6e485ae5a.jpg','32b6db20-5787-43d4-bf28-92e6e485ae5a.jpg',4,''),(20,'b6b5d742-0bdf-4443-a2ca-bbf41e334f4d.jpg','b6b5d742-0bdf-4443-a2ca-bbf41e334f4d.jpg',1,''),(21,'2527cc3b-b390-4ba6-aff6-a488176dc73b.jpg','2527cc3b-b390-4ba6-aff6-a488176dc73b.jpg',1,'\0'),(22,'249bec35-77ab-431d-8ccf-e87eb71c3d7e.jpg','249bec35-77ab-431d-8ccf-e87eb71c3d7e.jpg',1,'\0'),(23,'f75143aa-fb93-475a-8b54-2d8cacbd4bc0.jpg','f75143aa-fb93-475a-8b54-2d8cacbd4bc0.jpg',4,'\0'),(24,'c8409404-5ef4-48fa-b4c4-70ea1c68c718.jpg','c8409404-5ef4-48fa-b4c4-70ea1c68c718.jpg',3,'\0'),(25,'8e950de8-fcc2-4147-9f46-0f309f4d734a.jpg','8e950de8-fcc2-4147-9f46-0f309f4d734a.jpg',2,''),(26,'536154e0-a5f7-452f-ab4a-a6ffec551b85.jpg','536154e0-a5f7-452f-ab4a-a6ffec551b85.jpg',2,'\0'),(27,'81eb3309-476f-4e73-9ae3-dacaa72698b1.jpg','81eb3309-476f-4e73-9ae3-dacaa72698b1.jpg',5,''),(28,'d85c9a7a-8887-4260-a1c7-a68727588f76.jpg','d85c9a7a-8887-4260-a1c7-a68727588f76.jpg',7,''),(29,'b1f7dcc1-69c7-4709-98cf-870479b86bcb.jpg','b1f7dcc1-69c7-4709-98cf-870479b86bcb.jpg',7,'\0'),(30,'c0020678-321c-4f94-b322-312cf3d74b42.jpg','c0020678-321c-4f94-b322-312cf3d74b42.jpg',8,''),(31,'5496c636-ac8e-4aa8-8cb9-26ea54ab7b25.jpg','5496c636-ac8e-4aa8-8cb9-26ea54ab7b25.jpg',8,'\0'),(36,'3a4a5abe-87ee-458c-8df9-0a46ee2a77a2.jpg','3a4a5abe-87ee-458c-8df9-0a46ee2a77a2.jpg',3,''),(37,'156b4ae5-755a-4e5a-950f-16f81057c960.JPG','156b4ae5-755a-4e5a-950f-16f81057c960.JPG',11,''),(38,'79ee6ef3-da0c-4f9a-b287-0bb6aed6c060.JPG','79ee6ef3-da0c-4f9a-b287-0bb6aed6c060.JPG',11,'\0'),(39,'969b5b1a-51e7-4d48-b545-c5e4b8e1d981.jpg','969b5b1a-51e7-4d48-b545-c5e4b8e1d981.jpg',12,'\0'),(40,'5637028d-930d-4ab7-a078-c5f73c705c38.jpg','5637028d-930d-4ab7-a078-c5f73c705c38.jpg',12,'\0'),(41,'4b609316-2cc8-4575-aaf6-b750947cd964.jpeg','4b609316-2cc8-4575-aaf6-b750947cd964.jpeg',13,'\0'),(42,'9e689f0e-bf80-4564-9448-cacba96e3aa8.jpg','9e689f0e-bf80-4564-9448-cacba96e3aa8.jpg',15,'\0'),(43,'cc3988f1-bea5-4d37-ab8d-8ea247457b4e.jpg','cc3988f1-bea5-4d37-ab8d-8ea247457b4e.jpg',15,''),(44,'36ac67ee-012b-4b48-82dd-37892b70fbc8.jpg','36ac67ee-012b-4b48-82dd-37892b70fbc8.jpg',16,'\0'),(46,'656fca33-3771-4ea4-b556-44e5eef45f0f.jpg','656fca33-3771-4ea4-b556-44e5eef45f0f.jpg',18,'\0'),(48,'96d89a09-5dcf-4bbf-9778-3d979ae15116.jpg','96d89a09-5dcf-4bbf-9778-3d979ae15116.jpg',14,'\0'),(50,'0f99eb72-1ef6-4d42-9f00-f371a592789e.jpg','0f99eb72-1ef6-4d42-9f00-f371a592789e.jpg',22,'\0'),(51,'e91dd206-1910-4f26-a156-8e4d33888e53.jpg','e91dd206-1910-4f26-a156-8e4d33888e53.jpg',22,'\0'),(52,'188ad843-4217-4f79-b44e-3e1c883d1f5e.jpg','188ad843-4217-4f79-b44e-3e1c883d1f5e.jpg',22,'\0'),(53,'c1265243-0e1e-4af9-88c4-8e0cb1b2c306.jpg','c1265243-0e1e-4af9-88c4-8e0cb1b2c306.jpg',23,''),(54,'840542af-c777-4383-ac17-14ed28ffcc76.jpg','840542af-c777-4383-ac17-14ed28ffcc76.jpg',23,'\0'),(55,'07d807cd-4e69-40fb-ba5f-828616ccc774.jpg','07d807cd-4e69-40fb-ba5f-828616ccc774.jpg',23,'\0'),(56,'7029307e-971f-4d91-802f-07765321e7ff.jpg','7029307e-971f-4d91-802f-07765321e7ff.jpg',23,'\0'),(58,'41086f32-0ad5-42d6-8cb8-56422509f7c5.jpg','41086f32-0ad5-42d6-8cb8-56422509f7c5.jpg',24,'\0'),(60,'11fb1eba-f99d-4fb9-b238-8ff09f06cd9e.jpeg','11fb1eba-f99d-4fb9-b238-8ff09f06cd9e.jpeg',25,'\0'),(63,'9ff27c1b-3663-4534-b57b-9d972aaf1bff.jpg','9ff27c1b-3663-4534-b57b-9d972aaf1bff.jpg',29,''),(64,'0a88b755-f716-46ed-9f2a-b7c1b684fe93.jpg','0a88b755-f716-46ed-9f2a-b7c1b684fe93.jpg',31,'\0'),(65,'c7dc6e42-ea13-41c8-9ff1-171da2a2b0d2.jpg','c7dc6e42-ea13-41c8-9ff1-171da2a2b0d2.jpg',31,'\0'),(66,'b324de68-116d-4580-9dd4-d723a236a11c.jpg','b324de68-116d-4580-9dd4-d723a236a11c.jpg',31,'\0'),(67,'ebef2557-4008-48c5-be32-c14e398a9a0b.jpg','ebef2557-4008-48c5-be32-c14e398a9a0b.jpg',32,'\0'),(68,'9b4465a3-7967-4024-962e-759910247485.jpg','9b4465a3-7967-4024-962e-759910247485.jpg',32,'\0'),(69,'2cfc06fb-069f-480f-a9c0-991729d3a36e.jpg','2cfc06fb-069f-480f-a9c0-991729d3a36e.jpg',34,'\0'),(70,'1a9a2781-cad6-45e4-8fa0-41ccae86db66.jpg','1a9a2781-cad6-45e4-8fa0-41ccae86db66.jpg',34,'\0'),(71,'56ab742e-2dbf-4d37-a244-6aa8a2a5a045.jpg','56ab742e-2dbf-4d37-a244-6aa8a2a5a045.jpg',35,'\0'),(72,'48df46c1-5e4d-428d-b7b8-3a7a144eea18.jpg','48df46c1-5e4d-428d-b7b8-3a7a144eea18.jpg',35,'\0'),(73,'7e714546-5411-4766-970e-ecf57848ddfa.jpg','7e714546-5411-4766-970e-ecf57848ddfa.jpg',36,'\0'),(74,'03902278-8a1c-47d8-a695-ee02eee4fe6a.jpg','03902278-8a1c-47d8-a695-ee02eee4fe6a.jpg',36,'\0'),(77,'04d48a4b-6ec3-43c2-abf6-0afc75dfb4f1.jpg','04d48a4b-6ec3-43c2-abf6-0afc75dfb4f1.jpg',38,'\0'),(78,'e7df33f8-d0ab-40df-a176-6edf2e019058.jpg','e7df33f8-d0ab-40df-a176-6edf2e019058.jpg',38,'\0'),(79,'e31a3b69-3a60-4e1d-a32b-42ac64cbec6f.jpg','e31a3b69-3a60-4e1d-a32b-42ac64cbec6f.jpg',38,'\0'),(80,'2131c3ec-7886-41bc-8215-77884c2d3b20.jpg','2131c3ec-7886-41bc-8215-77884c2d3b20.jpg',39,'\0'),(81,'eee4bd0e-7f09-4331-bc86-7a603e3e59f5.jpg','eee4bd0e-7f09-4331-bc86-7a603e3e59f5.jpg',39,'\0'),(82,'15b2e582-a2e1-422f-b1e7-2437fcf2f83f.jpg','15b2e582-a2e1-422f-b1e7-2437fcf2f83f.jpg',39,'\0'),(83,'0044dc72-b622-46bf-b734-8866bacea9a8.jpg','0044dc72-b622-46bf-b734-8866bacea9a8.jpg',40,'\0'),(84,'7c8aecf1-231a-42a1-8614-367a09cf447b.jpg','7c8aecf1-231a-42a1-8614-367a09cf447b.jpg',40,'\0'),(85,'cd077060-e2ae-4beb-ab44-bcdf1c7a4144.jpg','cd077060-e2ae-4beb-ab44-bcdf1c7a4144.jpg',40,'\0'),(86,'83af8e3a-4b1f-4026-a4fe-f45a38f4ac2e.jpg','83af8e3a-4b1f-4026-a4fe-f45a38f4ac2e.jpg',42,'\0'),(87,'81a3336b-3720-4fa6-b8e1-a854a34613f0.jpg','81a3336b-3720-4fa6-b8e1-a854a34613f0.jpg',42,'\0'),(88,'a5ce617d-c0eb-4f54-919d-17cd847b22d2.jpg','a5ce617d-c0eb-4f54-919d-17cd847b22d2.jpg',43,'\0'),(89,'558ea32b-0fdb-4068-a0fb-41aff63b0b0f.jpg','558ea32b-0fdb-4068-a0fb-41aff63b0b0f.jpg',43,'\0'),(90,'87762014-affb-4c62-a0df-d9e4ee73af0c.jpg','87762014-affb-4c62-a0df-d9e4ee73af0c.jpg',43,'\0'),(91,'e6d492ba-a07a-441c-bc20-71d6ab3f4234.jpg','e6d492ba-a07a-441c-bc20-71d6ab3f4234.jpg',43,'\0'),(92,'9c8a641e-2efd-406f-8ab0-78c32da82cc1.jpg','9c8a641e-2efd-406f-8ab0-78c32da82cc1.jpg',44,'\0'),(93,'dfc673a0-f633-49c5-a734-b9818f3a0e21.jpg','dfc673a0-f633-49c5-a734-b9818f3a0e21.jpg',45,'\0'),(94,'16bae409-d905-4fe4-b101-58654aa61d5a.jpg','16bae409-d905-4fe4-b101-58654aa61d5a.jpg',45,'\0'),(95,'d11b514a-4c02-4f12-b451-d6ca049fd77f.jpg','d11b514a-4c02-4f12-b451-d6ca049fd77f.jpg',46,'\0'),(96,'17aa7528-e307-4c03-9b99-3c2a8ebd869d.jpg','17aa7528-e307-4c03-9b99-3c2a8ebd869d.jpg',46,'\0'),(97,'9052f9e7-8023-4856-82b6-afd8ce11feb6.jpg','9052f9e7-8023-4856-82b6-afd8ce11feb6.jpg',47,'\0'),(98,'489c8389-881e-4324-a7db-26c85317f01b.jpg','489c8389-881e-4324-a7db-26c85317f01b.jpg',48,'\0'),(99,'dfa6bca5-7d5b-4ee1-8411-f069ed0a57fd.jpg','dfa6bca5-7d5b-4ee1-8411-f069ed0a57fd.jpg',49,'\0'),(100,'bb9dc53d-db1b-430f-8d68-41f0f7f2e867.jpg','bb9dc53d-db1b-430f-8d68-41f0f7f2e867.jpg',50,'\0'),(101,'f4009d28-f7a4-4483-8503-a6b98f615341.jpg','f4009d28-f7a4-4483-8503-a6b98f615341.jpg',51,'\0'),(102,'a2ed82c3-9451-4122-9e39-47d516a7882a.jpg','a2ed82c3-9451-4122-9e39-47d516a7882a.jpg',51,'\0'),(103,'57caf183-3ccf-4866-aea8-4fd05247e057.jpg','57caf183-3ccf-4866-aea8-4fd05247e057.jpg',52,'\0'),(104,'073d9e26-3495-41d4-9b05-62d9d41050a7.jpg','073d9e26-3495-41d4-9b05-62d9d41050a7.jpg',52,'\0'),(105,'f30cfe5c-83d9-4b0d-b393-f141ff8caa7d.jpg','f30cfe5c-83d9-4b0d-b393-f141ff8caa7d.jpg',53,'\0'),(106,'ec5e1e8d-1726-4b47-852f-4a55bc64c3ec.jpg','ec5e1e8d-1726-4b47-852f-4a55bc64c3ec.jpg',53,'\0'),(108,'fc7d23eb-5289-4162-8c81-73a187068f74.jpg','fc7d23eb-5289-4162-8c81-73a187068f74.jpg',55,'\0'),(109,'7f532590-75fc-40cf-a54a-4c8204e26a8d.jpg','7f532590-75fc-40cf-a54a-4c8204e26a8d.jpg',55,'\0'),(110,'fb1a34b5-5b8a-4dd1-9233-ec687990356d.jpg','fb1a34b5-5b8a-4dd1-9233-ec687990356d.jpg',56,'\0'),(111,'09370e13-f338-4cc2-b06d-c65dfdc55186.jpg','09370e13-f338-4cc2-b06d-c65dfdc55186.jpg',56,'\0'),(113,'6534b07f-871d-4996-af30-b4d75561a216.JPG','6534b07f-871d-4996-af30-b4d75561a216.JPG',26,''),(114,'e0a44e35-1b37-4be2-8407-a01e209522ba.JPG','e0a44e35-1b37-4be2-8407-a01e209522ba.JPG',26,'\0'),(115,'27547241-9b7e-443f-9055-70a6837032ce.JPG','27547241-9b7e-443f-9055-70a6837032ce.JPG',26,'\0'),(116,'fc84fec2-6308-4486-b9cb-da6b3370e9dc.jpg','fc84fec2-6308-4486-b9cb-da6b3370e9dc.jpg',28,'\0'),(117,'a55c38c4-0a99-4f95-82a5-c845f91cc1ff.jpg','a55c38c4-0a99-4f95-82a5-c845f91cc1ff.jpg',28,'\0'),(118,'ff2cc1bd-93d9-4ac4-863a-ef3934b9f5d3.jpg','ff2cc1bd-93d9-4ac4-863a-ef3934b9f5d3.jpg',33,'\0'),(121,'6ca90b86-1447-4aa0-953e-79730c33c828.jpg','6ca90b86-1447-4aa0-953e-79730c33c828.jpg',9,''),(122,'9d8f5bb8-5ec9-42cf-94df-a5f965bea03c.jpg','9d8f5bb8-5ec9-42cf-94df-a5f965bea03c.jpg',9,'\0'),(123,'1ef1827e-b8ab-4439-b2f6-499ad6fe456a.jpg','1ef1827e-b8ab-4439-b2f6-499ad6fe456a.jpg',9,'\0'),(124,'debc48f8-e02d-4867-9db6-3f9fe23e2852.jpg','debc48f8-e02d-4867-9db6-3f9fe23e2852.jpg',10,'\0'),(125,'8aec8866-095e-42eb-bad0-7084d1defa94.jpg','8aec8866-095e-42eb-bad0-7084d1defa94.jpg',10,'\0'),(126,'53973967-91de-4f69-af64-e00e30f3882c.jpg','53973967-91de-4f69-af64-e00e30f3882c.jpg',10,''),(127,'706cfbf3-5ddb-4f73-a311-9b07f071bce3.jpg','706cfbf3-5ddb-4f73-a311-9b07f071bce3.jpg',14,'\0'),(128,'e02bd191-4aa7-4af9-b4c3-e9ab3ca47ada.jpg','e02bd191-4aa7-4af9-b4c3-e9ab3ca47ada.jpg',21,'\0'),(129,'c4004387-acc1-4831-a8e2-e6d9d8e27431.jpg','c4004387-acc1-4831-a8e2-e6d9d8e27431.jpg',21,''),(130,'db8f970c-465f-4537-936c-6159b820b52b.jpg','db8f970c-465f-4537-936c-6159b820b52b.jpg',24,'\0'),(131,'0f1376d9-ebdf-49b7-9cc1-2753677bca9a.jpg','0f1376d9-ebdf-49b7-9cc1-2753677bca9a.jpg',29,'\0'),(132,'c3d82f7c-4752-4acf-89b7-d29d9cc1cea3.jpg','c3d82f7c-4752-4acf-89b7-d29d9cc1cea3.jpg',54,'\0'),(133,'61e64bb5-cecf-4a17-8812-f8a4796e54ee.jpg','61e64bb5-cecf-4a17-8812-f8a4796e54ee.jpg',58,'\0'),(134,'3c7be422-1337-46fc-be24-29ff928ac8a3.jpg','3c7be422-1337-46fc-be24-29ff928ac8a3.jpg',58,'\0'),(135,'32445cce-bc8b-4d1b-8793-06f18ab58274.jpg','32445cce-bc8b-4d1b-8793-06f18ab58274.jpg',17,'\0'),(136,'e7cd860c-faeb-449f-be91-4518d16d98de.jpg','e7cd860c-faeb-449f-be91-4518d16d98de.jpg',17,'\0'),(137,'03c4647a-d8f0-44ed-8438-424da09b7e3e.jpg','03c4647a-d8f0-44ed-8438-424da09b7e3e.jpg',27,'\0'),(138,'ba09d1d2-6e6f-4330-b250-478d80c2bff1.jpg','ba09d1d2-6e6f-4330-b250-478d80c2bff1.jpg',27,'\0'),(139,'02f6a122-8bfb-4fbe-bb91-13529c633ccc.jpg','02f6a122-8bfb-4fbe-bb91-13529c633ccc.jpg',37,'\0'),(140,'c307b48b-6064-4973-99f7-9930d0eff1b9.jpg','c307b48b-6064-4973-99f7-9930d0eff1b9.jpg',59,'\0'),(141,'03768a0d-692c-4831-bab6-cee0dfae1258.jpg','03768a0d-692c-4831-bab6-cee0dfae1258.jpg',59,'\0'),(142,'3ad9e4e3-d759-438c-b1e7-5abe9f4d5582.jpg','3ad9e4e3-d759-438c-b1e7-5abe9f4d5582.jpg',60,'\0'),(143,'34d43779-541e-4567-b9c8-3197e7faf7df.jpg','34d43779-541e-4567-b9c8-3197e7faf7df.jpg',60,'\0'),(144,'db2958fb-dc87-4729-92bd-170ce16f3e62.jpg','db2958fb-dc87-4729-92bd-170ce16f3e62.jpg',60,'\0'),(145,'2709c0c6-ce9d-4793-aba8-65370feec4d3.jpg','2709c0c6-ce9d-4793-aba8-65370feec4d3.jpg',61,'\0'),(146,'fda6b3c6-55d2-496f-875b-979ec3b3a609.jpg','fda6b3c6-55d2-496f-875b-979ec3b3a609.jpg',61,'\0'),(147,'b10df738-3850-4c97-851d-426a56c00b60.jpg','b10df738-3850-4c97-851d-426a56c00b60.jpg',61,'\0'),(148,'55c5726a-a3fd-4f06-b062-ff4b502680aa.jpg','55c5726a-a3fd-4f06-b062-ff4b502680aa.jpg',63,'\0'),(149,'44362722-4514-49a9-bd19-90559bd6f603.jpg','44362722-4514-49a9-bd19-90559bd6f603.jpg',63,'\0'),(150,'2f9e1908-fc76-4c65-8888-a598e86a0261.jpg','2f9e1908-fc76-4c65-8888-a598e86a0261.jpg',63,'\0');
/*!40000 ALTER TABLE `restaurant_photos` ENABLE KEYS */;
UNLOCK TABLES;

--
-- Table structure for table `restaurant_rating`
--

DROP TABLE IF EXISTS `restaurant_rating`;
/*!40101 SET @saved_cs_client     = @@character_set_client */;
/*!40101 SET character_set_client = utf8 */;
CREATE TABLE `restaurant_rating` (
  `id` bigint(20) NOT NULL AUTO_INCREMENT,
  `account_id` bigint(20) NOT NULL,
  `restaurant_id` bigint(20) NOT NULL,
  `rating` int(11) DEFAULT NULL,
  `create_date` datetime DEFAULT NULL,
  PRIMARY KEY (`id`)
) ENGINE=InnoDB AUTO_INCREMENT=18 DEFAULT CHARSET=utf8;
/*!40101 SET character_set_client = @saved_cs_client */;

--
-- Dumping data for table `restaurant_rating`
--

LOCK TABLES `restaurant_rating` WRITE;
/*!40000 ALTER TABLE `restaurant_rating` DISABLE KEYS */;
INSERT INTO `restaurant_rating` VALUES (1,1,1,5,NULL),(2,1,2,4,NULL),(3,1,3,4,NULL),(4,1,4,2,NULL),(5,2,1,4,NULL),(6,2,2,3,NULL),(7,2,3,5,NULL),(8,3,1,4,NULL),(9,3,2,3,NULL),(10,3,3,1,NULL),(11,4,4,4,NULL),(12,4,3,3,NULL),(13,7,4,4,NULL),(14,18,18,5,'2013-10-04 15:31:55'),(15,18,46,5,'2013-10-04 15:32:52'),(16,2,48,5,'2013-10-15 14:29:20'),(17,21,10,3,'2013-10-25 12:21:45');
/*!40000 ALTER TABLE `restaurant_rating` ENABLE KEYS */;
UNLOCK TABLES;

--
-- Table structure for table `restaurants`
--

DROP TABLE IF EXISTS `restaurants`;
/*!40101 SET @saved_cs_client     = @@character_set_client */;
/*!40101 SET character_set_client = utf8 */;
CREATE TABLE `restaurants` (
  `id` bigint(20) NOT NULL AUTO_INCREMENT,
  `title` varchar(45) NOT NULL,
  `description` text,
  `phone` varchar(255) DEFAULT NULL,
  `address` varchar(255) DEFAULT NULL,
  `holes_count` varchar(255) DEFAULT NULL,
  `work_time` varchar(255) DEFAULT NULL,
  `vip` bit(1) DEFAULT b'0',
  `feedback_email` varchar(255) DEFAULT NULL,
  `coordinates` varchar(30) DEFAULT NULL,
  `map_title` varchar(255) DEFAULT NULL,
  `map_description` varchar(255) DEFAULT NULL,
  `can_book_table` bit(1) DEFAULT b'0',
  PRIMARY KEY (`id`)
) ENGINE=InnoDB AUTO_INCREMENT=64 DEFAULT CHARSET=utf8;
/*!40101 SET character_set_client = @saved_cs_client */;

--
-- Dumping data for table `restaurants`
--

LOCK TABLES `restaurants` WRITE;
/*!40000 ALTER TABLE `restaurants` DISABLE KEYS */;
INSERT INTO `restaurants` VALUES (1,'Виктория, ресторан','<p>\r\n	Если Вы хотите отвлечься от привычной рутины и посвятить день себе и своим друзьям, приходите в ресторан Виктория, уже знакомое для Вас место.&nbsp;Кухню ресторана&nbsp; можно охарактеризовать как домашнюю европейскую. Главный принцип которой - готовить просто, вкусно и полезно! В &nbsp;меню Вы сможете найти блюда практически на любой вкус.</p>\r\n','(4812) 35-61-58','ул. Николаева 12а к1','120 мест','пн-чт,вс 12:00-00:00, пт-сб 12:00-2:00','\0','','32.040059,54.774109','Золотой фазан','Мы делаем жизнь вкуснее!','\0'),(2,'Аврора, гостиничный комплекс','<p>\r\n	Ресторан готов предоставить Вам блюда русской и европейской кухни от лучших поваров Смоленска.</p>\r\n','(4812) 65-45-46','ул. Багратиона, 7а','60 мест','11.00-01.00','\0','','32.025569,54.774675','Серебрянный дом','Есть WiFi','\0'),(3,'Абсент, кафе-ресторан','<p>\r\n	Кафе &quot;Абсент&quot; предлагает блюда традиционной русской кухни в &quot;европейской&quot; обработке.</p>\r\n','(4812) 38-51-00','ул. Тухачевского,  1','1 зал - 70 мест','11.00 - 04.00','\0','','32.053336,54.781763','','','\0'),(4,'Ya-cafe, ресторан','<p>\r\n	Я-кафе это ресторан с уютной атмосферой и отличной кухней. &nbsp;Главный рецепт хорошего вечера &ndash; это приятная обстановка, вкусная еда и располагающая атмосфера. Именно эти ингредиенты являются секретом &nbsp;успеха и популярности ресторана.</p>\r\n','(4812) 32-09-87',' ул.Николаева, д.23','зал на 100 мест','вс-чт 10.00 - 01.00   пт-сб 10.00 - до последнего гостя','\0','','32.035774,54.772722','','','\0'),(7,'Высокое, клуб-отель','<p>\r\n	Вы будете приятно удивлены обстановкой спокойствия, непринужденности и уюта, будете довольны качеством обслуживания, приятно проведете время и, конечно же, не останетесь равнодушны к мастерству &nbsp;поваров.<br />\r\n	&nbsp;В &nbsp;меню преобладают блюда европейской и русской кухни, но повара всегда оставляют за собой возможность порадовать гостей блюдами других кухонь мира.</p>\r\n','+7(910) 788 6000 (696000)','Высокое, Смоленская область, 214510','','11:00-23:00','\0','','34.113721,55.484913','','','\0'),(8,'Губернский, культурный центр','<p>\r\n	Лучшие кухни мира, представленные в &nbsp;меню, удивят Вас богатством своего разнообразия. Новый шеф-повар ресторана, а вместе с ним и обновленное меню на любой вкус, сделают самый обычный вечер - незабываемым.</p>\r\n','(4812) 38-66-87','ул. Маршала Жукова, 4','','пн.-пт. 11:00-00:00, сб.-вс. 12:00-04:00','\0','','32.058492,54.779452','','','\0'),(9,'Двойное солнце, кафе-клуб ','<p>\r\n	Экзотическое кафе с восточно-китайским уклоном с соответствующей обстановкой и интеръером</p>\r\n','(4812) 63-02-20','ул. Барклая-де-Толли, дом 7','50','ежедн. 13:00-1:00','\0','','32.053578,54.779058','','','\0'),(10,'Дворянское гнездо, гостиничный комплекс','<p>\r\n	Здесь вы сможете отведать разнообразные блюда русской и авторской кухни, поужинать с друзьями, отметить день рождения, отпраздновать свадьбу или провести корпоративную вечеринку. К вашим услугам предоставляются 4 зала, в каждом из которых создана своя, особенная атмосфера.</p>\r\n','(4812) 41-87-78','Смоленск, мкр-он Южный','4 зала, от 24 до 110 мест','12:00-02:00','\0','','32.089726,54.737424','','','\0'),(11,'Держава, гостиничный комплеск','<p>\r\n	Предлагает уютный зал на 150 посадочных мест для проведения свадеб, банкетов, фуршетов, торжественных вечеров, корпоративных встреч, юбилеев. К Вашим услугам русско-европейская кухня. Большой ассортимент блюд, ликероводочных напитков.</p>\r\n','(4812) 63-24-09',' ул. Кашена д. 5а','150 мест','8:00-00:00','\0','','32.042152,54.795167','','','\0'),(12,'Дружба, ресторан','<p>\r\n	В ресторане &quot;ДРУЖБА&quot; на двух этажах расположены 2 зала, кольянная комната.<br />\r\n	1 зал вмещает от 50 до 200 посадочных мест.<br />\r\n	2 зал 300-600 мест.</p>\r\n','(4812)55-78-13','ул.Шевченко 61 б','150 мест','пн.-чт.,вс. 12:00-03:00, пт.-сб. - 12:00-04:00','\0','','32.074024,54.774966','','','\0'),(13,'Зодиак, кафе','<p>\r\n	Ресторан Зодиак &mdash; это всегда праздничная атмосфера и широкий ассортимент блюд русской, европейской и восточной кухни.</p>\r\n','(4812) 31-51-91','ул. Попова, д. 50 ','70 мест','12:00-02:00','\0','','32.102249,54.767415','','','\0'),(14,'Кавказский дворик, ресторан ','<p>\r\n	Ресторан оригинальной восточной кухни</p>\r\n','(4812) 69-68-68','ул. Пригородная, 7Б','220 мест','12:00–03:00','\0','','32.040076,54.765389','','','\0'),(15,'Катрин-кафе, ресторан','<p>\r\n	Ресторан &laquo;Катрин-Кафе&raquo; - это место, где даже самая простая трапеза превращается в воистину знаковое событие. Катрин-Кафе по праву можно назвать произведением искусства: одновременно простой и невероятно элегантный интерьер, легкая ненавязчивая музыка, мягкий свет - здесь ничто не отвлечет Вас от кулинарных шедевров и приятного отдыха.</p>\r\n','(4812) 20-30-40','ул. 2-я Садовая, 25а','200 мест','вт-вс 12:00-5:00','\0','','32.045224,54.793392','','','\0'),(16,'Колесо, гостиничный комплекс','<p>\r\n	&nbsp;</p>\r\n<p>\r\n	Ключевыми идеями дизайна ресторана интерьера стали следование стилю классики с его благородством и элегантностью и применение высококачественных дорогостоящих натуральных отделочных материалов, подбор спокойной сдержанной цветовой гаммы. В интерьере доминируют белые оттенки, контрастно подчеркнутые темными тонами натуральной древесины, которые придают современной постройке романтическую ауру прошлого. Уютный ресторан подойдет, как для семейного отдыха, так и для деловых встреч и романтических свиданий. Ресторан покорит гостей своей превосходной славянской кухней. Время здесь словно замирает под нежные звуки гитары, скрипки и саксофона.<br />\r\n	<br />\r\n	По ПЯТНИЦАМ -ШОУ-ПРОГРАММА, ЖИВАЯ МУЗЫКА.<br />\r\n	<br />\r\n	ПО СУББОТАМ-ЖИВАЯ МУЗЫКА.<br />\r\n	<br />\r\n	В ресторане &quot;Колесо&quot; каждое воскресенье ДЕНЬ СЕМЬИ. Действует 25% скидка на ресторан!</p>\r\n','(4812)26-04-00 ','Рославльское ш., 60а','120 мест','12:00-00:00','\0','','32.074203,54.752323','','','\0'),(17,'Кристина, ресторан','<p>\r\n	&nbsp;</p>\r\n<p>\r\n	Каждое мероприятие в ресторане &quot;Кристина&quot; &ndash; это индивидуальный подход, незабываемый праздник, внимание к пожеланиям и безупречная организация любых идей заказчика. Блюда, подобранные и приготовленные специально для Вас &nbsp;шеф-поваром, неизменно радуют своей изысканностью, необыкновенным вкусом и разнообразием выбора кухни. А первоклассный сервис, гостеприимство и радушие &nbsp;персонала никого не оставят равнодушным.<br />\r\n	<br />\r\n	Ресторан организует и проведет специально для Вас такие виды мероприятий как:<br />\r\n	&mdash; банкет,<br />\r\n	&mdash; фуршет,<br />\r\n	&mdash; корпоративную вечеринку,<br />\r\n	&mdash; барбекю, и многое другое.<br />\r\n	<br />\r\n	Администраторы помогут Вам распланировать бюджет, подберут наиболее выгодное место проведения мероприятия, составят индивидуальное меню. Ведь подход к делу у персонала одинаково серьезный и профессиональный, независимо от клиента и цены его заказа.<br />\r\n	<br />\r\n	Декорация зала осуществляется в соответствии с Вашими пожеланиями: будь это живая музыка с лучшими исполнителями и звездами эстрады, различные игровые, музыкальные конкурсы и шарады. И, конечно, шоу-программы и веселые куклы, разносящие бокалы с шампанским.</p>\r\n<p>\r\n	&nbsp;</p>\r\n','8(4812)444-367','3-й Северный переулок, д.2','90 мест','12:00-01:00','\0','','32.064115,54.810330','','','\0'),(18,'Сели-Поели, кафе','<p style=\"margin: 0px; padding: 0px; color: rgb(68, 68, 68); font-family: \'PT Sans\', Arial, sans-serif; font-size: 16px; line-height: 20px; text-align: justify;\">\r\n	Сели-поели&quot; - полноценное кафе с обслуживанием, кухня - русская, европейская, домашняя. Это заведение находится в центре города, очень удобное расположение позволяет посещать его при выходе за покупками по магазанам или просто при пеших прогулках в парке. Цены очень даже приемлемые- плотно покушать можно потратив всего около 300 рублей. Порции отличаются от порций подобных заведений - они очень большие и сытные. Кухня просто на любой вкус. Так же они принимают заказы на проведение свадеб, юбилеев и других торжеств, причем на очень выгодных условиях, что позволяет хорошо съэкономить. Администрация кафе не берет денег за аренду зала, а предоставляет возможность заказать больше блюд из меню. Зал там не очень большой, но для не большого торжества вполне подойдет. Современный дизайн помещения радует глаз и создает приятную атмосферу.</p>\r\n','35-09-21','ул. Б. Советская, д. 39/11','80 мест',' с 10:00 до 23:00','\0','ra.biznesklass@yandex.ru','32.052958,54.780641','Сели Поели','кафе','\0'),(21,'Мозаика, кафе','<p>\r\n	Кафе &quot;Мозаика&quot; приглашает юнных гостей на проведение незабываемых праздников. Вас встретят различные сказочные герои, клоуны, феи. Наличие детского меню не оставит равнодушным даже самого маленького гурмана. Наше кафе украсит ваш праздничный стол воздушными шарами, лентами, а так же аксессуарами для гостей вашего праздника. Мы так же не оставим без внимания родителей и друзей, порадуем разнообразным меню и приятной атмосферой.</p>\r\n','  4 (812) 688-388','Желябова ул., 1','100 мест','пн.-чт., вс. - 09:00 - 19:00, пт-cб. - 09:00-02:00','\0','','32.043005,54.794726','','','\0'),(22,'Новый, гостиничный комплекс','<p>\r\n	&bull; Роскошные Большой Гостевой и Банкетный залы<br />\r\n	&bull; Уникальный VIP бар<br />\r\n	&bull; Изысканая европейская и восточная кухня<br />\r\n	&bull; Творческий подход и безупречное обслуживание</p>\r\n','8 (4812) 272-273','ул. Губенко, 26','300 мест','08:00-01:00','\0','','32.054162,54.821764','','','\0'),(23,'Орхидея, ресторан','<p>\r\n	&nbsp;</p>\r\n<p>\r\n	Вы можете заказать уютный столик на двоих или целый ресторан для проведения торжественных мероприятий.<br />\r\n	Кондиционеры в обоих залах помогут сохранить атмосферу праздника. Особенность ресторана - внимательное обслуживание, классическая сервировка стола и солидная публика.</p>\r\n<p>\r\n	В ресторане предложена изысканная европейская кухня.<br />\r\n	Изюминкой авторской кухни являются фирменные блюда ресторана. Непременно попробуйте мясо &quot;Орхидея&quot;, &quot;Юбилейное&quot;, &quot;Три богатыря&quot;, говядину &quot;Беф-Бризе&quot;.<br />\r\n	<br />\r\n	Искусно подобранная карта вин насчитывает более 60 видов напитков из Франции, Италии, Болгарии, Германии, Чили, ЮАР, США.<br />\r\n	Широкий ассортимент грузинских и молдавских вин - от недорогих до великих - прекрасно дополнит любое из блюд и подчеркнет утонченный вкус кулинарных изысков.<br />\r\n	Водочная карта включает более 15 наименований.<br />\r\n	<br />\r\n	Весь вечер и всю ночь Вас будет сопровождать живая музыка. А по пятницам и субботам Вас ждет эффектное выступление шоу-балета.<br />\r\n	<br />\r\n	<br />\r\n	Отдельный уютный VIP-зал на 35 персон с караоке позволят Вам провести не только деловые переговоры на самом высоком уровне, но приятный вечер в кругу друзей.<br />\r\n	<br />\r\n	В ресторане предусмотрена гибкая система скидок: по дисконтным картам, участникам акции &quot;День Рождения в Орхидее&quot;, а также 20%-я скидка на все блюда в дневное время.<br />\r\n	&nbsp;</p>\r\n','(4812) 62-29-29','ул Шевченко д. 69-а','100 мест','12:00-03:00','\0','','32.076791,54.776093','','','\0'),(24,'Престиж, ресторан','<p>\r\n	Ресторан Престиж один из дорогих ресторанов нашего города. Проводят свадебные банкеты, юбилеи, корпоративные вечера, презентации, выпускные балы.<br />\r\n	Площадь ресторана очень большая, вместимость около 200 человек. В меню представлены почти 500 блюд русской, европейской, кавказской кухни. Обслуживание в ресторане на высшем уровне. Интерьер заведения интересный, чем то напоминает замок, очень светлый. Здесь большой выбор блюд, готовят очень вкусный шашлык, в его представлено более 30 видов, в зале большой танцпол, можно танцевать не мешая другим отдыхающим. Столики для большой компании в ресторане необходимо бронировать заранее, делать предзаказ и вносить предоплату. В теплое время года на террасе ресторана расположены деревянные столики и стулья, где можно так же отдыхать.Оплачивать счет можно и банковской картой. Рядом с рестораном большая удобная стоянка для автомобилей.</p>\r\n','(4812)55-51-41','пр-т Гагарина,37','250 мест','11.00 - 3.00','\0','','32.046149,54.759805','','','\0'),(25,'Райская долина, ресторан-кафе','<p>\r\n	Стильное место с русской и европейской кухней. Здесь так приятно в спокойной, уютной атмосфере насладиться изысканными блюдами, отдохнуть от городской суеты под звуки живой или фоновой музыки</p>\r\n','+7 (4812) 55-65-26','Трамвайный пр-д, 12','80 мест','12:00-02:00','\0','','32.070134,54.768942','','','\0'),(26,'Сан-Жак, ресторан','<p>\r\n	Ресторан &laquo;Сан-Жак&raquo; - это удачный синтез элегантного интерьера и высокого качества приготовления блюд. Посещение ресторана можно сравнить с незапланированным, неожиданным, но от этого еще более приятным путешествием в Европу.</p>\r\n','(4812) 24-24-44','Чуриловский пер, 19','90 мест','11:00-02:00','\0','','32.038810,54.778533','','','\0'),(27,'Семь сорок, ресторан','<p>\r\n	&nbsp;</p>\r\n<p>\r\n	В ресторане &laquo;Семь-40&raquo; любое торжество станет незабываем: где бы вы ни были &ndash; в евро-зале или банкетном зале &ndash; оригинальное меню, живая музыка, варьете &ndash; прекрасное оформление Вашего вечера дополнит настроение праздника. А деловые встречи, проведенные в наших залах, обязательно увенчаются успехом!<br />\r\n	<br />\r\n	В баре &laquo;Пещера&raquo;, который покорит Вас незабываемым интерьером, представлен широкий выбор блюд европейской и кавказской кухни. Винная карта бара впечатляет разнообразием, а искусство бармена создавать необыкновенные напитки завораживает!</p>\r\n','(4812) 66-84-18','Краснинское ш., д. 35','350 мест','12:00-04:00','\0','','31.988226,54.769461','','','\0'),(28,'Сказки востока, кафе-ресторан','<p>\r\n	Ресторан с изысканной восточной кухней, живой музыкой.</p>\r\n','(4812) 38-16-69','ул. Барклая-де-Толли, д. 5','100 мест','12:00-04:00','\0','','32.053192,54.779115','','','\0'),(29,'Смоленская крепость, ресторан','<p>\r\n	В Пятницкой башне смоленской крепостной стены находится ставший уже знаменитым музей &quot;Русской водки&quot;, а также ресторан-клуб &quot;Смоленская крепость&quot;. Посещение ресторана с дегустацией алкогольных изделий смоленского ОАО &quot;Бахус&quot; под профессионально подобранную закуску может стать приятным завершением экскурсии по музею. Приподнятое настроение создадут блюда настоящей русской кухни, приветливость одетых в старославянском стиле официантов, прогулка по крепостной стене. Сюда стоит придти не только ради музея. Настоящая русская кухня по старинным рецептам и новая из высококачественных продуктов в древнем, намоленном многими поколениями русских людей месте, под звук русской балалайки, оставит незабываемое впечатление и желание посетить это место вновь.</p>\r\n','(4812) 32-76-90; 381-382','ул.Студенческая, д.4','два зала, на 30 и на 40 персон','с 12 до 24','\0','','32.047982,54.790298','','','\0'),(31,'Упитанный енот, кафе-ресторан','<p>\r\n	&nbsp;</p>\r\n<p>\r\n	&quot;Упитанный Енот&quot; &nbsp;это:<br />\r\n	В первую очередь - кухня!&nbsp;</p>\r\n<p>\r\n	Во вторую - напитки!</p>\r\n<p>\r\n	Еще &nbsp;есть живая музыка...</p>\r\n<p>\r\n	А также, это отличное место для вашего праздника!</p>\r\n','39-52-51','ул. Ново-Ленинградская, д.16','75 мест',' 11.00 - 2.00','\0','','32.052338,54.797949','','','\0'),(32,'Усадьба, гостиничный комплекс','<p>\r\n	&nbsp;</p>\r\n<p>\r\n	Ресторан гостиничного комплекса &laquo;Усадьба&raquo; &mdash; это два зала различной площади и интерьеров, где персонал заведения с удовольствием организует для Вас торжественное мероприятие &mdash; свадьбу, юбилей, корпоративный вечер в главном зале ресторана, изысканный интерьер которого выдержан в классическом стиле. Зал также подойдет для заседаний и конференций до 40 человек.&nbsp;Если же Вы хотите провести вечер в тихой уютной атмосфере в небольшой компании близких друзей &mdash; добро пожаловать в малый зал ресторана, расположенный отдельно от главного зала.&nbsp;Ежедневно с 7.30 до 11.00 ресторан предлагает специальное меню: омлеты, сырники, блинчики, оладьи, каши &mdash; словом, голодным не останется ни один, даже самый взыскательный гость.&nbsp;С обеда действует основное меню, в котором представлены блюда европейской и русской кухни. Тех, кто соблюдает посты, а также вегетарианцев ждет специальное постное меню. Винная карта не оставит равнодушным никого: итальянские, французские, испанские и чилийские вина, лучшие сорта крепкого алкоголя и разнообразный выбор коктейлей на любой вкус.</p>\r\n','(4812) 38-59-31','ул. Бакунина, д. 2В','35 мест','10:00-00:00','\0','','32.041999,54.789171','','','\0'),(33,'Прага, кафе','<p>\r\n	Уютная кофейня недалеко от центра города порадует вас европейской кухней и&nbsp; вкусным чаем или кофе с ароматной выпечкой.</p>\r\n',' (4812) 65-22-49','ул. Николаева, 26','',' 10:00 - 23:00','\0','','32.031066,54.772520','','','\0'),(34,' Центрифуга, развлекательный комплекс','<p>\r\n	Мягкие диванные зоны и столы расположены так, чтобы никто не мешал друг другу. Курящая и некурящая зона, длинная барная стойка, 8 ЖК-мониторов, радующий глаз интерьер, банкетный зал с караоке! В меню представлено широкое разнообразие пиццы, а также блюда из русской и европейской кухни и богатый выбор напитков.Комплекс является лидером в городе по ассортименту представленных сортов разливного пива -&nbsp; их десять. Светлое и темное, с горчинкой и мягкое, белое не фильтрованное и черный стаут. Всегда свежее и холодное. Также, специально для вас, наш шеф-повар разработал закуски к пиву.</p>\r\n<p>\r\n	&nbsp;</p>\r\n<p>\r\n	C понедельника по пятницу, до 16.00<br />\r\n	действует скидка 20% на все меню!*<br />\r\n	<br />\r\n	*Акция не распространяется на банкеты и детские праздники</p>\r\n','(4812) 66-44-55','ул. Николаева, 74','120 мест','11:00-02:00','\0','','32.007719,54.768199','','','\0'),(35,'Чайка, рестонанно-гостиничный комплекс','<p>\r\n	Ресторан &quot;Чайка&quot; - это небольшое уютное заведение с банкетным залом на 40 посадочных мест, расположенное в здании культурно-досугового центра Чайка, включающего в себя: сауну VIP, четыре гостиничных номера, салон красоты VIP, караоке бар, бильярд и непосредственно сам ресторан. Для своих посетителей ресторан Чайка предлагает:обеды, бизнес ланчи, а так же возможность в уютной обстановке, отметить любое событие или торжество.</p>\r\n','(4812) 64-39-70','Ново-Киевский пер., 4Б ','40 мест','12:00-02:00','\0','','32.044631,54.767565','','','\0'),(36,'Шафран, ресторан','<p>\r\n	В ресторане есть живая музыка. Работают очень талантливые ребята,которые порадуют Вас своим многообразным репертуаром.Так же &nbsp;ресторан &quot;Шафран&quot;&nbsp; славится замечательной турецкой кухней и кальянной.&nbsp;</p>\r\n','(4812) 666-715','ул. Нормандия-Неман, д. 30а','200 мест','11:00-03:00','\0','','32.017448,54.780460','','','\0'),(37,'Chaplin, кафе-клуб','<p>\r\n	Настоящий рай для гурманов! Все блюда ресторана &laquo;Chaplin&raquo; &mdash; это удивительный тандем изысканных интерпретаций мировых кулинарных традиций и совершенно уникальных рецептов авторской кухни. Изумительные вкусовые сочетания, настоящие деликатесы из мяса и рыбы, нежные десерты&hellip; Неповторимое меню в стиле фьюжн не только утолит голод, но и принесёт настоящее эстетическое удовольствие.</p>\r\n<p>\r\n	VIP-зал вмещает 30 человек, поэтому как нельзя лучше подходит для небольшого банкета или семейного торжества.</p>\r\n','(4812) 61-10-50','ул. Крупской, д. 64а','30 мест','11:00-02:00, пт,сб. 12:00-06:00','\0','','32.064169,54.759612','','','\0'),(38,'Chicago, ресторан','<p>\r\n	&nbsp;</p>\r\n<p>\r\n	Приглушенные тона интерьера создают романтичное настроение и уют. Меню ресторана удовлетворит любого, даже самого капризного гурмана. В распоряжении гостей богатая карта вин и крепкого алкоголя.<br />\r\n	В пятницу и субботу Вы можете насладиться звуками скрипки и саксофона.<br />\r\n	У нас можно провести свадьбу, юбилей, выпускной, корпоративный вечер.<br />\r\n	&quot;Чикаго&quot; идеально подходит для деловых встреч, романтических ужинов при свечах и просто для приятного времяпрепровождения.</p>\r\n','(4812) 20-95-53','ул. 25 Сентября, д. 9 ','36 мест','вт-чт 12:00-23:00, пт-сб 12:00-1:00','\0','','32.073817,54.768427','','','\0'),(39,'CHAO ITALIA, ресторан','<p>\r\n	Светлый, вместительный, оживленный, уютный зал Пиццерии Чао Италия открыт для Вас круглосуточно каждый день недели.<br />\r\n	Меню включает в себя блюда европейской, итальянской, французской, русской, немецкой и японской кухни!<br />\r\n	Здесь Вы можете позавтракать перед работой, заскочить на ланч или провести деловую встречу с партнерами, а вечером встретиться и отдохнуть с друзьями.<br />\r\n	Пиццерия Чао Италия &ndash; это место, где традиционно собирается вся тусовка города в пятницу и субботу на preparty перед клубом GOLD.Это заведение интересным образом совмещает в себе два формата: днем &mdash; это городское кафе, вечером и по выходным &laquo;GRAND HALL&raquo; &mdash; это необычное место для встреч с друзьями, самых веселых вечеринок и светских мероприятий.</p>\r\n','(4812) 66-65-78 ','ул. Николаева, 30','180 мест','пн-чт 12:00–00:00  пт-сб 12:00–02:00  вс 12:00–00:00','\0','','32.028892,54.772333','','','\0'),(40,'Hagen, ресторан','<p>\r\n	&nbsp;</p>\r\n<p>\r\n	Ресторанный комплекс &laquo;Хаген&raquo;, названный так в честь старинного немецкого города, &mdash; единственное заведение в Смоленске с собственной пивоварней. Здесь вас всегда ждут гостеприимные и вежливые официанты, уютная обстановка, вкуснейшие блюда, и, конечно же, свежее пиво разных сортов.<br />\r\n	Ресторанный комплекс &laquo;Хаген&raquo; &mdash; это несколько тематически разделённых территорий: летняя площадка, ресторан, паб, музыкальный зал, сигарная, чилаут, VIP-зал, караоке. Эти зоны отдыха отделены друг от друга перегородками и бархатными портьерами, поэтому никто не нарушит вашу приватность.<br />\r\n	<br />\r\n	&laquo;Хаген&raquo; &mdash; единственный ресторан Смоленска, имеющий две независимых кухни с новейшим оборудованием.<br />\r\n	<br />\r\n	Гордостью ресторанного комплекса &laquo;Хаген&raquo; является действующая пивоварня, располагающаяся за стеклянной стеной. Вы сможете лично понаблюдать за процессом создания вашего любимого пива. Пивному меню мы уделяем особое внимание: все сорта эксклюзивны и попробовать их вы можете только у нас.<br />\r\n	Любителям вкусно поесть мы предлагаем огромный выбор блюд разных стран мира, а меню нашей авторской кухни приятно удивит даже самых пристрастных гурманов.<br />\r\n	<br />\r\n	Ресторан &laquo;Хаген&raquo; &mdash; уникальное место, куда вы можете прийти по любому поводу: великолепно позавтракать, поужинать в романтической обстановке с любимым человеком, провести деловые переговоры с партнёрами, отметить с близкими важное событие в вашей жизни... Впрочем, разве нужно искать повод, чтобы пойти в &laquo;Хаген&raquo;?</p>\r\n','(4812) 61-96-15','ул. Николаева, 73','300 мест','12:00-02:00','\0','','32.014106,54.767757','','','\0'),(42,'Seven hills, ресторанно-гостиничный комплекс','<p>\r\n	Основной ресторан отеля, где подается завтрак, а также обед и ужин, богатство и разнообразие которого наверняка удовлетворит вкус истинных гурманов.<br />\r\n	<br />\r\n	Квалифицированный персонал на высоком профессиональном уровне организует для вас праздники, корпоративные вечера, фуршеты и презентации. Опытная команда проведет мероприятия, начиная от небольшого семейного события до роскошного празднования юбилея компании или корпоративного вечера.<br />\r\n	Ресторан предоставит в аренду банкетный зал для свадьбы на 100 мест.<br />\r\n	Ресторан как нельзя лучше подходит для проведения мероприятий различного характера &ndash; ведущий торжества, музыканты, dj, шоу программа, оформление зала, фото и видео. Банкетный зал ресторана оснащен музыкальным и световым оборудованием, есть танцпол, большая площадка у входа для парковки и фейерверков!</p>\r\n','(4812) 20-95-74','ул. Смольянинова, 5','100 мест','08:00-23:00','\0','','32.099015,54.780823','','','\0'),(43,'Veranda, ресторан','<p>\r\n	Кухня ресторана разнообразна. Меню позволит Вам попробовать блюда, приготовленные на мангале, и любимые Вами блюда европейской, восточной и русской кухни.</p>\r\n','(4812) 69-43-21','ул. Лесная, д. 5','50 мест','12:00-00:00','\0','','31.895636,54.788424','','','\0'),(44,'Шоколад, кафе','<p>\r\n	&nbsp;</p>\r\n<p>\r\n	Элегантное и уютное кафе &laquo;Шоколад&raquo; гармонично расположилось в самом сердце города.<br />\r\n	<br />\r\n	Заведение начало свою работу в 2006 году и стало одним из первых кафе Смоленска европейского уровня. Это проект, объединяющий талантливых людей, принявших решение связать свою судьбу с &laquo;Шоколадом&raquo;.<br />\r\n	<br />\r\n	За большими окнами приятная доброжелательная атмосфера, элегантный интерьер, приветливый персонал, все это приглашает остановиться и отдохнуть от будничной суеты или напротив радостно отметить день рождения в кафе и любой другой семейный праздник.<br />\r\n	<br />\r\n	Если Вы когда-нибудь мечтали, &laquo;быть в шоколаде&raquo; - все осуществимо, надо лишь открыть дверь и вдохнуть приятный аромат корицы, кофе и домашней кухни&hellip;<br />\r\n	<br />\r\n	Летом &laquo;Шоколад&raquo; угостит прохладным фраппучино, осенью преподнесет согревающий глинтвейн, зимой приготовит айриш-кофе или грог, а весной подарит витаминный заряд в виде свежевыжатого сока.<br />\r\n	<br />\r\n	&laquo;Шоколад&raquo; - живой! Он любит своих гостей, радуется, когда они улыбаются и смеются, делятся приятными новостями, аппетитно едят пасту, наслаждаются горячим шоколадом или просто просыпаются вместе с ним за чашечкой ароматного кофе с любимыми сырниками.<br />\r\n	<br />\r\n	У него всегда &laquo;оранжевое&raquo; настроение - радостное и приветливое!<br />\r\n	<br />\r\n	&laquo;Шоколад&raquo; - кафе в центре Смоленска, место для деловых встреч, романтических ужинов, семейных праздников и дружеских посиделок&hellip; Гости кафе, как одна большая семья, всегда рады случайным встречам в любимом месте!</p>\r\n','(4812) 35-06-11','ул. Пржевальского, 7а','50 мест','10:00-23:00','\0','','32.043544,54.783617','','','\0'),(45,'Havana club, коктейль-бар','<p>\r\n	&quot;Гавана&quot; это&nbsp; небольшой уголок Кубинского колорита в Смоленске , выраженный через уникальный интерьер и большой ассортимент предлагаемых клиентам напитков и коктейлей , основу которых составляет более 20 различных марок рома!</p>\r\n','(4812) 63-56-56','ул. 25-го Сентября д. 30В ','','пн.вт.ср.чт.вс 12.00 - 03.00    пт и сб 12.00 - 05.00','\0','','32.075614,54.767129','','','\0'),(46,'Ковчег, кафе','<p>\r\n	Стильное кафе в центре города &nbsp;с &nbsp;разнообразной кухней -&nbsp; армянской (шашлык, национальные блюда) и итальянской (пиццы, лазанья) кухни.</p>\r\n','(4812) 35-03-02','ул. Дзержинского, 18','35 мест','11:00 - 23:00','\0','','32.034543,54.783035','','','\0'),(47,'Печки-лавочки, кафе','<p>\r\n	Кафе &nbsp;оформлено в русском стиле, на стенах - предметы деревенского быта, есть и упомянутая в названии печка. Кухня, в основном, тоже русская. Заказ осуществляется у стойки, а приносит его официантка, и это позволяет сэкономить время на обед. В теплое время года работает летняя веранда.</p>\r\n','(4812) 64-39-17','ул. Октябрьской революции, 9','100 мест','ежедневно с 10.00 до 1.00, по выходным с 11.00','\0','','32.044649,54.775516','','','\0'),(48,'PUBlica, паб','<p>\r\n	<br />\r\n	Новый пивной паб &laquo;PUBlica&raquo; появился в Смоленске не так давно, но уже готов достойно принять истинных поклонников и ценителей пива. Необычный интерьер, созданный силами лучших дизайнеров, соответствующий стилю пивного ресторана, создает демократичную, уютную обстановку, в которой каждый посетитель чувствует себя легко и свободно, настраивает на отдых, созерцательность и приятное времяпровождение. Несомненно, это место полюбится и поклонникам различных видов спорта, поскольку в ПАБе транслируются ведущие спортивные события.<br />\r\n	Одним из главных достоинств ПАБа является то, благодаря чему это замечательное место так называется. А именно: уникальные сорта пива из Чехии, Германии и Ирландии, получившие признание во всем мире. Для любителей этого напитка еженедельно прямиком из Европы поставляются свежайшие партии таких сортов, как GUINESS, KILKENNY, PAULANER , VELVET! К столь изысканному пиву подаются блюда, способные удовлетворить самый привередливый вкус.<br />\r\n	Любители чая по достоинству оценят сорта этого напитка, подобранные специально для них. Также мы рады предложить своим гостям напитки &laquo;покрепче&raquo;, начиная от рома и текилы, заканчивая большой линейкой виски со всего мира.</p>\r\n',' (4812) 66-38-71','ул. Багратиона д.4','70 мест',' вс.-ср. 12.00 - 23.00, чт.-сб. 12.00 - 02.00 ','\0','','32.029108,54.773174','','','\0'),(49,'Французское кафе-кондитерская','<p>\r\n	&nbsp;</p>\r\n<p>\r\n	В самом центре города, у площади Ленина - рядом с Драмтеатром, Лопатинским Парком и другими интересными достопримечательностями Смоленска, - расположилось изысканное кафе с европейской кухней и великим множеством различных вкусностей. Два великолепных зала: fast-food (кафе) и ресторан. В зале кафе разрешено курить, но благодаря просторному, хорошо кондиционируемому помещению, едва ли это причинит неудобства некурящим. По телевизору транслируется музыкальный канал. Есть возможность заказать бизнес-ланч.<br />\r\n	В зале ресторана играет живая музыка, можно организовать проведение корпоративных вечеров, юбилеев, свадеб, фуршетов. Здесь курить не разрешается.<br />\r\n	Французское кафе-кондитерская также обслуживает клиентов гостиницы &quot;Смоленскотель&quot; с доставкой заказа прямо в номер.</p>\r\n','(4812) 32-69-68','ул. Ленина, 2/1','200 мест','08:00-23:00','\0','','32.048503,54.783092','','','\0'),(50,'Тайна, кафе','<p>\r\n	&nbsp;</p>\r\n<p>\r\n	Кафе Тайна находится напротив музея льна на Большой Советской. Вход в кафе со двора, есть возможность у входа поставить 3-4 автомобиля. Кафе небольшое по площади. В зале стоят около 10 небольших столиков, в основном рассчитанных на двоих.<br />\r\n	Вечером в кафе разжигают камин, приглушают свет, звучит спокойная, тихая, романтическая музыка, на столиках горят свечи. Кухня в кафе европейская, цены средние по городу. обслуживающий персонал вежливый, улыбчивый.</p>\r\n','(4812) 68-32-47','ул. Б. Советская, д. 8','20 мест','12:00-00:00','\0','','32.053533,54.785833','','','\0'),(51,'7 слонов, кафе','<p>\r\n	&nbsp;</p>\r\n<p>\r\n	В историческом центре города, вблизи Успенского собора, на бывшей Сенной площади уютно расположилось кафе &laquo;7 слонов&raquo;, гармонично соединившее в себе атмосферу старого Смоленска с лучшими традициями европейской и японской кухонь.<br />\r\n	<br />\r\n	&laquo;7 слонов&raquo; - это уют и приятная расслабляющая обстановка: дизайнер Марина Золотарева сумела придать интерьеру кафе легкий шарм и семейную атмосферу питейных и чайных заведений, располагавшихся здесь, на бывшей Сенной площади, лет сто назад.<br />\r\n	&laquo;7 слонов&raquo; - это качество: только свежие продукты от лучших поставщиков, только высококлассное обслуживание. Мы любим своих гостей и стараемся радовать их приятными скидками и полезными акциями.<br />\r\n	&laquo;7 слонов&raquo; - это всегда очень вкусно: богатый выбор пицц, салатов, горячих блюд, пасты, супов, все прелести европейской кухни, линейка десертов, большая карта бара. Для любителей японской кухни - суши, гунканы, роллы, маки&hellip;</p>\r\n','(4812) 38-77-99','ул. Большая Советская, д.19/2','','10:00-03:00','\0','','32.053964,54.783866','','','\0'),(52,'Русский Двор, кафе','<p>\r\n	Кафе &laquo;Русский Двор&raquo; открылось в апреле 2005 года в самом центре исторического и административного Смоленска, в любимом парке всех романтиков и мечтателей &ndash; саду Блонье. Находится кафе в непосредственной близости от популярных городских фонтанов, дарящих приятную прохладу в жаркие летние дни. А под тенью столетних деревьев, растущих по соседству, наши гости могут наслаждаться вкусной едой и напитками, удобно расположившись на уютной летней площадке.<br />\r\n	<br />\r\n	&laquo;Русский двор&raquo; поистине впечатляет своими размерами и является крупнейшим кафе в городе. Три этажа оформлены в русском стиле с применением натурального дерева, ковки и эксклюзивной керамики ручной работы. Как сказочный теремок, &laquo;Русский Двор&raquo; расписан лучшими художниками нашего города. Каждый этаж дарит свою неповторимую уютную атмосферу, в которой сочетаются комфорт современных технологий и самобытность русской культуры. Летом &laquo;Русский Двор&raquo; весь в цветах, а зимой вокруг кафе разворачивается настоящая зимняя сказка. Сказочный будильник отсчитывает последние минуты до Нового года, белые медведи резвятся около своего снежного домика, а забавные зверюшки водят хоровод вокруг красавицы елки.</p>\r\n',' (4812) 68-39-99','сад им. Глинки (Блонье)','400 мест','10:00-23:00, пт., сб. 10:00-00:00','\0','','32.046185,54.781483','','','\0'),(53,'Домино, кафе','<p>\r\n	&nbsp;</p>\r\n<p>\r\n	Сеть ресторанов быстрого питания &laquo;Пицца Домино&raquo; была основана в 1998 году и стала первым заведением подобного рода в городе Смоленск. Благодаря активному открытию новых точек она за 13 лет укрепила свои позиции и стала крупнейшим представителем в сфере общественного питания нашего города. В сеть ресторанов быстрого питания входят четыре кафе &laquo;Пицца Домино&raquo;, кафе &laquo;Русский Двор&raquo;, кафе &laquo;Пицца Чили&raquo;, харчевня &laquo;Мандариновый Гусь&raquo;, кофейня-кондитерская &laquo;Донна Клара&raquo; и пироговая лавка &laquo;Самовар&raquo;. Все заведения работают по принципу самообслуживания, что значительно ускоряет обслуживание и делает его более удобным для наших гостей. Некоторые заведения сети построены по принципу &laquo;фри фло&raquo; или &laquo;free flow&raquo;, что означает &laquo;свободное движение&raquo;. В случае с ресторанами и кафе - это свободное движение, как посетителей, так и еды.<br />\r\n	<br />\r\n	Признаки концепции: приготовление всех блюд на глазах у посетителей, отсутствие официантов, наличие открытой кухни, большой и разнообразный ассортимент, невысокие цены. Данная концепция была с успехом реализована в кафе &laquo;Мандариновый Гусь&raquo;, &laquo;Пицца Чили&raquo; и пироговой лавке &laquo;Самовар&raquo;. У каждого заведения свой уникальный дизайн, стилизующий пространство то под русский расписной терем, то под мексиканскую фазенду, то под европейский городок начала прошлого века. Меню в каждом кафе также уникально и постоянно обновляется. Здесь можно попробовать как русскую, европейскую, так и мексиканскую, американскую и итальянскую кухни.<br />\r\n	<br />\r\n	За время существования кафе обзавелись определёнными традициями, которые пришлись по вкусу не только смолянам, но и гостям нашего города. Так приятно отведать вкуснейших блинчиков с разнообразными начинками в &laquo;Русском Дворе&raquo; в разгар масленичной недели или утолить жажду холодным кофе со льдом в летний зной в кофейне &laquo;Донна Клара&raquo;. В 2006 году был проведен ребрендинг сети кафе &laquo;Пицца Домино&raquo;. Была осуществлена полная смена визуальной составляющей бренда, разработана новая упаковка, создано лицо фирмы &ndash; клоун Доминос. Для увеличения количества постоянных клиентов были разработаны дисконтные программы, действующие для всей сети кафе.</p>\r\n','(4812) 38-15-10','ул. Дзержинского, 16','','круглосуточно','\0','','32.040247,54.780517','','','\0'),(54,'Синьоре, кафе','<p>\r\n	Чарующая, раскрепощающая и таинственная обстановка, изысканная и разнообразная кухня создадут целую гамму ощущений. Игра в бильярд и дартс добавит азарта, а при просмотре спортивных передач здесь бушуют страсти по-итальянски. Профессиональные ведущие, аниматоры, фотографы, операторы и музыканты сотворят настоящее произведение искусства из любого торжества. Здесь все всерьёз - bellissimo!</p>\r\n','(4812) 35-61-59',' ул.Пригородная, д.10','','12.00 - 00.00','\0','','32.039133,54.765565','','','\0'),(55,'Галина, бар','<p>\r\n	&nbsp;</p>\r\n<p>\r\n	Бар &laquo;Галина&raquo; (небольшой ресторан Смоленска) славится &nbsp;настоящими профессионалами в сфере проведения незабываемых дней рождения и юбилеев.</p>\r\n<p>\r\n	А также бар &laquo;Галина&raquo; предлагает широкий спектр услуг и возможностей по направлению - организация праздников (в т.ч. корпоративных) и свадебных банкетов. Шикарный ассортимент возможностей и прекрасная обстановка, превратит ваш праздник в сказку.<br />\r\n	<br />\r\n	Как смоляне, так и гости нашего города не прочь хорошо провести время в кафе и ресторанах, тем более что есть из чего выбирать. Рестораны Смоленска отличаются не только качеством и разнообразием предлагаемых блюд, но и организацией обслуживания.<br />\r\n	<br />\r\n	Если же вы не знаете, на кухне какого народа остановить свой выбор, загляните в бар &laquo;Галина&raquo;. Это одно из лучших гастрономических кафе Смоленска, предоставит вам возможность отведать блюда, приготовленные по традиционным русским рецептам и рецептам кавказкой кухни. Бар &laquo;Галина&raquo; &ndash; это не просто еда, это - наслаждение.<br />\r\n	<br />\r\n	<br />\r\n	&quot;Галина&quot;&nbsp; - это место для активных людей. Он, как ни одно другое подобное заведение, подходит для встречи друзей. Сюда приходят, чтобы обменятся впечатлениями о своих путешествиях, приглашают друзей, и, показывая им свое слайд &ndash; шоу (видео и фотографии). Удобное месторасположение ресторана делает его идеальным рестораном для свадьбы в Смоленске. Так что при поиске ресторана для свадьбы вы спокойно можете остановить свой выбор на &nbsp;баре &laquo;Галина&raquo;.</p>\r\n','+7 (4812) 69-73-59','улица 25 Сентября, дом 64','85 мест','пн.- чт.10:00-00:00  пт.-сб. 10.00: 02.00 ','\0','','32.094613,54.774031','','','\0'),(56,'Мандариновый Гусь, харчевня','<p>\r\n	&nbsp;</p>\r\n<p>\r\n	Харчевня &laquo;Мандариновый Гусь&raquo; открылась в ноябре 2009 года и стала шестым по счету заведением в сети ресторанов быстрого питания &laquo;Пицца Домино&raquo;. Она удобно расположилась на улице Октябрьской революции, в центре пешеходной зоны, так любимой смолянами. А стоящий перед входом хозяин харчевни, сам Мандариновый Гусь, приветливо приглашает зайти и отведать от его хлебосольного стола. Просторное заведение состоит из двух залов, расположенных на двух этажах. В них так светло и уютно, что хочется туда возвращаться снова и снова, и не важно, моросит ли за окном навязчивый дождик или обжигает летнее солнце.<br />\r\n	<br />\r\n	Харчевня построена по принципу &laquo;free flow&raquo;, где на большой открытой кухне блюда готовятся на глазах у посетителей, нет официантов, а гости сами с удовольствием вовлекаются в удивительный калейдоскоп приготовления еды.<br />\r\n	<br />\r\n	Меню харчевни богато и разнообразно, и даже самый взыскательный гурман найдет здесь что-то себе по душе. На первое можно отведать &laquo;Рассольник с куриными потрошками&raquo;, &laquo;Борщ украинский&raquo; или &laquo;Суп-лапшу на курином бульоне с белыми грибами&raquo;. Больше десятка видов салатов, которые постоянно обновляются и пополняются в зависимости от сезона, дополнят и разнообразят любую трапезу. Горячие блюда представлены разнообразием мяса, курицы и рыбы в самых смелых сочетаниях, изыскано приготовленные с овощами или пастой под вкуснейшими соусами. Будь то &laquo;Филе куриное &laquo;в шубе&raquo; или &laquo;Цыпленок по-дижонски&raquo;, &laquo;Сердечки, тушенные в сметане&raquo; или &laquo;Свинина по-деревенски&raquo;, Вы не останетесь разочарованы. Для детей наши повара приготовили много вкусных сюрпризов. Это и огромный выбор вкуснейших блинчиков с полутора десятками различных начинок и соусов, и, конечно же, один из самых богатых ассортиментов десертов и выпечки во всей нашей сети.<br />\r\n	<br />\r\n	Наше кафе идеально подходит как для больших веселых компаний, так и для тихих семейных обедов, для влюбленных парочек и детских праздников, а приветливый персонал и квалифицированные повара сделают Ваш отдых незабываемым.</p>\r\n',' (4812) 38-41-72','ул. Октябрьской революции, 7','','10:00-23:00','\0','','32.044505,54.776384','','','\0'),(58,'Терра, кофейня','<p>\r\n	&nbsp;</p>\r\n<p>\r\n	&quot;Терра&quot; это идеальное место, где можно выпить кофе, оно одинаково подходит и тем, кто ищет общения, и тем, кто хочет уединиться. С одной стороны, кофейня всегда была местом встреч - аромат кофе создает ощущение домашнего комфорта и располагает к непринужденной беседе, за чашечкой кофе приятно обсудить дела и полюбезничать. С другой стороны, это место, где можно побыть наедине со своими мыслями, почитать свежую газету или книгу, отдохнуть от городского шума и суеты.<br />\r\n	<br />\r\n	В меню кофейни также входят изысканные торты, десерты, коктейли, необычные салаты и горячие блюда.</p>\r\n',' (4812) 32 72 22','пр-т Гагарина, 3','70 мест','08:00-23:00','\0','','32.049904,54.776887','','','\0'),(59,'Красный Дракон, суши-кафе','<p>\r\n	&nbsp;</p>\r\n<p>\r\n	Устали от каждодневной рутины? Не хватает романтики? Есть выход!<br />\r\n	<br />\r\n	Закажите романтический вечер в кафе &quot;Красный дракон&quot;. Цветы, свечи и романтическое оформление стола создадут вам особую атмосферу.</p>\r\n','(4812) 35-04-42 ','ул. Кирова, 2/57','60 мест','11:00 - 00:00 ','\0','','32.023539,54.769954','','','\0'),(60,'Донна Клара, кафе','<p>\r\n	&nbsp;</p>\r\n<p>\r\n	Кофейня-кондитерская &laquo;Донна Клара&raquo; открылась вместе с пироговой лавкой &laquo;Самовар&raquo; в августе 2010 года на улице Ленина в городе Смоленск. Это маленькое уютное кафе, где можно с удовольствием выпить чашечку ароматного кофе с кусочком фирменного торта &laquo;Донна Клара&raquo; от шеф-кондитера под мелодичную музыку, пообщаться с друзьями и посмотреть старые фильмы. Для удобства гостей весной 2011 года была открыта летняя площадка с красивой плетеной мебелью и зонтиками, защищающими от солнца в летний зной.<br />\r\n	<br />\r\n	&laquo;Донна Клара&raquo; - маленькая кофейня, чего не скажешь о меню этого заведения. Оно поистине богато и разнообразно. Чего здесь только нет. Большой выбор сортов кофе и чая приготовит и подаст опытный бариста. Огромный ассортимент тортов и пирожных от наших кондитерских дел мастеров порадует даже заядлого сладкоежку. Великое множество коктейлей и свежевыжатые соки, десерты и желе, более десяти видов мороженого, &ndash; всем этим Вы можете насладиться в нашей кофейне. Специально для любителей японской кухни в &laquo;Донне Кларе&raquo; было разработано &laquo;Японское меню&raquo;, где суши и роллы по своим вкусовым качествам не уступают специализированным ресторанам.<br />\r\n	<br />\r\n	Но самое приятное, что есть в &laquo;Донне Кларе&raquo; - это ее неповторимая чарующая атмосфера. Зайдя раз, хочется возвращаться туда снова и снова, чтобы за чашечкой кофе отвлечься от городской суеты, на минуту забыть все свои проблемы и дела&hellip; И просто смотреть через большое окно, как стучит по лужам дождь, и прохожие под зонтиками, кутаясь в шарфы и поднимая воротники своих пальто, проходят мимо, бросая на Вас завистливые взгляды.</p>\r\n','(4812) 32-81-53','ул. Ленина, 14','50 мест','10:00-21:00','\0','','32.050892,54.782422','','','\0'),(61,'Трапезные палаты у Боярина, кафе','<p>\r\n	&nbsp;</p>\r\n<p>\r\n	Название кафе &laquo;Трапезные палаты у Боярина&raquo; полностью отражает стиль, в котором оно сделано. Для того, чтобы любой желающий мог любоваться оригинальной художественной работой, чтобы запечатлеть себя на фоне необыкновенной красоты - над каждым эпизодом интерьера кропотливо работала команда высококлассных дизайнеров и художников.<br />\r\n	<br />\r\n	К услугам гостей, на современно оборудованной кухне, каждый день трудятся повара и кондитеры &ndash; поэтому все блюда из представленного меню всегда свежеприготовленны и вкусны. Часть блюд готовится на глазах у гостей, а повара собственноручно выносят свои творения на раздачу и витрину. Для детей и тех, кто придерживается здорового образа жизни &ndash; широкий выбор из меню.<br />\r\n	<br />\r\n	Красота интерьера и керамических изделий приковывает взгляд к каждому уголку заведения. Особенная атмосфера приятная для глаз, слуха и вкуса приводит снова и снова &ndash; обратно в кафе.<br />\r\n	<br />\r\n	<br />\r\n	Для туристических групп предусмотрены особые условия приема.</p>\r\n','(4812) 328-308, 326-61',' ул. Б.Советская, 24','','10:00-23:00','\0','','32.052410,54.781602','','','\0'),(63,'Тихая заводь, ресторан','<p>\r\n	Уютный ресторан на берегу озера приглашает вас в домашней обстановке отведать блюда традиционной русской кухни, приготовленные с любовью из свежих, натуральных продуктов в русской печи.</p>\r\n','8(900)220-18-36, 8(900)220-18-37','Смоленский р-н, Новые Батеки дер., ул. Ольшанская, 26','','12:00 - 23:00','\0','','31.846840,54.787339','','','\0');
/*!40000 ALTER TABLE `restaurants` ENABLE KEYS */;
UNLOCK TABLES;

--
-- Table structure for table `restaurants_entries`
--

DROP TABLE IF EXISTS `restaurants_entries`;
/*!40101 SET @saved_cs_client     = @@character_set_client */;
/*!40101 SET character_set_client = utf8 */;
CREATE TABLE `restaurants_entries` (
  `restaurant_id` bigint(20) NOT NULL,
  `entry_id` bigint(20) NOT NULL,
  `id` bigint(20) NOT NULL AUTO_INCREMENT,
  PRIMARY KEY (`id`)
) ENGINE=InnoDB AUTO_INCREMENT=418 DEFAULT CHARSET=utf8;
/*!40101 SET character_set_client = @saved_cs_client */;

--
-- Dumping data for table `restaurants_entries`
--

LOCK TABLES `restaurants_entries` WRITE;
/*!40000 ALTER TABLE `restaurants_entries` DISABLE KEYS */;
INSERT INTO `restaurants_entries` VALUES (1,77,1),(1,34,2),(1,56,5),(2,39,11),(2,34,12),(2,44,13),(2,51,14),(3,34,16),(3,38,17),(4,34,21),(4,39,22),(4,43,29),(4,44,30),(4,72,31),(4,67,32),(4,51,33),(3,53,34),(2,43,35),(2,67,36),(1,43,37),(1,44,38),(5,44,39),(5,45,40),(6,34,41),(6,39,42),(6,43,43),(6,47,44),(6,51,45),(6,57,46),(6,60,47),(6,64,48),(6,67,49),(6,68,50),(7,34,51),(7,39,52),(7,43,53),(7,44,54),(7,53,55),(7,59,56),(7,67,57),(8,34,58),(8,39,59),(8,43,60),(8,44,61),(8,72,62),(8,73,63),(8,54,64),(8,56,65),(8,67,66),(9,79,67),(9,38,68),(9,44,69),(9,73,70),(9,82,71),(9,83,72),(10,34,73),(10,39,74),(10,43,75),(10,53,76),(10,85,77),(11,34,78),(11,38,79),(11,43,80),(11,44,81),(11,59,82),(12,34,83),(12,39,84),(12,43,85),(12,45,86),(12,73,87),(12,53,88),(13,79,89),(13,38,90),(13,43,91),(13,44,92),(13,51,93),(13,62,94),(14,34,95),(14,38,96),(14,44,98),(14,74,99),(15,34,100),(15,43,101),(15,44,102),(15,46,103),(15,51,104),(15,56,105),(15,67,106),(16,34,107),(16,38,108),(16,43,109),(16,51,110),(16,56,111),(16,85,112),(16,67,113),(17,34,114),(17,39,115),(17,43,116),(17,44,117),(17,45,118),(17,47,119),(17,54,120),(17,59,121),(17,67,122),(18,79,123),(18,38,124),(18,43,125),(18,44,126),(18,49,127),(18,51,128),(18,56,129),(18,62,130),(18,64,131),(18,67,132),(19,35,133),(19,38,134),(19,84,135),(19,53,136),(20,34,137),(20,39,138),(20,43,139),(20,53,140),(20,56,141),(20,63,142),(20,67,143),(21,34,144),(21,38,145),(21,43,146),(21,44,147),(21,49,148),(21,67,149),(22,34,150),(22,39,151),(22,43,152),(22,44,153),(22,45,154),(22,72,155),(22,53,156),(22,67,157),(23,34,158),(23,39,159),(23,43,160),(23,53,161),(23,56,162),(23,85,163),(23,67,164),(24,34,165),(24,39,166),(24,43,167),(24,44,168),(24,53,169),(24,56,170),(25,34,171),(25,38,172),(25,43,173),(26,34,174),(26,40,175),(26,43,176),(26,44,177),(26,45,178),(26,52,179),(26,56,180),(26,67,181),(27,34,182),(27,39,183),(27,43,184),(27,44,185),(27,53,186),(28,34,187),(28,39,188),(28,43,189),(28,44,190),(28,46,191),(28,53,192),(28,63,193),(29,34,194),(29,39,195),(29,43,196),(29,44,197),(29,53,198),(29,62,199),(29,63,200),(29,67,201),(31,34,202),(31,39,203),(31,43,204),(31,44,205),(31,45,206),(31,46,207),(31,53,208),(31,67,209),(32,34,210),(32,39,211),(32,43,212),(32,44,213),(32,45,214),(32,53,215),(32,56,216),(32,67,217),(33,79,218),(33,38,219),(33,43,220),(33,44,221),(33,52,225),(33,76,226),(34,34,227),(34,38,228),(34,43,229),(34,44,230),(34,45,231),(34,49,232),(34,51,233),(34,67,234),(35,34,235),(35,38,236),(35,43,237),(35,44,238),(35,51,239),(35,56,240),(35,85,241),(36,34,242),(36,39,243),(36,43,244),(36,44,245),(36,83,246),(36,53,247),(36,63,248),(36,67,249),(37,34,250),(37,39,251),(37,43,252),(37,44,253),(37,45,254),(37,51,255),(37,56,256),(37,85,257),(37,76,258),(37,67,259),(38,34,260),(38,39,261),(38,43,262),(38,44,263),(38,45,264),(38,72,265),(38,84,266),(38,76,267),(39,34,268),(39,38,269),(39,43,270),(39,44,271),(39,72,272),(39,73,273),(39,51,274),(39,62,275),(39,67,276),(40,34,277),(40,39,278),(40,43,279),(40,44,280),(40,45,281),(40,51,282),(40,85,283),(40,76,284),(40,67,285),(42,34,286),(42,39,287),(42,43,288),(42,51,289),(42,64,290),(42,67,291),(43,34,292),(43,39,293),(43,43,294),(43,53,295),(43,76,296),(43,67,297),(44,34,298),(44,39,299),(44,43,300),(44,44,301),(44,73,302),(44,51,303),(45,35,304),(45,39,305),(45,43,306),(45,44,307),(45,45,308),(45,53,309),(46,79,310),(46,38,311),(46,43,312),(46,44,313),(46,45,314),(46,46,315),(46,53,316),(46,76,317),(46,67,318),(47,79,319),(47,38,320),(47,43,321),(47,44,322),(47,53,323),(47,76,324),(48,35,325),(48,38,326),(48,43,327),(48,44,328),(48,53,329),(48,67,330),(49,79,331),(49,38,332),(49,43,333),(49,44,334),(49,51,335),(49,56,336),(50,79,337),(50,39,338),(50,43,339),(50,44,340),(50,53,341),(50,58,342),(50,67,343),(51,79,344),(51,38,345),(51,43,346),(51,44,347),(51,72,348),(51,73,349),(51,51,350),(51,76,351),(52,79,352),(52,38,353),(52,44,354),(52,52,355),(53,79,356),(53,38,357),(53,44,358),(54,79,359),(54,38,360),(54,43,361),(54,72,362),(54,52,363),(54,62,364),(54,76,365),(55,35,366),(55,38,367),(55,43,368),(55,44,369),(55,51,370),(55,62,371),(55,63,372),(56,79,373),(56,38,374),(56,44,375),(56,83,376),(56,52,377),(2,76,378),(58,79,379),(58,38,380),(58,43,381),(58,44,382),(58,52,383),(59,79,384),(59,38,385),(59,43,386),(59,44,387),(59,73,388),(59,51,389),(59,64,390),(59,67,391),(60,79,392),(60,38,393),(60,43,394),(60,44,395),(60,52,396),(60,67,397),(61,79,398),(61,38,399),(61,43,400),(61,44,401),(61,52,402),(62,35,403),(62,38,404),(62,43,405),(62,82,406),(62,47,407),(62,59,408),(62,64,409),(62,68,410),(63,36,411),(63,39,412),(63,43,413),(63,44,414),(63,45,415),(63,53,416),(63,76,417);
/*!40000 ALTER TABLE `restaurants_entries` ENABLE KEYS */;
UNLOCK TABLES;

--
-- Table structure for table `restaurants_reserve`
--

DROP TABLE IF EXISTS `restaurants_reserve`;
/*!40101 SET @saved_cs_client     = @@character_set_client */;
/*!40101 SET character_set_client = utf8 */;
CREATE TABLE `restaurants_reserve` (
  `id` bigint(20) NOT NULL AUTO_INCREMENT,
  `create_date` datetime DEFAULT NULL,
  `contact` varchar(100) DEFAULT NULL,
  `phone` varchar(100) DEFAULT NULL,
  `visit_date` datetime DEFAULT NULL,
  `persons_count` int(11) DEFAULT '1',
  `account_id` bigint(20) NOT NULL,
  `restaraunt_id` bigint(20) DEFAULT NULL,
  PRIMARY KEY (`id`)
) ENGINE=InnoDB AUTO_INCREMENT=2 DEFAULT CHARSET=utf8;
/*!40101 SET character_set_client = @saved_cs_client */;

--
-- Dumping data for table `restaurants_reserve`
--

LOCK TABLES `restaurants_reserve` WRITE;
/*!40000 ALTER TABLE `restaurants_reserve` DISABLE KEYS */;
INSERT INTO `restaurants_reserve` VALUES (1,'2013-09-30 12:34:02','Екатерина','4258662','2013-10-04 12:33:00',3,21,1);
/*!40000 ALTER TABLE `restaurants_reserve` ENABLE KEYS */;
UNLOCK TABLES;

--
-- Table structure for table `resume_educations`
--

DROP TABLE IF EXISTS `resume_educations`;
/*!40101 SET @saved_cs_client     = @@character_set_client */;
/*!40101 SET character_set_client = utf8 */;
CREATE TABLE `resume_educations` (
  `id` bigint(20) NOT NULL AUTO_INCREMENT,
  `begin_date` date DEFAULT NULL,
  `end_date` date DEFAULT NULL,
  `address` varchar(200) DEFAULT NULL,
  `education_entry_id` bigint(20) DEFAULT NULL,
  `faculty` varchar(60) DEFAULT NULL,
  `specialty` varchar(60) DEFAULT NULL,
  `form_entry_id` bigint(20) DEFAULT NULL,
  `resume_id` bigint(20) DEFAULT NULL,
  PRIMARY KEY (`id`)
) ENGINE=InnoDB DEFAULT CHARSET=utf8;
/*!40101 SET character_set_client = @saved_cs_client */;

--
-- Dumping data for table `resume_educations`
--

LOCK TABLES `resume_educations` WRITE;
/*!40000 ALTER TABLE `resume_educations` DISABLE KEYS */;
/*!40000 ALTER TABLE `resume_educations` ENABLE KEYS */;
UNLOCK TABLES;

--
-- Table structure for table `resume_links`
--

DROP TABLE IF EXISTS `resume_links`;
/*!40101 SET @saved_cs_client     = @@character_set_client */;
/*!40101 SET character_set_client = utf8 */;
CREATE TABLE `resume_links` (
  `id` bigint(20) NOT NULL AUTO_INCREMENT,
  `url` varchar(250) DEFAULT NULL,
  `resume_id` bigint(20) DEFAULT NULL,
  PRIMARY KEY (`id`)
) ENGINE=InnoDB DEFAULT CHARSET=utf8;
/*!40101 SET character_set_client = @saved_cs_client */;

--
-- Dumping data for table `resume_links`
--

LOCK TABLES `resume_links` WRITE;
/*!40000 ALTER TABLE `resume_links` DISABLE KEYS */;
/*!40000 ALTER TABLE `resume_links` ENABLE KEYS */;
UNLOCK TABLES;

--
-- Table structure for table `resume_trainings`
--

DROP TABLE IF EXISTS `resume_trainings`;
/*!40101 SET @saved_cs_client     = @@character_set_client */;
/*!40101 SET character_set_client = utf8 */;
CREATE TABLE `resume_trainings` (
  `id` bigint(20) NOT NULL AUTO_INCREMENT,
  `begin_date` date DEFAULT NULL,
  `end_date` date DEFAULT NULL,
  `description` text,
  `resume_id` bigint(20) DEFAULT NULL,
  PRIMARY KEY (`id`)
) ENGINE=InnoDB DEFAULT CHARSET=utf8;
/*!40101 SET character_set_client = @saved_cs_client */;

--
-- Dumping data for table `resume_trainings`
--

LOCK TABLES `resume_trainings` WRITE;
/*!40000 ALTER TABLE `resume_trainings` DISABLE KEYS */;
/*!40000 ALTER TABLE `resume_trainings` ENABLE KEYS */;
UNLOCK TABLES;

--
-- Table structure for table `resume_works`
--

DROP TABLE IF EXISTS `resume_works`;
/*!40101 SET @saved_cs_client     = @@character_set_client */;
/*!40101 SET character_set_client = utf8 */;
CREATE TABLE `resume_works` (
  `id` bigint(20) NOT NULL AUTO_INCREMENT,
  `begin_date` date DEFAULT NULL,
  `end_date` date DEFAULT NULL,
  `post` varchar(100) DEFAULT NULL,
  `work_time_id` int(11) DEFAULT NULL,
  `company_name` varchar(200) DEFAULT NULL,
  `success_description` text,
  `resume_id` bigint(20) DEFAULT NULL,
  PRIMARY KEY (`id`)
) ENGINE=InnoDB AUTO_INCREMENT=3 DEFAULT CHARSET=utf8;
/*!40101 SET character_set_client = @saved_cs_client */;

--
-- Dumping data for table `resume_works`
--

LOCK TABLES `resume_works` WRITE;
/*!40000 ALTER TABLE `resume_works` DISABLE KEYS */;
INSERT INTO `resume_works` VALUES (2,'2012-10-01','2013-10-07','помощник дворника',10,'тесттест','тесттест',9);
/*!40000 ALTER TABLE `resume_works` ENABLE KEYS */;
UNLOCK TABLES;

--
-- Table structure for table `resumes`
--

DROP TABLE IF EXISTS `resumes`;
/*!40101 SET @saved_cs_client     = @@character_set_client */;
/*!40101 SET character_set_client = utf8 */;
CREATE TABLE `resumes` (
  `id` bigint(20) NOT NULL AUTO_INCREMENT,
  `post` varchar(100) DEFAULT NULL,
  `first_name` varchar(45) DEFAULT NULL,
  `middle_name` varchar(45) DEFAULT NULL,
  `last_name` varchar(45) DEFAULT NULL,
  `birth_date` date DEFAULT NULL,
  `sex` int(11) DEFAULT NULL,
  `salary` int(11) DEFAULT NULL,
  `photo_url` varchar(200) DEFAULT NULL,
  `region_id` bigint(20) DEFAULT NULL,
  `city_id` bigint(20) DEFAULT NULL,
  `languages` varchar(100) DEFAULT NULL,
  `exp_years` int(11) DEFAULT NULL,
  `exp_months` int(11) DEFAULT NULL,
  `children` int(11) DEFAULT NULL,
  `success_description` text,
  `about` text,
  `address` varchar(100) DEFAULT NULL,
  `phone` varchar(30) DEFAULT NULL,
  `phone2` varchar(10) DEFAULT NULL,
  `email` varchar(60) DEFAULT NULL,
  `created` date DEFAULT NULL,
  `edited` date DEFAULT NULL,
  `account_id` bigint(20) DEFAULT NULL,
  `is_publish` bit(1) DEFAULT NULL,
  PRIMARY KEY (`id`)
) ENGINE=InnoDB AUTO_INCREMENT=12 DEFAULT CHARSET=utf8;
/*!40101 SET character_set_client = @saved_cs_client */;

--
-- Dumping data for table `resumes`
--

LOCK TABLES `resumes` WRITE;
/*!40000 ALTER TABLE `resumes` DISABLE KEYS */;
INSERT INTO `resumes` VALUES (9,'дворник','Станислав','Михайлович','Иванов','2000-01-21',1,20000,'97b268f01d3c4fdaae638cf3bf219ac8.jpg',1,2,'',0,0,0,'','могу копать, могу не копать','тест','15451526','','mail@mail.ru','2013-10-07','2013-10-25',21,''),(10,'менеджер','Алефтина','Георгиевна','Штрунь','1998-08-04',2,60000,'',1,1,'английский',0,0,0,'','','','','','','2013-10-07','2013-10-07',21,''),(11,'Технолог','Александр','Евгеньевич','Прохоров','1979-07-15',1,50000,'8cf9b4af0109462487b595404d7f43c0.jpg',1,0,'',0,0,0,'','','','','','','2013-10-15','2013-10-15',2,'\0');
/*!40000 ALTER TABLE `resumes` ENABLE KEYS */;
UNLOCK TABLES;

--
-- Table structure for table `resumes_entries`
--

DROP TABLE IF EXISTS `resumes_entries`;
/*!40101 SET @saved_cs_client     = @@character_set_client */;
/*!40101 SET character_set_client = utf8 */;
CREATE TABLE `resumes_entries` (
  `id` bigint(20) NOT NULL AUTO_INCREMENT,
  `resume_id` bigint(20) DEFAULT NULL,
  `resume_entry_id` bigint(20) DEFAULT NULL,
  PRIMARY KEY (`id`)
) ENGINE=InnoDB AUTO_INCREMENT=23 DEFAULT CHARSET=utf8;
/*!40101 SET character_set_client = @saved_cs_client */;

--
-- Dumping data for table `resumes_entries`
--

LOCK TABLES `resumes_entries` WRITE;
/*!40000 ALTER TABLE `resumes_entries` DISABLE KEYS */;
INSERT INTO `resumes_entries` VALUES (7,10,21),(8,10,24),(9,10,7),(10,10,4),(11,10,15),(12,10,10),(13,11,21),(14,11,24),(15,11,7),(16,11,1),(17,9,23),(18,9,24),(19,9,7),(20,9,1),(21,9,15),(22,9,10);
/*!40000 ALTER TABLE `resumes_entries` ENABLE KEYS */;
UNLOCK TABLES;

--
-- Table structure for table `resumes_facilities`
--

DROP TABLE IF EXISTS `resumes_facilities`;
/*!40101 SET @saved_cs_client     = @@character_set_client */;
/*!40101 SET character_set_client = utf8 */;
CREATE TABLE `resumes_facilities` (
  `id` bigint(20) NOT NULL AUTO_INCREMENT,
  `facility_id` bigint(20) DEFAULT NULL,
  `variant_id` bigint(20) DEFAULT NULL,
  `resume_id` bigint(20) DEFAULT NULL,
  PRIMARY KEY (`id`)
) ENGINE=InnoDB AUTO_INCREMENT=6 DEFAULT CHARSET=utf8;
/*!40101 SET character_set_client = @saved_cs_client */;

--
-- Dumping data for table `resumes_facilities`
--

LOCK TABLES `resumes_facilities` WRITE;
/*!40000 ALTER TABLE `resumes_facilities` DISABLE KEYS */;
INSERT INTO `resumes_facilities` VALUES (3,1,19,10),(4,2,1,9),(5,4,10,9);
/*!40000 ALTER TABLE `resumes_facilities` ENABLE KEYS */;
UNLOCK TABLES;

--
-- Table structure for table `resumes_professionals`
--

DROP TABLE IF EXISTS `resumes_professionals`;
/*!40101 SET @saved_cs_client     = @@character_set_client */;
/*!40101 SET character_set_client = utf8 */;
CREATE TABLE `resumes_professionals` (
  `id` bigint(20) NOT NULL AUTO_INCREMENT,
  `resume_id` bigint(20) DEFAULT NULL,
  `professional_id` bigint(20) DEFAULT NULL,
  PRIMARY KEY (`id`)
) ENGINE=InnoDB AUTO_INCREMENT=8 DEFAULT CHARSET=utf8;
/*!40101 SET character_set_client = @saved_cs_client */;

--
-- Dumping data for table `resumes_professionals`
--

LOCK TABLES `resumes_professionals` WRITE;
/*!40000 ALTER TABLE `resumes_professionals` DISABLE KEYS */;
INSERT INTO `resumes_professionals` VALUES (3,10,6),(4,10,7),(5,11,1),(6,9,1),(7,9,3);
/*!40000 ALTER TABLE `resumes_professionals` ENABLE KEYS */;
UNLOCK TABLES;

--
-- Table structure for table `sale_categories`
--

DROP TABLE IF EXISTS `sale_categories`;
/*!40101 SET @saved_cs_client     = @@character_set_client */;
/*!40101 SET character_set_client = utf8 */;
CREATE TABLE `sale_categories` (
  `id` bigint(20) NOT NULL AUTO_INCREMENT,
  `title` varchar(100) NOT NULL,
  `order_id` int(11) DEFAULT '0',
  PRIMARY KEY (`id`)
) ENGINE=InnoDB AUTO_INCREMENT=25 DEFAULT CHARSET=utf8;
/*!40101 SET character_set_client = @saved_cs_client */;

--
-- Dumping data for table `sale_categories`
--

LOCK TABLES `sale_categories` WRITE;
/*!40000 ALTER TABLE `sale_categories` DISABLE KEYS */;
INSERT INTO `sale_categories` VALUES (1,'Авто',1),(2,'Все для дома',2),(3,'Интернет',3),(4,'Красота',4),(5,'Одежда, обувь, аксессуары',5),(6,'Туризм',6),(7,'Развлечения',7),(8,'Рестораны и кафе',8),(9,'Разное',9),(10,'Одежда',0),(11,'Подарки и цветы',0),(12,'Стройка и ремонт',0),(13,'Всё для офиса',0),(14,'Продукты и напитки',0),(15,'Досуг',0),(16,'Услуги',0),(17,'Охранные системы',0),(18,'Дизайн',0),(19,'Парфюмерия и косметика',0),(20,'Аксессуары',0),(21,'Зоотовары',0),(22,'Организация праздников',0),(23,'Туризм, отдых и здоровье ',0),(24,'Рекламные услуги',0);
/*!40000 ALTER TABLE `sale_categories` ENABLE KEYS */;
UNLOCK TABLES;

--
-- Table structure for table `sale_types`
--

DROP TABLE IF EXISTS `sale_types`;
/*!40101 SET @saved_cs_client     = @@character_set_client */;
/*!40101 SET character_set_client = utf8 */;
CREATE TABLE `sale_types` (
  `id` bigint(20) NOT NULL AUTO_INCREMENT,
  `title` varchar(100) NOT NULL,
  PRIMARY KEY (`id`)
) ENGINE=InnoDB AUTO_INCREMENT=5 DEFAULT CHARSET=utf8;
/*!40101 SET character_set_client = @saved_cs_client */;

--
-- Dumping data for table `sale_types`
--

LOCK TABLES `sale_types` WRITE;
/*!40000 ALTER TABLE `sale_types` DISABLE KEYS */;
INSERT INTO `sale_types` VALUES (1,'Скидки'),(2,'Распродажи'),(3,'Акции'),(4,'Скидки по банковской карте');
/*!40000 ALTER TABLE `sale_types` ENABLE KEYS */;
UNLOCK TABLES;

--
-- Table structure for table `sales`
--

DROP TABLE IF EXISTS `sales`;
/*!40101 SET @saved_cs_client     = @@character_set_client */;
/*!40101 SET character_set_client = utf8 */;
CREATE TABLE `sales` (
  `id` bigint(20) NOT NULL AUTO_INCREMENT,
  `title` varchar(245) DEFAULT NULL,
  `text` text,
  `publish_date` datetime DEFAULT NULL,
  `is_main` bit(1) DEFAULT b'0',
  `category_id` bigint(20) NOT NULL,
  `company_id` bigint(20) NOT NULL,
  `sale_type_id` bigint(20) NOT NULL,
  `comment_count` int(11) DEFAULT '0',
  `start_date` datetime DEFAULT NULL,
  `end_date` datetime DEFAULT NULL,
  `percent` int(10) DEFAULT NULL,
  `percent_max` int(10) DEFAULT NULL,
  `site` varchar(100) DEFAULT NULL,
  `phone` varchar(100) DEFAULT NULL,
  `products` varchar(200) DEFAULT NULL,
  `work_time` varchar(100) DEFAULT NULL,
  `sales_offices` text,
  `image` varchar(100) DEFAULT NULL,
  PRIMARY KEY (`id`)
) ENGINE=InnoDB AUTO_INCREMENT=480 DEFAULT CHARSET=utf8;
/*!40101 SET character_set_client = @saved_cs_client */;

--
-- Dumping data for table `sales`
--

LOCK TABLES `sales` WRITE;
/*!40000 ALTER TABLE `sales` DISABLE KEYS */;
INSERT INTO `sales` VALUES (244,'ТД «Желябовский», павильон №16','продажа меховых изделий (шубы из норки, бобра, мутона, изделия из натуральной кожи). пн. - выходной<br/>Скидка предоставляется держателям карт Смоленского Банка','1800-01-01 00:00:00','\0',10,10,1,0,'2013-10-07 15:06:00','2014-10-07 15:06:00',2,2,'',' 8 (909) 257-40-49','','с 10.00 до 17.00','',''),(245,'«Ярмарка»','одежда, детские игрушки','1800-01-01 00:00:00','\0',10,11,1,0,'2013-10-07 15:06:43','2014-10-07 15:06:43',5,5,'','','','с 10.00 до 21.00, без выходных','',''),(247,'\"Перемена\" школьная форма','режим работы: с 9.00 до 18.00','1800-01-01 00:00:00','\0',10,12,1,0,'2013-10-07 15:06:43','2014-10-07 15:06:43',5,5,'',' 8 (920) 666-08-06','','без выходных','',''),(248,'“Farfett” салон женской одежды и аксессуаров','','1800-01-01 00:00:00','\0',10,13,1,0,'2013-10-07 15:06:43','2014-10-07 15:06:43',10,10,'',' 8 (905) 163-74-74','','с 11.00 до 19.30, без выходных','',''),(249,'«Селебрити бутик» одежда','вт.-сб. с 11.00 до 20.00, пн.,вс. с 11.00 до 18.00','1800-01-01 00:00:00','\0',10,14,1,0,'2013-10-07 15:06:43','2014-10-07 15:06:43',5,5,'',' (4812) 64-88-44','','без выходных','',''),(250,'«Filo Rosso»','интернет-магазин женской одежды и аксессуаров','1800-01-01 00:00:00','\0',10,15,1,0,'2013-10-07 15:06:43','2014-10-07 15:06:43',5,5,'',' (4812) 46-08-81','','без выходных','',''),(251,'«Favor»','продажа женской одежды. пн.- вс. с 10.00 до 20.00','1800-01-01 00:00:00','\0',10,16,1,0,'2013-10-07 15:06:43','2014-10-07 15:06:43',10,10,'',' (4812) 31-24-42','','','',''),(253,'Силуэт','женская одежда, бижутерия. пн.-сб. с 10-00 до 19-00, вс. с 10-00 до 18-00','1800-01-01 00:00:00','\0',10,17,1,0,'2013-10-07 15:06:43','2014-10-07 15:06:43',5,5,'',' (4812) 41-29-90','','без выходных','',''),(254,'«Шоу Рум» Piccolo','магазин женской одежды','1800-01-01 00:00:00','',10,18,1,0,'2013-10-07 15:06:00','2014-10-07 15:06:00',15,15,'',' (4812) 55-44-20; 32-72-24','','с 10-00 до 19-00 в воскресенье с 10-00 до 17-00','',''),(255,'Гипермаркет «Линия», пав.30, «Мечта»','С 10-00 до 20-00','1800-01-01 00:00:00','\0',10,20,1,0,'2013-10-07 15:06:43','2014-10-07 15:06:43',7,7,'','','','без выходных','',''),(256,'«Дженнифер»','сумки и аксессуары. пн.-суббота: с 10-00 до 19-00. воскресенье: с 11-00 до 18-00','1800-01-01 00:00:00','\0',10,21,1,0,'2013-10-07 15:06:43','2014-10-07 15:06:43',10,10,'',' 8-951-707-53-66','','','',''),(257,'Вероника','обувь, сумки, галантерея, обувная косметика, зонты','1800-01-01 00:00:00','\0',10,22,1,0,'2013-10-07 15:06:43','2014-10-07 15:06:43',10,10,'',' (4812) 65-97-51, 8-910-763-46-31','','с 10-00 до 19-00, без выходных','',''),(258,'Смайл Кидс','детская одежда','1800-01-01 00:00:00','\0',10,23,1,0,'2013-10-07 15:06:43','2014-10-07 15:06:43',5,5,'',' 8-910-781-06-38','','с 10-00 до 21-00, без выходных','',''),(259,'F5','одежда','1800-01-01 00:00:00','\0',10,24,1,0,'2013-10-07 15:06:43','2014-10-07 15:06:43',3,3,'',' 8(910)713-83-60','','с 9-00 до 21-00, без выходных','',''),(260,'TEATRO','Модная женская одежда из Италии','1800-01-01 00:00:00','\0',10,25,1,0,'2013-10-07 15:06:43','2014-10-07 15:06:43',8,8,'',' 8(910)718-88-84','','с 9-00 до 20-00','',''),(261,'Студия дизайнерской одежды Эллы Принцевой','Разработка индивидуального дизайна и пошив одежды. вых.: вс, пн','1800-01-01 00:00:00','\0',10,26,1,0,'2013-10-07 15:06:43','2014-10-07 15:06:43',5,5,'',' 33-06-79','','с 10-00 до 19-00','',''),(262,'Магазин «Ремикс»','ТРЦ «Европа». 2эт.. с10:00 до 20:00','1800-01-01 00:00:00','\0',10,27,1,0,'2013-10-07 15:06:43','2014-10-07 15:06:43',5,5,'',' 8 952 984 65 17, 8 952 533 56 56','','','',''),(263,'Магазин модной одежды «Имидж»','пн-сб: с10-00 до 19-00, вс.: с 10-00 до 17-00','1800-01-01 00:00:00','\0',10,28,1,0,'2013-10-07 15:06:43','2014-10-07 15:06:43',5,5,'',' 65 86 19','','','',''),(264,'Салон-ателье «Три-Н»','Ателье по пошиву одежды и солярий. вых.: суббота, воскресенье','1800-01-01 00:00:00','\0',10,29,1,0,'2013-10-07 15:06:43','2014-10-07 15:06:43',5,5,'',' 32-77-91','','с 9-00 до 18-00','',''),(265,'«Рур Мур»','Магазин женского и мужского белья, подарки, сумки, обувь','1800-01-01 00:00:00','\0',10,30,1,0,'2013-10-07 15:06:43','2014-10-07 15:06:43',10,10,'',' 61-00-53','','с 10-00 до 20-00, без выходных','',''),(266,'Магазин «Ника»','Отдел нижнего белья. Нижнее бельё мужское и женское, термобельё, купальники, колготки. воскресенье с 11-00 до 18-00','1800-01-01 00:00:00','\0',10,31,1,0,'2013-10-07 15:06:43','2014-10-07 15:06:43',5,5,'','64-33-74','','с 11-00 до 20-00','',''),(267,'Магазин \"Красотка\"','Продажа одежды. Тел. 906-668-67-70','1800-01-01 00:00:00','\0',10,32,1,0,'2013-10-07 15:06:43','2014-10-07 15:06:43',10,10,'','','','с 11-00 до 19-00 (без выходных)','',''),(268,'Магазин «Новый образ»','Продажа одежды и сумок','1800-01-01 00:00:00','\0',10,33,1,0,'2013-10-07 15:06:43','2014-10-07 15:06:43',5,5,'',' 38-37-52','','с 10-00 до 19-00, без выходных','',''),(269,'«Анжелика»','Магазин мужской одежды','1800-01-01 00:00:00','\0',10,34,1,0,'2013-10-07 15:06:43','2014-10-07 15:06:43',5,5,'',' 38-14-52','','с 11-00 до 19-00, воскр. С11-00 до 17-00','',''),(270,'«Нео Стиль»','Магазин женской и мужской одежды','1800-01-01 00:00:00','\0',10,35,1,0,'2013-10-07 15:06:43','2014-10-07 15:06:43',5,5,'',' 38-11-98','','с 10-00 до 19-00, без выходных','',''),(271,'«Детонация»','Розничная торговля молодежной одеждой. ТЦ «Юнона» тел.: 38-77-04','1800-01-01 00:00:00','\0',10,36,1,0,'2013-10-07 15:06:43','2014-10-07 15:06:43',5,5,'','','','с 9-00 до 21-00, без выходных','',''),(272,'Магазин «Лидер Джинс»','Розничная торговля брендовой одеждой','1800-01-01 00:00:00','\0',10,37,1,0,'2013-10-07 15:06:43','2014-10-07 15:06:43',7,7,'',' 62-20-15','','с 10-00 до 20-00, без выходных','',''),(273,'Магазин «Такса»','Распродажа фирменной одежды','1800-01-01 00:00:00','\0',10,38,1,0,'2013-10-07 15:06:43','2014-10-07 15:06:43',5,5,'',' 38-28-68','','с 10-00 до 19-00','',''),(274,'\"Street one shop\"','Магазин молодежной одежды','1800-01-01 00:00:00','\0',10,39,1,0,'2013-10-07 15:06:43','2014-10-07 15:06:43',5,5,'','','','с 9-00 до 21-00, без выходных','',''),(275,'М-н «Эдванс»','Одежда для мужчин','1800-01-01 00:00:00','\0',10,40,1,0,'2013-10-07 15:06:43','2014-10-07 15:06:43',5,5,'',' 38-79-54','','с 10-00 до 19-00 (вых.- воскресенье)','',''),(276,'Магазин «Авант»','Одежда и акссесуары для женщин','1800-01-01 00:00:00','\0',10,41,1,0,'2013-10-07 15:06:43','2014-10-07 15:06:43',10,10,'',' 38-40-47','','с 10-00 до 19-00 ( воскр. с 11-00 до 18-00)','',''),(278,'М-н «Панда»','Детская одежда и обувь','1800-01-01 00:00:00','\0',10,42,1,0,'2013-10-07 15:06:43','2014-10-07 15:06:43',5,5,'',' 38-62-97','','с 10-00 до 19-00 (без выходных)','',''),(279,'Flo &amp; Jo','Итальянская женская одежда','1800-01-01 00:00:00','\0',10,43,1,0,'2013-10-07 15:06:43','2014-10-07 15:06:43',10,10,'',' 35-61-77','','с 10-00 до 19-00 (воск. С 11-00 до 17-00)','',''),(280,'М-н «Гламур»','Товары для отдыха, нижнее белье','1800-01-01 00:00:00','\0',10,44,1,0,'2013-10-07 15:06:43','2014-10-07 15:06:43',10,10,'',' 32-02-15','','с 10-00 до 19-00 (без выходных)','',''),(281,'Магазин «5 Звезд»','Товары для отдыха. воскресенье: с 11-00 до 17-00','1800-01-01 00:00:00','\0',10,45,1,0,'2013-10-07 15:06:43','2014-10-07 15:06:43',10,10,'',' 60-97-56','','с 10-00 до 19-00','',''),(282,'«First fashion»','Итальянская одежда и обувь для мужчин и женщин','1800-01-01 00:00:00','\0',10,46,1,0,'2013-10-07 15:06:43','2014-10-07 15:06:43',10,10,'',' 63-23-75','','с 11-00 до 20-00 (воск.&nbsp;c 11-00 до 18-00)','',''),(283,'Магазин \"Сканди\"','финская женская одежда','1800-01-01 00:00:00','\0',10,47,1,0,'2013-10-07 15:06:43','2014-10-07 15:06:43',8,8,'',' 68-35-53','','с 10-00 до 21-00','',''),(284,'Свадебный салон «Стиль С»','продажа и прокат свадебных платьев, аксессуаров, автомобилей и украшений. пн.-пт.: с 9-00 до 20-00. сб.: с 9-00 до 19-00. воскр.: с 9-00 до 18-00','1800-01-01 00:00:00','\0',10,48,1,0,'2013-10-07 15:06:43','2014-10-07 15:06:43',10,10,'',' (4812) 38-44-98, 8-951-694-91-44','','','',''),(285,'«Люкс»','женская одежда (офисная и верхняя). пн.-сб. с 10-00 до 19-00, вс. с 11-00 до 18-00','1800-01-01 00:00:00','\0',10,49,1,0,'2013-10-07 15:06:43','2014-10-07 15:06:43',10,10,'',' (4812) 65-80-46','','без выходных','',''),(286,'«БЕЛЬКЕЛЬМЕ»','магазин одежды','1800-01-01 00:00:00','\0',10,50,1,0,'2013-10-07 15:06:43','2014-10-07 15:06:43',5,5,'',' 8 (915) 633-29-21','','с 10-00 до 20-00, без выходных','',''),(287,'ДВЕРИ','пн.-пт. с 10-00 до 19-00, сб. с 10-00 до 18-00, вс. с 10-00 до 16-00','1800-01-01 00:00:00','\0',2,51,1,0,'2013-10-07 15:06:43','2014-10-07 15:06:43',5,5,'',' (4812) 65-62-37','','','',''),(288,'Смоленская фурнитурная компания','продажа мебельной фурнитуры и комплектующих. пн.-пт. с 9-00 до 18-00, сб. с 9-00 до 17-00. воскресенье – выходной','1800-01-01 00:00:00','\0',2,52,1,0,'2013-10-07 15:06:43','2014-10-07 15:06:43',8,8,'',' (4812) 65-61-41, 65-64-53, 65-69-58','','','',''),(289,'Студия мебели «Концепт» (ТД «Лидер», 3 этаж)','корпусная мебель на заказ','1800-01-01 00:00:00','\0',2,53,1,0,'2013-10-07 15:06:43','2014-10-07 15:06:43',0,0,'',' (4812) 63-22-35','','с 10-00 до 17-00, без выходных','',''),(290,'Салон-ателье «Кухни ART»','изготовление кухонной мебели на заказ. пн.-пт. с 10-00 до 19-00. сб. с 10-00 до 17-00. воскр.-выходной','1800-01-01 00:00:00','\0',2,54,1,0,'2013-10-07 15:06:43','2014-10-07 15:06:43',5,5,'',' (4812) 20-27-08','','','',''),(291,'Гефест','газовое бытовое оборудование. пн.-пт. с 10-00 до 18-00. сб. с 10-00 до 17-00. вс. с 10-00 до 16-00','1800-01-01 00:00:00','\0',2,55,1,0,'2013-10-07 15:06:43','2014-10-07 15:06:43',3,3,'',' (4812) 29-91-06','','','',''),(292,'Полароид','бытовая техника,товары для дома,телефоны. телефон: (4812) 30-27-20','1800-01-01 00:00:00','\0',2,56,1,0,'2013-10-07 15:06:43','2014-10-07 15:06:43',10,10,'','','','с 10.00 до 20.00, без выходных','',''),(293,'Уют Тут','Продажа текстильной продукции. телефон: 8 (908)280-25-19','1800-01-01 00:00:00','\0',2,57,1,0,'2013-10-07 15:06:43','2014-10-07 15:06:43',8,8,'','','','с 10.00 до 20.00, без выходных','',''),(294,'МеКор','Изготовление и продажа корпусной мебели. режим работы: с 10.00 до 19.00, выходной – понедельник. телефон: (4812) 40-89-61','1800-01-01 00:00:00','\0',2,58,1,0,'2013-10-07 15:06:43','2014-10-07 15:06:43',5,5,'','','','','',''),(295,'BergHOFF','Посуда премиум-класса из высококачественной нержавеющий стали','1800-01-01 00:00:00','\0',2,59,1,0,'2013-10-07 15:06:43','2014-10-07 15:06:43',5,5,'',' 40-33-49','','с 10-00 до 19-00, воскр.: с 11-00 до 17-00','',''),(296,'ООО «Барьер-Запад»','Двери, душевые кабинки, кровля, фасад. ТЦ Южный, Торговая сеть «Клевер», Город мастеров — павильон №62','1800-01-01 00:00:00','\0',2,60,1,0,'2013-10-07 15:06:43','2014-10-07 15:06:43',8,8,'',' 8 (952) 534-43-43, 41-85-62','','с 10-00 до 17-00, без выходных','',''),(297,'Свет Люкс','Розничная продажа люстр, светильников. пн.-сб.:10-00 до 19-00. воскр. 10-00 до 17-00','1800-01-01 00:00:00','\0',2,61,1,0,'2013-10-07 15:06:43','2014-10-07 15:06:43',5,5,'',' 20-92-81','','','',''),(298,'Центр Ковров','Продажа ковровых изделий. пн.-сб.10-00 до 19-00 воскр.10-00 до 17-00. воскр. 10-00 до 17-00','1800-01-01 00:00:00','\0',2,62,1,0,'2013-10-07 15:06:43','2014-10-07 15:06:43',5,5,'',' 33-01-70','','','',''),(299,'«Artprint»','Установка спутникого цифрового «ТРИКОЛОР ТЕЛЕВИДЕНИЯ». Тел. 38-37-45 (заказ установки 8 904 362-15-16). Пн.-суб. с 10-00 до 20-00. Вс. 10-00 до 19-00. Без выходных','1800-01-01 00:00:00','\0',2,63,1,0,'2013-10-07 15:06:43','2014-10-07 15:06:43',7,7,'','','','','',''),(300,'«Мир люстр»','Продажа светильников','1800-01-01 00:00:00','\0',2,64,1,0,'2013-10-07 15:06:43','2014-10-07 15:06:43',5,5,'',' 40-11-37, 404-738, 62-29-04','','с 10-00 до 19-00, без выходных','',''),(301,'«Оптим-мебель»','Мебельная компания. Производство корпусной мебели на заказ. вт-сб.: с 10 до 19-00, вс.-пн: выходной','1800-01-01 00:00:00','\0',2,65,1,0,'2013-10-07 15:06:43','2014-10-07 15:06:43',10,10,'',' 409-609','','','',''),(302,'Окна 21 века','Изготовления окон ПВХ. пн-пт. 9-00 до 18-00,сб. с 10-00 до 14-00, вых.: воскресенье','1800-01-01 00:00:00','\0',2,66,1,0,'2013-10-07 15:06:43','2014-10-07 15:06:43',3,3,'',' 608-222, 38-56-90','','','',''),(303,'ООО Строй Дом','Пластиковые окна, натяжные потолки, жалюзи','1800-01-01 00:00:00','\0',2,67,1,0,'2013-10-07 15:06:43','2014-10-07 15:06:43',5,5,'',' 63-23-33','','с 9-00 до 18-00, вых.: воскресенье','',''),(304,'«Мой климат»','Современное климатическое оборудование','1800-01-01 00:00:00','\0',2,68,1,0,'2013-10-07 15:06:43','2014-10-07 15:06:43',20,20,'',' 40-76-74','','с 9-00 до 18-00, вых.: воскресенье','',''),(305,'«Мир бамбука»','Товары для дома. с10-00 до 20-00','1800-01-01 00:00:00','\0',2,69,1,0,'2013-10-07 15:06:43','2014-10-07 15:06:43',5,5,'',' 89621939516','','без выходных','',''),(306,'ТД «Два кита»','Розничная продажа бытовой техники, посуды','1800-01-01 00:00:00','\0',2,70,1,0,'2013-10-07 15:06:43','2014-10-07 15:06:43',3,3,'',' 40-18-10','','с 10-00 до 19-00, без выходных','',''),(307,'Магазин «Домус»','Продажа бытовой техники. ТД \"Городянский\". Тел.: 8(920)302-71-56. С 9-00 до 19-00. Без выходных','1800-01-01 00:00:00','\0',2,71,1,0,'2013-10-07 15:06:43','2014-10-07 15:06:43',10,10,'','','','','',''),(308,'М-н «Нужные вещи»','Розничная торговля товарами для дома','1800-01-01 00:00:00','\0',2,72,1,0,'2013-10-07 15:06:43','2014-10-07 15:06:43',5,5,'',' 8 960 588 05 78','','с 10-00 до 21-00 (без выходных)','',''),(309,'Мебельная компания «Фурор»','Корпусная мебель на заказ. (без выходных)','1800-01-01 00:00:00','\0',2,73,1,0,'2013-10-07 15:06:43','2014-10-07 15:06:43',10,10,'',' 40-48-58, 606-505','','с 10-00 до 18-00 (суб. с 10-00 до 15-00)','',''),(310,'М-н «Империя комфорта»','Производство и продажа корпусной мебели, пластиковых окон. С 10-00 до 19-00.(вых. – воскресенье)','1800-01-01 00:00:00','\0',2,74,1,0,'2013-10-07 15:06:43','2014-10-07 15:06:43',5,5,'','8(910)783-79-03; 35-45-84','','','',''),(311,'ООО «Баюшки» Салон-магазин','Чистка перьевых подушек,перин,одеял.. Продажа постельного белья, подушек,одеял. рынок «Универсальный»','1800-01-01 00:00:00','\0',2,75,1,0,'2013-10-07 15:06:43','2014-10-07 15:06:43',5,5,'','63-04-43, 63-04-83','','с 10-00 до 19-00, без выходных','',''),(312,'ТЦ «Орбита»','Продажа мягкой и корпусной мебели. цокольный этаж','1800-01-01 00:00:00','\0',2,76,1,0,'2013-10-07 15:06:43','2014-10-07 15:06:43',5,5,'',' 8(910)782-73-00','','с 11-00 до 19-00, без выходных','',''),(313,'Магазин «Стендор»','Двери, ручки, фурнитура. вых. – воскресенье','1800-01-01 00:00:00','\0',2,77,1,0,'2013-10-07 15:06:43','2014-10-07 15:06:43',5,5,'',' 38-85-92','','с 10-00 до 19-00','',''),(314,'“NIKA Flowers”','цветочный бутик. режим работы: с 8.00 до 20.00. продукции и 5% на кашпо NOBILIS, marco, Lechuza за наличный или безналичный расчёт','1800-01-01 00:00:00','\0',11,79,1,0,'2013-10-07 15:06:43','2014-10-07 15:06:43',0,0,'',' (4812) 67-26-67, 8 (910) 785 26 67','','','',''),(315,'Цветочная мастерская «Флоренсия»','флористические услуги. пн.пт. с 9-00 до 19-00. сб.-вс. с 10-00 до 17-00','1800-01-01 00:00:00','\0',11,80,1,0,'2013-10-07 15:06:43','2014-10-07 15:06:43',10,10,'',' (4812) 60-12-60, 40-81-99','','','',''),(316,'«Подарки»','понедельник-выходной','1800-01-01 00:00:00','\0',11,81,1,0,'2013-10-07 15:06:43','2014-10-07 15:06:43',3,3,'','8-903-894-02-62','','с 9-00 до 17-00','',''),(317,'Цветочный Бутик. Студия флористики и ландшафтного дизайна.','цветы и сувениры. пн.-пт. с 9-00 до 19-00. сб.-вс. с 11-00 до 17-00','1800-01-01 00:00:00','\0',11,82,1,0,'2013-10-07 15:06:43','2014-10-07 15:06:43',5,5,'',' 8-908-288-75-43','','','',''),(318,'М-н «Коралл»','Подарки для Вас и Вашего дома (текстиль, посуда, цветы, сувениры и др.)','1800-01-01 00:00:00','\0',11,83,1,0,'2013-10-07 15:06:43','2014-10-07 15:06:43',5,5,'',' 32-05-56','','с 10-00 до 20-00 (суббота до 19-00, воскресенье до 18-00)','',''),(319,'«Арт Флора»','Подарки и цветы. Тел 38-79-94','1800-01-01 00:00:00','\0',11,84,1,0,'2013-10-07 15:06:43','2014-10-07 15:06:43',5,5,'','','','с 8-00 до 23-00','',''),(320,'М-н «ТОТЭМ»','Магазин подарков','1800-01-01 00:00:00','\0',11,85,1,0,'2013-10-07 15:06:43','2014-10-07 15:06:43',7,7,'',' 63-03-55,  33-07-38,  33-07-38','','с 10-00 до 19-00','',''),(321,'М-н «Цветочница»','Магазин цветов и подарков','1800-01-01 00:00:00','\0',11,86,1,0,'2013-10-07 15:06:43','2014-10-07 15:06:43',5,5,'',' 32-67-68','','с 10-00 до 19-00 (вых. - воскресенье)','',''),(322,'Шинный центр STyre','продажа автошин','1800-01-01 00:00:00','\0',1,87,1,0,'2013-10-07 15:06:43','2014-10-07 15:06:43',5,5,'',' (4812) 670-112','','с 9-00 до 19-00, без выходных','',''),(323,'Тракторные Запчасти','изготовление и ремонт РВД, шлангов на отечественную спец.технику','1800-01-01 00:00:00','\0',1,88,1,0,'2013-10-07 15:06:43','2014-10-07 15:06:43',5,5,'',' (4812) 64-10-02','','с 9-00 до 18-00','',''),(324,'ИП Кочетова О.А.','автосервис','1800-01-01 00:00:00','\0',1,89,1,0,'2013-10-07 15:06:43','2014-10-07 15:06:43',5,5,'',' 8-951-716-99-13','','с 8-00 до 20-00, без выходных','',''),(325,'СТО «Сварог»','Станция технического обслуживания легковых автомобилей. Малярно-кузовной ремонт. вых.: воскресенье','1800-01-01 00:00:00','\0',1,90,1,0,'2013-10-07 15:06:43','2014-10-07 15:06:43',5,5,'',' (4812) 42-30-42','','с 8-00 до 20-00','',''),(326,'Сервис «Автоколер»','кузовной и малярный ремонт. Мотель «Феникс». вых. - воскресенье','1800-01-01 00:00:00','\0',1,91,1,0,'2013-10-07 15:06:43','2014-10-07 15:06:43',5,5,'',' 40-72-50','','с 9-00 до 18-00','',''),(327,'«ПЕКИН-АВТО»','Автосервис, автомагазин','1800-01-01 00:00:00','\0',1,92,1,0,'2013-10-07 15:06:43','2014-10-07 15:06:43',5,5,'',' 40-59-69; 68-68-38','','с 9-00 до 19-00, суббота: с 9-00 до 15-00, вых.: воскресенье','',''),(328,'ИП Максимов О.В.','Автомойка','1800-01-01 00:00:00','\0',1,93,1,0,'2013-10-07 15:06:43','2014-10-07 15:06:43',5,5,'',' 55-50-93','','с 8-00 до 21-00 (без выходных','',''),(329,'Автомагазин «Клин Маркет»','Розничная торговля зап. частями для автомобиля','1800-01-01 00:00:00','\0',1,94,1,0,'2013-10-07 15:06:43','2014-10-07 15:06:43',5,5,'',' 55-50-93','','с 09-00 до 19-00 (суб. с 09-00 до 16-00, вых.- воскресенье)','',''),(330,'ИП Германов А.А.','Шина-67. Розничная торговля шинами и дисками.','1800-01-01 00:00:00','\0',1,95,1,0,'2013-10-07 15:06:43','2014-10-07 15:06:43',3,3,'',' 312-312','','с 9-00 до 18-00 (вых. воскресенье)','',''),(332,'ООО «Форса»','Салон мототехники. “Force-Line”. Продажа мототехники','1800-01-01 00:00:00','\0',1,96,1,0,'2013-10-07 15:06:43','2014-10-07 15:06:43',3,3,'',' 31-72-35','','с 10-00 до 19-00, без выходных','',''),(333,'«Автодок»','оптовая и розничная продажа автозапчастей. пн.-пт.: с 9-30 до 19-00,. сб.: с 10-00 до 18-00. воскр. – выходной','1800-01-01 00:00:00','\0',1,97,1,0,'2013-10-07 15:06:43','2014-10-07 15:06:43',5,5,'',' 8-906-668-41-03','','','',''),(334,'Отражение','натяжные потолки. пн.-пт. с 10-00 до 19-00, сб. с 10-00 до 17-00. воскресенье – выходной','1800-01-01 00:00:00','\0',12,98,1,0,'2013-10-07 15:06:43','2014-10-07 15:06:43',10,10,'',' (4812) 67-03-70, 61-14-09','','','',''),(335,'MAXIMA','розничная торговля строительными материалами. пн.-сб. с 9-00 до 20-00. воскр. с 9-00 до 18-00','1800-01-01 00:00:00','\0',12,99,1,0,'2013-10-07 15:06:43','2014-10-07 15:06:43',10,10,'','','','','',''),(336,'Деруфа','декоративные штукатурки, лакокраски, полиуретановый декор','1800-01-01 00:00:00','\0',12,100,1,0,'2013-10-07 15:06:43','2014-10-07 15:06:43',10,10,'',' (4812) 38-87-00','','','',''),(337,'Мосплитка','керамическая плитка, керамогранит. пн.-пт. с 10-00 до 19-00. сб. 10-00 до 18-00. выходной: воскресенье','1800-01-01 00:00:00','\0',12,101,1,0,'2013-10-07 15:06:43','2014-10-07 15:06:43',10,10,'',' (4812) 38-87-00','','','',''),(338,'ВегаАвангард','Окна,фасады,балконы,жалюзи','1800-01-01 00:00:00','\0',12,102,1,0,'2013-10-07 15:06:43','2014-10-07 15:06:43',10,10,'',' (4812) 66-07-03','','с 9:00 до 19:00 (вс: с 12:00 до 15:00)','',''),(339,'Электро-Плюс','торговля электротоварами. Тел.: (4812) 54-20-31. С 9-00 до 19-00','1800-01-01 00:00:00','\0',12,103,1,0,'2013-10-07 15:06:43','2014-10-07 15:06:43',5,5,'','','','без выходных','',''),(340,'МегаСтрой','строительные материалы. Московское шоссе,стр.1; Шевченко, 101а. С 9-00 до 17-00','1800-01-01 00:00:00','\0',12,104,1,0,'2013-10-07 15:06:43','2014-10-07 15:06:43',2,2,'',' (4812) 40-52-09','','без выходных','',''),(341,'Мир балконов','Остекление балконов, лоджий, окна, ПВХ. Тел. (4812) 38-16-83, 68-60-70. С 9-00 до 17-00. выходной - воскресенье','1800-01-01 00:00:00','\0',12,105,1,0,'2013-10-07 15:06:43','2014-10-07 15:06:43',5,5,'','','','','',''),(342,'Магазин «Вира»','Строительные материалы','1800-01-01 00:00:00','\0',12,106,1,0,'2013-10-07 15:06:43','2014-10-07 15:06:43',5,5,'',' 8 (905) 160-53-03','','с 9-00 до 19-00, воск. с 11-00 до 16-00','',''),(343,'«Евро Дом»','Окна ПВХ, натяжные потолки, жалюзи, кровля, сайдинг','1800-01-01 00:00:00','\0',12,107,1,0,'2013-10-07 15:06:43','2014-10-07 15:06:43',5,5,'',' 21-81-24, 330-663','','с 10-00 до 18-00, без выходных','',''),(344,'МРИЯ','Натяжные потолки. вых.: воскресенье','1800-01-01 00:00:00','\0',12,108,1,0,'2013-10-07 15:06:43','2014-10-07 15:06:43',7,7,'',' 40-35-67, 66-34-40','','с 9-00 до 19-00, суббота: с 10-00 до 15-00','',''),(345,'«Спец.магазин»','вых.: воскресенье','1800-01-01 00:00:00','\0',12,109,1,0,'2013-10-07 15:06:43','2014-10-07 15:06:43',5,5,'','27-32-65','','с 9-00 до 19-00','',''),(346,'«Звездное небо»','ДБ «Гамаюн» 3-й эт.. вых.: суббота, воскресенье','1800-01-01 00:00:00','\0',12,110,1,0,'2013-10-07 15:06:43','2014-10-07 15:06:43',5,5,'','40-65-29','','с 10-00 до 18-00','',''),(347,'ИП Лукьянов И.А.','Установка изделий ПВХ, алюминия. вых.: воскресенье','1800-01-01 00:00:00','\0',12,111,1,0,'2013-10-07 15:06:43','2014-10-07 15:06:43',5,5,'',' 40-89-25','','с 9-00 до 18-00','',''),(348,'ООО «МонтажСервисСтрой»','Производство и установка детского и спортивного оборудования. вых.- суббота, воскресенье','1800-01-01 00:00:00','\0',12,112,1,0,'2013-10-07 15:06:43','2014-10-07 15:06:43',5,5,'','31-84-80; 60-22-23','','с 8-00 до 16-30','',''),(349,'магазин «Маркопул»','Строительство бассейнов,продажа средств по уходу за бассейнами. Ландшафтные скульптуры','1800-01-01 00:00:00','\0',12,113,1,0,'2013-10-07 15:06:43','2014-10-07 15:06:43',10,10,'',' (4812) 31-17-32','','с 10-00 до 19-00, без выходных','',''),(350,'ИП Путятин','Окна, двери из ПВХ, клееного бруса, массива дерева, остекление балконов. и лоджий из ПВХ и алюминия, отделка откосов (пластик, гипсоволокно, штукатурка)','1800-01-01 00:00:00','\0',12,114,1,0,'2013-10-07 15:06:43','2014-10-07 15:06:43',5,5,'',' 40-89-50','','с 9-00 до 18-00 (без выходных)','',''),(351,'М-н «Вента»','Продажа систем водоочистки, теплых полов и вентиляции','1800-01-01 00:00:00','\0',12,115,1,0,'2013-10-07 15:06:43','2014-10-07 15:06:43',5,5,'','','','с 10-00 до 19-00 (воскр. с 10-00 до 18-00)','',''),(352,'ООО «Печерский завод ЖБИ»','производство и оптово-розничная торговля железобетонными изделиями. пн.-сб. с 8-00 до 18-00. воскресенье – выходной','1800-01-01 00:00:00','\0',12,116,1,0,'2013-10-07 15:06:43','2014-10-07 15:06:43',5,5,'',' (4812) 42-25-43','','','',''),(353,'Си Лайн','оргтехника, компьютеры, расходные материалы','1800-01-01 00:00:00','\0',13,117,1,0,'2013-10-07 15:06:43','2014-10-07 15:06:43',5,5,'',' (48131) 4-33-69','','с 9-00 до 18-00, без выходных','',''),(355,'ООО «Милан»','Оптовая и розничная торговля канцтоварами','1800-01-01 00:00:00','\0',13,118,1,0,'2013-10-07 15:06:43','2014-10-07 15:06:43',5,5,'',' 31-26-31','','с 09-00 до 18-00 (вых. - суббота, воскресенье)','',''),(356,'ООО «Офисная планета»','Розничная торговля канцтоварами','1800-01-01 00:00:00','\0',13,119,1,0,'2013-10-07 15:06:43','2014-10-07 15:06:43',5,5,'',' 63-33-39','','с 10-00 до 19-00 (вых. - воскресенье)','',''),(358,'ООО «ЮнитСервис»','Обслуживание оргтехники. Суббота с 9.00 до 16.00. (вых. - воскресенье)','1800-01-01 00:00:00','\0',13,121,1,0,'2013-10-07 15:06:43','2014-10-07 15:06:43',10,10,'',' (4812) 63-12-88, 33-03-60','','с 9-00 до 18-00','',''),(359,'ООО «Энтерпрайз»','Продажа канцелярских товаров. воскресенье – выходной','1800-01-01 00:00:00','\0',13,122,1,0,'2013-10-07 15:06:43','2014-10-07 15:06:43',5,5,'',' 27-03-90','','с 9-00 до 17-00 (суббота с 9-00 до 15-00)','',''),(360,'ООО «Реанком»','Компьютерная помощь, все виды услуг. воскресенье - выходной','1800-01-01 00:00:00','\0',13,120,1,0,'2013-10-07 15:06:43','2014-10-07 15:06:43',20,20,'',' 63-37-58; 55-77-57','','с 10-00 до 18-00','',''),(361,'М-н «Чарка»','Розничная торговля алкогольной продукцией. 24 часа (без выходных)','1800-01-01 00:00:00','\0',14,123,1,0,'2013-10-07 15:06:43','2014-10-07 15:06:43',5,5,'',' 31-48-98, 68-26-35','','','',''),(362,'Кафе «Место встречи»','общепит, караоке, живая музыка, трансляции спортивных матчей. пн.-ср. с 12-00 до 23-00, чт.-сб. с 12-00 до 02-00, вс. с 12-00 до 23-00','1800-01-01 00:00:00','',15,124,1,0,'2013-10-07 15:06:00','2014-10-07 15:06:00',10,10,'',' (4812) 44-05-09','','','',''),(363,'Кафе «Житомир»','общественное питание. Без выходных','1800-01-01 00:00:00','\0',15,125,1,0,'2013-10-07 15:06:43','2014-10-07 15:06:43',5,5,'',' (4812) 63-23-50','','с 9-00 до 00-00','',''),(364,'Кафе «Фантазия»','','1800-01-01 00:00:00','\0',15,126,1,0,'2013-10-07 15:06:43','2014-10-07 15:06:43',10,10,'',' (4812) 31-70-70','','с 12-00 до 01-00, без выходных','',''),(365,'Бар «Татьяна»','общественное питание. пн.-чт. с 11-00 до 14-00. пт.-сб. с 12-00 до 04-00','1800-01-01 00:00:00','\0',15,127,1,0,'2013-10-07 15:06:43','2014-10-07 15:06:43',5,5,'',' (4812) 61-03-60','','без выходных','',''),(366,'Кафе «У Петровича»','общественное питание. круглосуточно','1800-01-01 00:00:00','\0',15,128,1,0,'2013-10-07 15:06:43','2014-10-07 15:06:43',5,5,'',' (4812) 63-21-20','','','',''),(367,'РК Центрифуга','боулинг, ресторан, бар. Без выходных','1800-01-01 00:00:00','\0',15,129,1,0,'2013-10-07 15:06:43','2014-10-07 15:06:43',3,3,'',' (4812) 66-44-55','','','',''),(368,'Прага','кафе-кондитерская','1800-01-01 00:00:00','\0',15,130,1,0,'2013-10-07 15:06:43','2014-10-07 15:06:43',10,10,'',' (4812) 65-22-49, 40-62-37','','с 10-00 до 23-00, без выходных','',''),(369,'Кафе «Соловьиная Роща»','Без выходных','1800-01-01 00:00:00','\0',15,131,1,0,'2013-10-07 15:06:43','2014-10-07 15:06:43',10,10,'',' (4812) 31-43-81','','с 12-00 до 02-00','',''),(370,'Кафе «Галина»','Без выходных','1800-01-01 00:00:00','\0',15,132,1,0,'2013-10-07 15:06:43','2014-10-07 15:06:43',10,10,'',' (4812) 31-43-81','','с 12-00 до 02-00','',''),(371,'Кафе-бар «Черная Каракатица»','понедельник-выходной','1800-01-01 00:00:00','\0',15,133,1,0,'2013-10-07 15:06:43','2014-10-07 15:06:43',10,10,'',' (4812) 69-69-47','','с 19-00 до 06-00','',''),(372,'Клуб «Слава»','Дискотека, бар, кофейня. Клуб с 22-00 до 6-00, кофейня с 10-00 до 23-00','1800-01-01 00:00:00','\0',15,134,1,0,'2013-10-07 15:06:43','2014-10-07 15:06:43',10,10,'','8-951-690-04-44','','без выходных','',''),(373,'Ресторан «Суши с умом»','Японская кухня','1800-01-01 00:00:00','\0',15,135,1,0,'2013-10-07 15:06:43','2014-10-07 15:06:43',7,7,'',' 60-55-99','','с 11-00 до 3-00, без выходных','',''),(374,'Кафе «Мельница»','круглосуточно','1800-01-01 00:00:00','\0',15,136,1,0,'2013-10-07 15:06:43','2014-10-07 15:06:43',10,10,'',' 40-80-80, 27-01-04','','','',''),(375,'Творческая группа «Art Zoom»','Фото и видеосъемка торжеств, организация мероприятий, звуковое и световое оборудование. С 9-00 до 21-00, без выходных','1800-01-01 00:00:00','\0',15,139,1,0,'2013-10-07 15:06:43','2014-10-07 15:06:43',10,10,'',' 8 905 160 51 68, 8 951 701 33 28','','','',''),(376,'тел. 68-32-47','','1800-01-01 00:00:00','\0',15,141,1,0,'2013-10-07 15:06:43','2014-10-07 15:06:43',7,7,'','','','','',''),(377,'Кафе СССР','','1800-01-01 00:00:00','\0',15,142,1,0,'2013-10-07 15:06:43','2014-10-07 15:06:43',10,10,'',' 38-24-22','','с 11-00 до 01-00 (без выходных)','',''),(378,'Кафе «Парадиз»','Общественное питание','1800-01-01 00:00:00','\0',15,144,1,0,'2013-10-07 15:06:43','2014-10-07 15:06:43',5,5,'',' (48134) 2-57-97','','с 10-00 до 24-00 без выходных','',''),(379,'ООО «Центр Ортопедии Плюс»','изготовление протезов верхних и нижних конечностей. пн.-пт. с 8.00 до 16.00. сб., вс. - выходной','1800-01-01 00:00:00','\0',16,145,1,0,'2013-10-07 15:06:43','2014-10-07 15:06:43',3,3,'',' (4812) 68-18-04, 41-02-15','','','',''),(381,'«Коралл»','парикмахерские услуги. пн.-пт. с 09-00 до 18-00. сб., вс. с 10-00 до 16-00','1800-01-01 00:00:00','\0',16,147,1,0,'2013-10-07 15:06:43','2014-10-07 15:06:43',5,5,'',' 9-951-696-72-92','','','',''),(382,'Салон-парикмахерская «Эллис»','парикмахерские услуги, солярий, маникюр, педикюр, депиляция','1800-01-01 00:00:00','\0',16,148,1,0,'2013-10-07 15:06:43','2014-10-07 15:06:43',5,5,'',' (4812) 41-35-05','','с 10-00 до 19-00','',''),(383,'Евгения','стоматологические услуги. пн.-пт. с 9-00 до 19-00, сб. с 10-00 до 14-00. воскресенье – выходной','1800-01-01 00:00:00','\0',16,149,1,0,'2013-10-07 15:06:43','2014-10-07 15:06:43',3,3,'',' (4812) 55-61-78','','','',''),(384,'Юридический кабинет Белоглазова А.А.','юридические услуги. суббота, воскресенье - выходные','1800-01-01 00:00:00','\0',16,150,1,0,'2013-10-07 15:06:43','2014-10-07 15:06:43',5,5,'',' 8-920-660-57-12','','с 9-00 до 18-00','',''),(385,'Юридическое партнёрство Баринов Иванов Карпеченков','юридическое сопровождение бизнеса, оказание юридической помощи гражданам. суббота, воскресенье - выходные','1800-01-01 00:00:00','\0',16,151,1,0,'2013-10-07 15:06:43','2014-10-07 15:06:43',20,20,'','/факс (4812) 35-89-00','','с 9-00 до 18-00','',''),(386,'Желтое такси','','1800-01-01 00:00:00','\0',16,152,1,0,'2013-10-07 15:06:43','2014-10-07 15:06:43',0,0,'',' 30-00-00','','','',''),(387,'Студия красоты ЛеКа','все виды парикмахерских услуг','1800-01-01 00:00:00','\0',16,153,1,0,'2013-10-07 15:06:43','2014-10-07 15:06:43',10,10,'',' 38-83-98; 55-40-50','','с 10-00 до 21-00, без перерывов и выходных','',''),(388,'Уборка+','','1800-01-01 00:00:00','\0',16,154,1,0,'2013-10-07 15:06:43','2014-10-07 15:06:43',10,10,'',' 8-951-694-89-59','','с 9-00 до 20-00, без выходных','',''),(389,'СООО КФК БФ(Башня Феникса)','Проведение и организация шоу. режим работы свободный','1800-01-01 00:00:00','\0',16,155,1,0,'2013-10-07 15:06:43','2014-10-07 15:06:43',5,5,'',' 8-903-698-39-06, 40-57-67','','','',''),(391,'Смоленский Центр Права и Социологии','юридические услуги, социологические исследования. суббота, воскресенье - выходной','1800-01-01 00:00:00','\0',16,157,1,0,'2013-10-07 15:06:43','2014-10-07 15:06:43',10,10,'',' (4812) 33-04-56','','с 9-00 до 19-00','',''),(392,'Консалтинговое агентство «Бизнес и право»','Оказание юридических и бухгалтерских услуг. воскресенье - выходной','1800-01-01 00:00:00','\0',16,158,1,0,'2013-10-07 15:06:43','2014-10-07 15:06:43',10,10,'',' 33-03-63, 33-03-62, 66-27-38','','с 9-00 до 18-00','',''),(393,'Центр Детского Развития «Академия Детства»','Обучение. пн-пт.с 9-00 до20-00, сб.9-00 до 13-00. выходной - воскресенье','1800-01-01 00:00:00','\0',16,159,1,0,'2013-10-07 15:06:43','2014-10-07 15:06:43',5,5,'',' 40-66-42','','','',''),(394,'Центр Снижения веса «Борменталь»','Психологические услуги. Пн.-сб.: с 10-00 до 20-00. выходной - воскресенье','1800-01-01 00:00:00','\0',16,160,1,0,'2013-10-07 15:06:43','2014-10-07 15:06:43',5,5,'',' 608-806','','','',''),(395,'ООО Автошкола «AUTODRIVE»','пн., ср., пт.: с 18-00 до 20-00','1800-01-01 00:00:00','\0',16,161,1,0,'2013-10-07 15:06:43','2014-10-07 15:06:43',8,8,'',' 40-75-25, 40-74-94','','','',''),(396,'Мастерская красоты Ольги Хоминской «CHAMPAGNE»','Имиджевые услуги. Тел. 40-98-80. С 10-00 до 20-00. Вс. 11-00 до 19-00. Без выходных','1800-01-01 00:00:00','\0',16,162,1,0,'2013-10-07 15:06:43','2014-10-07 15:06:43',25,25,'','','','','',''),(397,'ООО «Автограф 67»','Автошкола. Тел. 63 30 03. Пн-сб с 9-00 до 20-00, вых.- воскресенье','1800-01-01 00:00:00','\0',16,163,1,0,'2013-10-07 15:06:43','2014-10-07 15:06:43',5,5,'','','','','',''),(398,'ООО «Ремикс»','Юридические услуги и услуги по оформлению недвижимости','1800-01-01 00:00:00','\0',16,164,1,0,'2013-10-07 15:06:43','2014-10-07 15:06:43',5,5,'',' 35-26-02','','с 10-00 до 18-00, вых.: воскресенье','',''),(399,'ИП Ястребов С.М','Грузоперевозки','1800-01-01 00:00:00','\0',16,165,1,0,'2013-10-07 15:06:43','2014-10-07 15:06:43',10,10,'',' 8 919 048 00 01','','с 9-00 до 18-00','',''),(400,'ИП Михайлов А.Е.','Разработка ПО, консультации в сфере ИТ','1800-01-01 00:00:00','\0',16,166,1,0,'2013-10-07 15:06:43','2014-10-07 15:06:43',10,10,'',' 8 910 580 51 03','','с 9-00 до 20-00, вых.: воскресенье','',''),(401,'Юридический кабинет «Аспект права»','Оказание юридических услуг. вых.: суббота, воскресенье','1800-01-01 00:00:00','\0',16,167,1,0,'2013-10-07 15:06:43','2014-10-07 15:06:43',5,5,'',' 60-62-20, 63-14-16','','с 10-00 до 19-00','',''),(402,'Адвокатский кабинет','Юридическая помощь по гражданским и уголовным делам. Тел. 68-34-43, 8 (910) 789-78-25. вых.: суббота, воскресенье','1800-01-01 00:00:00','\0',16,168,1,0,'2013-10-07 15:06:43','2014-10-07 15:06:43',20,20,'','','','с 9-00 до 18-00','',''),(403,'Группа компаний Восток','«Центр возвратов долгов». Коллекторское агентство. вых.: суббота, воскресенье','1800-01-01 00:00:00','\0',16,169,1,0,'2013-10-07 15:06:43','2014-10-07 15:06:43',5,5,'',' 27-12-96, 63-03-24','','с 9-00 до 17-00','',''),(404,'ООО «Мир Проката»','Продажа ,прокат и ремонт велосипедов','1800-01-01 00:00:00','\0',16,170,1,0,'2013-10-07 15:06:43','2014-10-07 15:06:43',5,5,'',' 40-54-28','','с 10-00 до 23-00, без выходных','',''),(405,'ООО Юридическая фирма «Ареопаг»','Все виды юридических (правовых) услуг. вых.воскресенье','1800-01-01 00:00:00','\0',16,171,1,0,'2013-10-07 15:06:43','2014-10-07 15:06:43',10,10,'','89516962849','','с 10-00 до 19-00','',''),(406,'Центр юридической помощи населения','','1800-01-01 00:00:00','\0',16,172,1,0,'2013-10-07 15:06:43','2014-10-07 15:06:43',10,10,'',' 8(904) 364-54-00','','с 10-00 до 19-00, без выходных','',''),(407,'ООО \"ТрансАвто\"','Грузоперевозки для физических лиц','1800-01-01 00:00:00','\0',16,173,1,0,'2013-10-07 15:06:43','2014-10-07 15:06:43',10,10,'',' 8 (905) 160-33-79,  33-01-79, 60-69-67','','с с 8-00 до 18-00, без выходных','',''),(408,'Агентство недвижимости «Проспект»','Недвижимость, юр. услуги. с9-00 до 18-00. Вых.: воскресенье','1800-01-01 00:00:00','\0',16,174,1,0,'2013-10-07 15:06:43','2014-10-07 15:06:43',10,10,'',' 60-30-15, 8-920-662-3333','','','',''),(409,'«Мир Балконов»','Остекление балконов, лождий, окна ПВХ. Вых.: воскресенье','1800-01-01 00:00:00','\0',16,175,1,0,'2013-10-07 15:06:43','2014-10-07 15:06:43',5,5,'',' 38-16-83, 68-60-70','','с 9-00 до 17-00','',''),(410,'Агентство образовательных услуг','“StepbyStep”. 8 908 281 00 23. С 10-00 до 18-00. Вых.: суб., воскресенье.','1800-01-01 00:00:00','\0',16,176,1,0,'2013-10-07 15:06:43','2014-10-07 15:06:43',7,7,'','64-33-62','','','',''),(411,'Адвокатский кабинет Зверькова И.С.','Юридические услуги','1800-01-01 00:00:00','\0',16,177,1,0,'2013-10-07 15:06:43','2014-10-07 15:06:43',30,30,'',' (4812) 64-72-11, 69-27-60','','с 8-00 до 18-00','',''),(412,'FRESH ART, студия ногтевой эстетики','ногтевой сервис, солярий, наращивание волос, обучение. воскр.: с 10-00 до 17-00','1800-01-01 00:00:00','\0',16,178,1,0,'2013-10-07 15:06:43','2014-10-07 15:06:43',10,10,'',' (4812) 60-52-22','','с 10-00 до 21-00,','',''),(413,'Мир Безопасности','продажа оборудования систем безопасности. вых.: суббота, воскресенье. вых.: воскресенье','1800-01-01 00:00:00','\0',17,179,1,0,'2013-10-07 15:06:43','2014-10-07 15:06:43',5,5,'',' (4812) 61-10-40, 40-55-25, : (4812) 55-15-39, 40-36-36','','с 9-00 до 18-00','',''),(415,'Группа охранных предприятий «Восток»','Спутниковая охрана и мониторинг автотранспорта. с9-00 до 17-00. вых. суббота, воскресенье','1800-01-01 00:00:00','\0',17,180,1,0,'2013-10-07 15:06:43','2014-10-07 15:06:43',5,5,'',' 27-12-96, 63-03-24','','','',''),(416,'ООО РКГ Парадигма','оперативная полиграфия. суббота, воскресенье – выходные','1800-01-01 00:00:00','\0',18,181,1,0,'2013-10-07 15:06:43','2014-10-07 15:06:43',5,5,'',' (4812) 69-00-99','','с 9-30 до 18-00','',''),(417,'Печатный салон Print EX','Фото, полиграфия, дизайн. Ул. Кирова, 59. Режим работы: с 11.00 до 19.00, выходной – воскресенье. Телефон: (4812) 40-59-40','1800-01-01 00:00:00','\0',18,182,1,0,'2013-10-07 15:06:43','2014-10-07 15:06:43',10,10,'','','','','',''),(418,'Дизайн студия «Элит»','Дизайн-проекты интерьера, архитектурные макеты, ландшафтный дизайн','1800-01-01 00:00:00','',18,183,1,0,'2013-10-07 15:06:00','2014-10-07 15:06:00',20,20,'',' 8 910 417 27 71, 8 904 361 95 30','','','',''),(419,'«Луиджи Роватти»','Торговля отделочными материалами, студия дизайна. вых.: воскресенье','1800-01-01 00:00:00','\0',18,184,1,0,'2013-10-07 15:06:43','2014-10-07 15:06:43',7,7,'','35-30-40, 35-30-50','','с 10-00 до 19-00','',''),(420,'Мастерская декора «Арагон»','Продажа и нанесение декоративного материала. вых.: воскресенье','1800-01-01 00:00:00','\0',18,185,1,0,'2013-10-07 15:06:43','2014-10-07 15:06:43',5,5,'',' 38-86-68','','с 10-00 до 18-00','',''),(421,'CREATIVE studio design','Реклама, дизайн, производство рекламы, широкофрматная печать. вых.: воскресенье','1800-01-01 00:00:00','\0',18,186,1,0,'2013-10-07 15:06:43','2014-10-07 15:06:43',5,5,'',' (4812) 400-610','','с 9-00 до 18-00','',''),(422,'Студия дизайна «Старлаб»','Веб-дизайн, графический дизайн,. дизайн интерьера. вых. – суббота, воскресенье.','1800-01-01 00:00:00','\0',18,188,1,0,'2013-10-07 15:06:43','2014-10-07 15:06:43',12,12,'',' (4812) 404-331','','с 10-00 до 18-00,','',''),(423,'Студия Дизайна «L.I.Studio»','Дизайн интерьера. С 9-30 до 18-30. вых.: воскресенье','1800-01-01 00:00:00','\0',18,189,1,0,'2013-10-07 15:06:43','2014-10-07 15:06:43',5,5,'',' 89203300455, 89206666161','','','',''),(424,'Дизайн-студия «Creative group»','Графический дизайн. Вых.: суббота, воскресенье','1800-01-01 00:00:00','\0',18,190,1,0,'2013-10-07 15:06:43','2014-10-07 15:06:43',5,5,'',' 38-38-41','','с 10-00 до 18-00','',''),(425,'Магазин «Ла Стелла»','Розничная торговля парфюмерией и косметикой. воскр.: с 11-00 до 17-00','1800-01-01 00:00:00','\0',19,192,1,0,'2013-10-07 15:06:43','2014-10-07 15:06:43',10,10,'',' 38-85-28','','с 10-00 до 19-00,','',''),(426,'«Мыломания»','Натуральная косметика','1800-01-01 00:00:00','\0',19,193,1,0,'2013-10-07 15:06:43','2014-10-07 15:06:43',10,10,'',' 63-02-50','','с 10-00 до 20-00, без выходных','',''),(427,'Bon Jolli','Продажа косметики','1800-01-01 00:00:00','\0',19,194,1,0,'2013-10-07 15:06:43','2014-10-07 15:06:43',10,10,'','','','с 10-00 до 20-00, без выходных','',''),(428,'Салон-магазин «Аксент»','Сумки, портмоне продажа. «ТЦ Европа» 2 эт.. 8 (920) 300-30-13. С 10-00 до 20-00','1800-01-01 00:00:00','\0',20,195,1,0,'2013-10-07 15:06:43','2014-10-07 15:06:43',10,10,'','','','','',''),(429,'Ветеринарная клиника Биотех','ветеринарные услуги, лабораторная диагностика','1800-01-01 00:00:00','\0',21,196,1,0,'2013-10-07 15:06:43','2014-10-07 15:06:43',10,10,'','41-76-55, 41-76-71','','с 9-00 до 18-00, без выходных','',''),(430,'Магазин «Мадагаскар»','','1800-01-01 00:00:00','\0',21,197,1,0,'2013-10-07 15:06:43','2014-10-07 15:06:43',5,5,'',' 8951 718 99 66','','с 10-00 до 19-00, без выходных','',''),(431,'Fashion Dog','ТЦ Юнона. Одежда и аксессуары для животных','1800-01-01 00:00:00','\0',21,198,1,0,'2013-10-07 15:06:43','2014-10-07 15:06:43',5,5,'',' 8 920 661 88 48','','с 9-00 до 21-00, без выходных','',''),(432,'воскресенье - выходной','','1800-01-01 00:00:00','\0',22,200,1,0,'2013-10-07 15:06:43','2014-10-07 15:06:43',5,5,'','','','','',''),(433,'Синий Зелёный','оформление праздников воздушными шарами. пн.-пт. с 10-00 до 19-00, сб. с 10-00 до 15-00. воскресенье - выходной','1800-01-01 00:00:00','\0',22,201,1,0,'2013-10-07 15:06:43','2014-10-07 15:06:43',5,5,'',' (4812) 40-49-95','','','',''),(434,'Агентство организации праздников «Fun»','Организация и проведение праздников','1800-01-01 00:00:00','\0',22,202,1,0,'2013-10-07 15:06:43','2014-10-07 15:06:43',5,5,'',' 40-48-25, 8905 699 59 00','','с 9-00 до 20-00, без выходных','',''),(435,'ООО «Экспресс-Тур»','туристическое агентство. пн.-пт. с 10-00 до 18-00, вс. с 10-00 до 15-00. суббота - выходной','1800-01-01 00:00:00','\0',23,203,1,0,'2013-10-07 15:06:43','2014-10-07 15:06:43',10,10,'',' (48131) 4-27-81','','','',''),(436,'«Партизан»','оружейный магазин','1800-01-01 00:00:00','\0',23,204,1,0,'2013-10-07 15:06:43','2014-10-07 15:06:43',5,5,'',' (4812) 65-09-35, 54-05-44','','с 10-00 до 19-00, без выходных','',''),(437,'«Веранда», велнесс клуб','термальный комплекс, SPA-центр, ресторан, фитнес-студия, аква-зона. пн.: с 16-00 до 22-00, вт.-вс.: с 11-00 до 22-00, без выходных','1800-01-01 00:00:00','\0',23,205,1,0,'2013-10-07 15:06:43','2014-10-07 15:06:43',0,0,'','(4812) 41-95-59, 67-21-79','','','',''),(439,'Фэншуй-студия «Белый аист»','м-н «Сувениры», консультации по фэншуй. воскресенье,понедельник - выходные','1800-01-01 00:00:00','\0',23,207,1,0,'2013-10-07 15:06:43','2014-10-07 15:06:43',5,5,'',' 9-915-641-77-98, (4812) 46-28-39','','с 11-00 до 19-00','',''),(440,'Пегас-Туристик','туристическое агентство. выходной: воскресенье','1800-01-01 00:00:00','\0',23,208,1,0,'2013-10-07 15:06:43','2014-10-07 15:06:43',5,5,'',' (4812) 35-26-01','','с 10-00 до 19-00','',''),(441,'Город-Ключ','туристическое агентство. выходной: воскресенье','1800-01-01 00:00:00','\0',23,209,1,0,'2013-10-07 15:06:43','2014-10-07 15:06:43',0,0,'',' (4812) 38-00-40, 64-37-23','','с 10-00 до 19-00','',''),(442,'Ваш Отдых','туристическое агентство. пн.-пт. с 10-00 до 17-00, сб. с 11-00 до 16-00. выходной: воскресенье','1800-01-01 00:00:00','\0',23,210,1,0,'2013-10-07 15:06:43','2014-10-07 15:06:43',5,5,'',' 8-904-363-75-24, 8-904-361-25-25','','','',''),(443,'Клиника 911','стоматологическая клиника','1800-01-01 00:00:00','\0',23,211,1,0,'2013-10-07 15:06:43','2014-10-07 15:06:43',5,5,'',' (4812) 35-45-65,35-43-35','','с 9-00 до 21-00, без выходных','',''),(444,'Клуб боевых искусств «Сапсан»','спортивная организация. пн.-пт. с 8-00 до 22-00. суббота, воскресенье – выходной','1800-01-01 00:00:00','\0',23,206,1,0,'2013-10-07 15:06:43','2014-10-07 15:06:43',10,10,'',' 8-920-301-55-73, 8-951-696-05-62','','','',''),(446,'Отдыхай\'ка','весь спектр туристических услуг. Телефон: (4812) 59-92-88, 8 (915) 657-42-62. пн.-пт. с 10-00 до 19-00,сб. с 11-00 до 15-00. вс. – выходной','1800-01-01 00:00:00','\0',23,212,1,0,'2013-10-07 15:06:43','2014-10-07 15:06:43',0,0,'','','','','',''),(447,'«Оазис-Тур». Туристическое агентство','Режим работы: с 10.00 до 19.00, выходной – воскресенье.. Телефон: (4812) 59-92-88, 8 (915) 657-42-62','1800-01-01 00:00:00','\0',23,213,1,0,'2013-10-07 15:06:43','2014-10-07 15:06:43',5,5,'','','','','',''),(448,'«E travel». Туристические услуги','Режим работы: с 10.00 до 18.00, суббота – с 10.00 до 15.00, выходной – воскресенье.. Телефон: (4812) 60-26-00, 60-27-00','1800-01-01 00:00:00','\0',23,214,1,0,'2013-10-07 15:06:43','2014-10-07 15:06:43',5,5,'','','','','',''),(449,'Турагентство \"Кругосвет\"','Туристические услуги. пн-пт с 10-00 до 18-00, суб. с 10-00 до 15-00, вых. воскресенье','1800-01-01 00:00:00','\0',23,215,1,0,'2013-10-07 15:06:43','2014-10-07 15:06:43',3,3,'',' ( 48142) 2-29-92','','','',''),(450,'Туристическое агентство «ЗдравТур»','Отдых, лечение и оздоровление в Беларуси, России, Украине, Европе и по всему миру. режим работы: с 10-00 до 18-00, вых. воскресенье','1800-01-01 00:00:00','\0',23,216,1,0,'2013-10-07 15:06:43','2014-10-07 15:06:43',2,2,'',' 64-63-20, 38-83-84','','','',''),(451,'Дайв-клуб «ОКТОПУС»','Дайвинг, подводная охота, продажа оборудования. Тел. (4812) 67-13-67','1800-01-01 00:00:00','\0',23,217,1,0,'2013-10-07 15:06:43','2014-10-07 15:06:43',13,13,'','','','с 10-30 до 19-00, вых.: суббота, воскресенье','',''),(452,'Оздоровительный центр «Здоровье от природы»','Оздоровительные и SPA процедуры, массаж, солярий, косметология','1800-01-01 00:00:00','\0',23,218,1,0,'2013-10-07 15:06:43','2014-10-07 15:06:43',7,7,'',' 38-25-50','','с 10-00 до 20-00, вых. воскресенье','',''),(453,'Магазин «Здоровье от природы»','Розничная торговля натуральной оздоровительной продукцией. Багратионовский рынок пав.25','1800-01-01 00:00:00','\0',23,219,1,0,'2013-10-07 15:06:43','2014-10-07 15:06:43',5,5,'',' 38-49-44, 62-11-15','','с 10-00 до 19-00, без выходных','',''),(454,'Туристическое агентство TUI','бульвар Гагарина д 2/9. пн-пт с 10-00 до 19-00, суб. с 11-00 до 15-00, вых.- воскресенье','1800-01-01 00:00:00','\0',23,220,1,0,'2013-10-07 15:06:43','2014-10-07 15:06:43',4,4,'','','','','',''),(455,'ООО ТК «РегионТур»','Туристическая компания. пн-пт.: с 10-00 до 19-00, сб.: с 10-00 до 15-00, вых.: вс.','1800-01-01 00:00:00','\0',23,221,1,0,'2013-10-07 15:06:43','2014-10-07 15:06:43',3,3,'','','','','',''),(456,'Туристическое агентство «Клуб путешествий»','пн.-пт.: С10-00 до 17-00, сб: с 11-00 до 17-00, вых.: вс','1800-01-01 00:00:00','\0',23,222,1,0,'2013-10-07 15:06:43','2014-10-07 15:06:43',3,3,'',' 320-740','','','',''),(457,'Туристическая компания \"ЭКЗОТИКА\"','режим работы: пн- сб, с 10:00 до 19:00, вых. - воскресение','1800-01-01 00:00:00','\0',23,223,1,0,'2013-10-07 15:06:43','2014-10-07 15:06:43',3,3,'',' 61-27-32','','','',''),(458,'Туристическое агентство \"Лазурный берег\"','режим работы: пн – пт, с 10:00 – 19:00, сб с 10:00 – 15:00, вых. вс','1800-01-01 00:00:00','\0',23,224,1,0,'2013-10-07 15:06:43','2014-10-07 15:06:43',5,5,'','','','','',''),(459,'Туристическое агентство \"НиЛ\"','режим работы с 10 до 19, вых.- воскресенье, тел: 32-78-11','1800-01-01 00:00:00','\0',23,225,1,0,'2013-10-07 15:06:43','2014-10-07 15:06:43',4,4,'','','','','',''),(460,'Туристическое агентство \"Престиж\"','режим работы пн- пт с 10:00 до 18:00, сб. с 11:00 до 15:00, вых.-воскресенье. тел: 59-46-73, 40-30-63','1800-01-01 00:00:00','\0',23,226,1,0,'2013-10-07 15:06:43','2014-10-07 15:06:43',5,5,'','','','','',''),(461,'ООО \"Экскурсионное агентство \"Обзор\"','экскурсионные туры по Европе, отдых за границей. 15:00,вс - вых.. тел:38-16-51, 8-951-715-95-35','1800-01-01 00:00:00','\0',23,227,1,0,'2013-10-07 15:06:43','2014-10-07 15:06:43',3,3,'','','','','',''),(462,'Туристическое агентство \"Веста-тур\"','','1800-01-01 00:00:00','\0',23,228,1,0,'2013-10-07 15:06:43','2014-10-07 15:06:43',4,4,'',' 68-38-43, 68-40-43','','','',''),(463,'Турагентство \"Клуб путешествий\"','внутренний и выездной туризм. Тел.: (4812) 38-58-48, 644-835. Режим работы: с 10.00-19.00. сб: с 11.00-17.00, вс - выходной','1800-01-01 00:00:00','\0',23,229,1,0,'2013-10-07 15:06:43','2014-10-07 15:06:43',3,3,'','','','','',''),(464,'Магазин «М-Люкс» торговый отдел «Травница»','Товары для красоты и здоровья','1800-01-01 00:00:00','\0',23,230,1,0,'2013-10-07 15:06:43','2014-10-07 15:06:43',7,7,'',' 8-903-649-09-01','','с 10-00 до 20-00 ( воскр. с 11-00 до 17-00)','',''),(466,'«Мир бильярда»','Бильярды и аксессуары. (ТБЦ Кривич). С 11-00 до 19-00(вых – воскресенье)','1800-01-01 00:00:00','\0',23,232,1,0,'2013-10-07 15:06:43','2014-10-07 15:06:43',5,5,'','63-67-78; 63-15-55','','','',''),(467,'Йога-студия «Рыба-Эге»','','1800-01-01 00:00:00','\0',23,233,1,0,'2013-10-07 15:06:43','2014-10-07 15:06:43',10,10,'',' 65-39-01','','с 9-00 до 21-00, без выходных','',''),(468,'ООО «ЦСО»','Кабинет экспресс – диагностики. Обследование организма, консультации специалистов. Пол-ка№1 каб.№11. суб. с 10-00 до14-00 (вых. - воскресенье)','1800-01-01 00:00:00','\0',23,234,1,0,'2013-10-07 15:06:43','2014-10-07 15:06:43',5,5,'',' 38-48-74','','с 10-00 до 18-00','',''),(469,'Туристическое агентство «Горячие туры»','Туристическое агентство. пн.-сб. с 11-00 до 19-00. вых. воскресенье','1800-01-01 00:00:00','\0',23,235,1,0,'2013-10-07 15:06:43','2014-10-07 15:06:43',5,5,'',' 38-10-97, 40-41-93','','','',''),(470,'Все для саун','Продажа материалов и аксессуаров для саун','1800-01-01 00:00:00','\0',23,236,1,0,'2013-10-07 15:06:43','2014-10-07 15:06:43',5,5,'',' (4812) 31-17-32','','с 10-00 до 19-00, без выходных','',''),(471,'Спортивный клуб «Lady Fitness»','Абонемент на групповые занятия. ДБ «Гамаюн» 6 этаж. суббота с11-00 до 15-00. вых.-воскресенье','1800-01-01 00:00:00','\0',23,237,1,0,'2013-10-07 15:06:43','2014-10-07 15:06:43',5,5,'',' 32-88-28','','с 9-00 до 20-00','',''),(472,'Фитнес-центр «Динамика»','Оказание спортивно-оздоровительных услуг','1800-01-01 00:00:00','\0',23,238,1,0,'2013-10-07 15:06:43','2014-10-07 15:06:43',5,5,'',' (4812) 46-22-18','','с 7-00 до 22-00, без выходных','',''),(473,'Туристическое агентство «СЕМЬ МОРЕЙ»','отдых и экскурсии во всех странах мира. пн-пт - с 10-00 до 19-00. суббота с 10-00 до 15-00. вых.-воскресенье','1800-01-01 00:00:00','\0',23,239,1,0,'2013-10-07 15:06:43','2014-10-07 15:06:43',0,0,'',' (4812) 320-740','','','',''),(474,'Салон путешествий «Поехали вместе»','корпоративные, детские и семейные туры, туры по всему миру. пн.-пт.: с 9-00 до 19-00. сб.: с 9-00 до 18-00. воскр.: с 9-00 до 16-00','1800-01-01 00:00:00','\0',23,240,1,0,'2013-10-07 15:06:43','2014-10-07 15:06:43',3,3,'',' (4812) 38-51-15, 8-951-694-77-47','','','',''),(475,'Смоленский подводный клуб «Мастер Дайвер»','популяризация дайвинга, обучение дайвингу, фридайвинг','1800-01-01 00:00:00','\0',23,242,1,0,'2013-10-07 15:06:43','2014-10-07 15:06:43',5,5,'',' 8 (915) 647-38-37','','с 10-00 до 22-00, без выходных','',''),(476,'ООО \"Лоцман\"','Рекламное Агентство «Лоцман». Полиграфические услуги. выходные – суббота,воскресенье','1800-01-01 00:00:00','\0',24,243,1,0,'2013-10-07 15:06:43','2014-10-07 15:06:43',5,5,'','35-31-28','','с 9-30 до 18-00','',''),(477,'ООО «Супер Типография»','Полиграфические услуги. С 9-00 до 18-00. выходной- суббота, воскресенье','1800-01-01 00:00:00','\0',24,244,1,0,'2013-10-07 15:06:43','2014-10-07 15:06:43',7,7,'',' 38-27-28, 38-89-55.','','','',''),(478,'Рекламное агентство «PAPAYA»','Полиграфия, наружная реклама. (4812) 404-311. С 10-00 до 19-00. вых. суббота, воскресенье','1800-01-01 00:00:00','\0',24,245,1,0,'2013-10-07 15:06:43','2014-10-07 15:06:43',10,10,'','','','','',''),(479,'Рекламно-производственная компания «РЕК.А»','Рекламная деятельность оперативная полиграфия, наружная реклама. вых. суббота, воскресенье','1800-01-01 00:00:00','\0',24,246,1,0,'2013-10-07 15:06:43','2014-10-07 15:06:43',10,10,'',' 20-17-20, 20-17-21','','с 10-00 до 18-00','','');
/*!40000 ALTER TABLE `sales` ENABLE KEYS */;
UNLOCK TABLES;

--
-- Table structure for table `sales_comments`
--

DROP TABLE IF EXISTS `sales_comments`;
/*!40101 SET @saved_cs_client     = @@character_set_client */;
/*!40101 SET character_set_client = utf8 */;
CREATE TABLE `sales_comments` (
  `id` bigint(20) NOT NULL AUTO_INCREMENT,
  `left_key` int(11) NOT NULL,
  `right_key` int(11) NOT NULL,
  `level` int(11) NOT NULL,
  `delete` bit(1) NOT NULL,
  `create_date` datetime NOT NULL,
  `account_id` bigint(20) NOT NULL,
  `text` text NOT NULL,
  `parent_id` bigint(20) DEFAULT NULL,
  `sale_id` bigint(20) NOT NULL,
  PRIMARY KEY (`id`)
) ENGINE=InnoDB DEFAULT CHARSET=utf8;
/*!40101 SET character_set_client = @saved_cs_client */;

--
-- Dumping data for table `sales_comments`
--

LOCK TABLES `sales_comments` WRITE;
/*!40000 ALTER TABLE `sales_comments` DISABLE KEYS */;
/*!40000 ALTER TABLE `sales_comments` ENABLE KEYS */;
UNLOCK TABLES;

--
-- Table structure for table `vacancies`
--

DROP TABLE IF EXISTS `vacancies`;
/*!40101 SET @saved_cs_client     = @@character_set_client */;
/*!40101 SET character_set_client = utf8 */;
CREATE TABLE `vacancies` (
  `id` bigint(20) NOT NULL AUTO_INCREMENT,
  `title` varchar(500) DEFAULT NULL,
  `company_id` bigint(20) DEFAULT NULL,
  `city_id` bigint(20) DEFAULT NULL,
  `contact_person` varchar(600) DEFAULT NULL,
  `contact_phone` varchar(300) DEFAULT NULL,
  `contact_phone2` varchar(100) DEFAULT NULL,
  `compensation1` int(11) DEFAULT NULL,
  `compensation2` int(11) DEFAULT NULL,
  `age1` int(11) DEFAULT NULL,
  `age2` int(11) DEFAULT NULL,
  `sex` int(11) DEFAULT NULL,
  `description` text,
  `responsibility` text,
  `requirements` text,
  `terms` text,
  `work_region_id` bigint(20) DEFAULT NULL,
  `work_city_id` bigint(20) DEFAULT NULL,
  `work_phone` varchar(300) DEFAULT NULL,
  `work_phone2` varchar(100) DEFAULT NULL,
  `work_address` varchar(255) DEFAULT NULL,
  `created` datetime DEFAULT NULL,
  `edited` datetime DEFAULT NULL,
  `views_count` bigint(20) DEFAULT NULL,
  `closed` bit(1) DEFAULT NULL,
  `show_in_banner` bit(1) DEFAULT NULL,
  `account_id` bigint(20) DEFAULT NULL,
  `is_publish` bit(1) DEFAULT NULL,
  `url` varchar(255) DEFAULT NULL,
  PRIMARY KEY (`id`)
) ENGINE=InnoDB AUTO_INCREMENT=244 DEFAULT CHARSET=utf8;
/*!40101 SET character_set_client = @saved_cs_client */;

--
-- Dumping data for table `vacancies`
--

LOCK TABLES `vacancies` WRITE;
/*!40000 ALTER TABLE `vacancies` DISABLE KEYS */;
INSERT INTO `vacancies` VALUES (56,'менеджер',14,1,'Михаил Иванов','458862','1225',60000,0,25,35,0,'тест','тест','тест','тест',1,1,'','','','2013-10-12 15:44:48','2013-10-12 15:44:48',5,'\0','\0',21,'',NULL),(57,'Мерчандайзер с функциями торгового представителя (г. Смоленск)',359,1,'Сергеев Антон','+7 (495)  7339359 доб.2701','',18000,24000,0,0,0,'','Продукция P&amp;G\r\nМерчандайзинг\r\nКонтроль выкладки товара в сетевых магазинах\r\nВедение матрица\r\nВедение ценового листа\r\nВедение переговоров по сотрудничеству и развитию сетей','Опыт работы мерчандайзером/торговым представителем от полугода\r\nНавыки продаж\r\nАктивность&sbquo; коммуникабельность&sbquo; нацеленность на результат','Оформление по ТК РФ\r\nГрафик работы: 5/2 с 9.00 до 18.00',1,1,'','','','2013-10-15 03:54:37','2013-10-15 03:54:37',2,'\0','\0',1,'','http://smolensk.rabota.ru/vacancy33284405.html?vac_page=view'),(58,'грузчик-мерчендайзер',386,1,'Шапка Ольга','+7 (903)  1890026','',14800,0,0,0,0,'','разгрузо-погрузочные работы\r\nвыкладка товара на торговые полки','Вы целеустремленны и умеете работать в команде;\r\nВы готовы учиться и развиваться;\r\nВы коммуникабельны и любите работать с людьми;\r\nВы хотите работать в дружном коллективе;\r\nВы честны и ответственны;\r\nВы гражданин РФ или РБ;','интересная и стабильная работа\r\nразвитие и возможность карьерного роста\r\nдостойное вознаграждение\r\nобучение в Компании\r\nоформление по ТК РФ и по ТД.',1,1,'','','','2013-10-15 03:54:48','2013-10-15 03:54:48',1,'\0','\0',1,'','http://smolensk.rabota.ru/vacancy33661467.html?vac_page=view'),(59,'Продавец-кассир',386,1,'Концевич Екатерина','+7 (968)  9427190','',13700,0,0,0,0,'','консультирование и помощь клиенту в торговом зале\r\nработа на кассе.','Мы с радостью ждем Вас в нашей компании&sbquo;если:\r\nВы целеустремленны и умеете работать в команде;\r\nВы готовы учиться и развиваться;\r\nВы коммуникабельны и любите работать с людьми;\r\nВы хотите работать в дружном коллективе;\r\nВы честны и ответственны.','интересная и стабильная работа&sbquo;\r\nразвитие и возможность карьерного роста&sbquo;\r\nдостойное вознаграждение.\r\nобучение в Компании\r\nоформление по ТК РФ и по ТД.',1,1,'','','','2013-10-15 03:55:11','2013-10-15 03:55:11',1,'\0','\0',1,'','http://smolensk.rabota.ru/vacancy33595364.html?vac_page=view'),(60,'Грузчик-мерчендайзер',386,1,'Концевич Екатерина','+7 (968)  9427190','',14800,0,0,0,0,'','разгрузо-погрузочные работы\r\nвыкладка товара на торговые полки','Вы целеустремленны и умеете работать в команде;\r\nВы готовы учиться и развиваться;\r\nВы коммуникабельны и любите работать с людьми;\r\nВы хотите работать в дружном коллективе;\r\nВы честны и ответственны','интересная и стабильная работа\r\nразвитие и возможность карьерного роста\r\nдостойное вознаграждение\r\nобучение в Компании\r\nоформление по ТК РФ и по ТД.',1,1,'','','','2013-10-15 03:55:31','2013-10-15 03:55:31',0,'\0','\0',1,'','http://smolensk.rabota.ru/vacancy33653087.html?vac_page=view'),(61,'Продавец-кассир',386,1,'Шапка Ольга','+7 (903)  1890026','',13700,0,0,0,0,'','консультирование и помощь клиенту в торговом зале\r\nработа на кассе.','Мы с радостью ждем Вас в нашей компании&sbquo;если:\r\nВы целеустремленны и умеете работать в команде;\r\nВы готовы учиться и развиваться;\r\nВы коммуникабельны и любите работать с людьми;\r\nВы хотите работать в дружном коллективе;\r\nВы честны и ответственны.','интересная и стабильная работа&sbquo;\r\nразвитие и возможность карьерного роста&sbquo;\r\nдостойное вознаграждение.\r\nобучение в Компании\r\nоформление по ТК РФ и по ТД.',1,1,'','','','2013-10-15 03:55:47','2013-10-15 03:55:47',3,'\0','\0',1,'','http://smolensk.rabota.ru/vacancy33635199.html?vac_page=view'),(62,'Начальник отдела продаж',387,1,'Филиал Смоленск','+7 (4812)  450689','',70000,80000,0,0,0,'','Осуществление долгосрочного&sbquo; краткосрочного и оперативного планирования продаж;\r\nПланирование&sbquo; организация&sbquo; управление и контроль работы отдела продаж (руководителей групп магазинов филиала);\r\nАнализ эффективности торговой политики в филиале с использованием имеющихся инструментов оценки;\r\nРазработка и применение инструментов для системного анализа продаж филиала и эффективного управления магазинами;\r\nКонтроль корректности&sbquo; полноты составления бюджета магазинов отделом продаж и контроль исполнения утвержденного бюджета; участие в мероприятиях оценки&sbquo; обучения и развития персонала.','Уверенный пользователь (пакет MS Office&sbquo; электронная почта&sbquo; интернет)\r\nОпыт работы руководителем не ниже начальника Отдела продаж в крупной компании (от 3-х лет); Опыт управления коллективом (планирование работы&sbquo; постановка задач&sbquo; контроль&sbquo; мотивация на результат&sbquo; развитие сотрудников) не менее 3-х лет\r\nЗнание методологии оценки эффективности работы магазина;\r\nНацеленность на результат&sbquo; высокая работоспособность в условиях многозадачности;\r\nВысшее образование;\r\nОбязательно наличие личного автомобиля и готовность использовать в работе','График работы 5/2&sbquo; 8 часовой рабочий день\r\nКорпоративная программа обучения и ввода в должность\r\nновейшие технологии работы&sbquo;\r\nпремия за стаж работы и другие выплаты&sbquo; бесплатные и льготные путевки для сотрудников и членов их семей\r\nвозможность участия в корпоративных пенсионных программах\r\nполучение новых профессиональных навыков\r\nоплата ГСМ&sbquo; оплата сотовой связи.',1,1,'','','','2013-10-15 03:56:33','2013-10-15 03:56:33',0,'\0','\0',1,'','http://smolensk.rabota.ru/vacancy31876845.html?vac_page=view'),(63,'Продавец',387,1,'Смоленский филиал','+7 (4812)  450689','',20000,23500,0,0,0,'','Выкладка товара\r\nконтроль сроков годности\r\nрасстановка ценников\r\nработа за кассой.','Исполнительность\r\nумение работать в команде\r\nвысокая работоспособность\r\nответственность.\r\nприветствуется стремление к обучению&sbquo; развитию и освоению новых технологий.','График 2/2&sbquo; 12 часовой рабочий день\r\nкорпоративная программа обучения и ввода в должность\r\nновейшие технологии работы\r\nпремия за стаж работы и другие выплаты\r\nбесплатные и льготные путевки для сотрудников и членов их семей.\r\nработа рядом с домом.',1,1,'','','','2013-10-15 03:56:47','2013-10-15 03:56:47',0,'\0','\0',1,'','http://smolensk.rabota.ru/vacancy30894267.html?vac_page=view'),(64,'Товаровед магазина',387,1,'Филиал Смоленск','+7 (4812)  450689','',27000,32500,0,0,0,'','Организация и контроль приемки&sbquo; выкладки товара&sbquo; контроль количества&sbquo; качества и сроков реализации','Уверенный пользователь ПК.\r\nПриветствуется опыт в аналогичной должности от 1-го года.\r\nОпыт управления коллективом желателен\r\nОбразование не ниже средне &mdash; профессионального','График 2/2&sbquo; 12 часовой рабочий день.\r\nКорпоративная программа обучения и ввода в должность\r\nновейшие технологии работы\r\nпремии за стаж работы и другие выплаты\r\nбесплатные и льготные путевки для сотрудников и членов их семей\r\nвозможность участия в корпоративных пенсионных программах.',1,1,'','','','2013-10-15 03:57:00','2013-10-15 03:57:00',0,'\0','\0',1,'','http://smolensk.rabota.ru/vacancy30894554.html?vac_page=view'),(65,'Директор магазина',387,1,'Филиал Смоленск','+7 (4812)  450689','',45000,53500,0,0,0,'','Организация эффективной и бесперебойной работы магазина\r\nкоординация и контроль работы персонала магазина\r\nорганизация обучения персонала\r\nформирование кадрового резерва\r\nорганизация и проведение инвентаризаций\r\nконтроль правильности учета товаров.','Уверенный пользователь ПК (офисные программы-Word&sbquo; Excel&sbquo; эл.почта).\r\nОпыт управления подчиненными не менее 1-го года&sbquo;\r\nОбразование не ниже средне-специального (приветствуется специализация экономики&sbquo; коммерции&sbquo; товароведения&sbquo; менеджмента)&sbquo;\r\nГотовность соблюдать и транслировать нормы и правила компании.','График работы 5/2&sbquo; 8-часовой рабочий день.\r\nКорпоративная программа обучения и ввода в должность\r\nновейшие технологии работы\r\nпремия за стаж работы и другие выплаты\r\nбесплатные и льготные путевки для сотрудников и членов их семей\r\nвозможность участия в корпоративных пенсионных программах&sbquo; получение новых профессиональных навыков.',1,1,'','','','2013-10-15 03:57:12','2013-10-15 03:57:12',0,'\0','\0',1,'','http://smolensk.rabota.ru/vacancy30894583.html?vac_page=view'),(66,'Супервайзер',387,1,'Филиал Смоленск','+7 (4812)  450689','',45000,55000,0,0,0,'','Управление группой розничных магазинов (7-12 объектов): выполнение планов продаж&sbquo; снижение издержек;\r\nАнализ эффективности работы магазинов&sbquo; разработка и внедрение мероприятий для повышения их эффективности;\r\nКонтроль соблюдения технологий и стандартов работы магазинов;\r\nУправление персоналом: контроль графиков работ&sbquo; обучения и развития&sbquo; начисления з\\п\r\nСоставление бюджета магазинов и контроль исполнения бюджета','Владение ПК на уровне уверенного пользователя (пакет MS Office&sbquo; электронная почта&sbquo; интернет);\r\nОпыт управления системой через подчиненных.\r\nВысшее образование;\r\nОбязательно наличие личного автомобиля и готовность использовать в работе;','График работы 5/2&sbquo; 09:00 до 18:00\r\nКорпоративная программа обучения и ввода в должность\r\nновейшие технологии работы\r\nпремия за стаж работы и другие выплаты\r\nбесплатные и льготные путевки для сотрудников и членов их семей\r\nвозможность участия в пенсионных корпоративных программах\r\nкомпенсации амортизации автомобиля&sbquo; ГСМ.',1,1,'','','','2013-10-15 03:57:28','2013-10-15 03:57:28',2,'\0','\0',1,'','http://smolensk.rabota.ru/vacancy30894601.html?vac_page=view'),(67,'Кассир-операционист',387,1,'Филиал Смоленск','+7 (4812)  450095','',18500,24000,0,0,0,'','Обеспечение качественного&sbquo; эффективного расчета покупателей&sbquo; создание доброжелательной атмосферы для совершения покупок.','Опыт работы с ПК -желательно пользователь MS Office\r\nОпыт работы на кассе приветствуется.\r\nВнимательность&sbquo; доброжелательность&sbquo; коммуникабельность&sbquo; готовность к обучению.','Сменный график работы (2/2&sbquo; 3/3&sbquo; 4/2)\r\nКорпоративная программа обучения и ввода в должность\r\nновейшие технологии работы\r\nпремия за стаж работы и другие выплаты\r\nбесплатные и льготные путевки для сотрудников и членов их семей\r\nвозможность участия в корпоративных пенсионных программах\r\nбесплатное питание\r\nграфик работы по выбору&sbquo; работа рядом с домом.',1,1,'','','','2013-10-15 03:57:43','2013-10-15 03:57:43',1,'\0','\0',1,'','http://smolensk.rabota.ru/vacancy31791526.html?vac_page=view'),(68,'Бухгалтер финансового контроля',387,1,'Филиал Смоленск','+7 (4812)  450689','',16500,17000,0,0,0,'','Контроль за движением денежных средств и материальных ценностей филиала&sbquo; за полнотой выполнения и своевременностью исполнения финансовых обязательств.\r\nСоставление и контроль исполнения бюджета.','Уверенный пользователь офисных программ (Word/Excel)&sbquo; 1С&sbquo; версия 8&sbquo;2\r\nОпыт от 1 года\r\nАналитический склад мышления\r\nвысокая работоспособность\r\nинициативность','5/2&sbquo; 8-часовой рабочий день\r\nкорпоративная программа обучения и ввода в должность\r\nновейшие технологии работы\r\nпремия за стаж работы и другие выплаты\r\nбесплатные и льготные путевки для сотрудников и членов их семей\r\nвозможность участия в пенсионных корпоративных программах',1,1,'','','','2013-10-15 03:58:04','2013-10-15 03:58:04',0,'\0','\0',1,'','http://smolensk.rabota.ru/vacancy31944380.html?vac_page=view'),(69,'Заместитель директора гипермаркета',387,1,'Филиал Смоленск','+7 (4812)  450094','',34000,42000,0,0,0,'','Организация и контроль работы всех подразделений ГМ\r\nкоординация действий сотрудников смежных служб\r\nконтроль за выполнением утверждённых стандартов&sbquo; соблюдением и исполнением технологий&sbquo; утвержденных БП.\r\nФормирование отчетности по итогам работы подразделения','Опытный пользователь MS Office\r\nжелателен опыт работы в программах складского учета.\r\nВысшее образование\r\nопыт управленческой работы на предприятии торговли.\r\nЛидерские качества\r\nаналитический склад ума\r\nстрессоустойчивость\r\nопыт управления большим коллективом&sbquo; организации и контроля процессов.','Сменный график работы (2/2&sbquo; 4/2)\r\nКорпоративная программа обучения и ввода в должность.\r\nНовейшие технологии работы.\r\nПремия за стаж работы и другие выплаты.\r\nБесплатные и льготные путевки для сотрудников и членов их семей.\r\nВозможность участия в корпоративных пенсионных программах.',1,1,'','','','2013-10-15 03:58:19','2013-10-15 03:58:19',0,'\0','\0',1,'','http://smolensk.rabota.ru/vacancy32362257.html?vac_page=view'),(70,'Программист для частного лица с возможностью предоставления жилья',388,1,'Белова Наталья Алексеевна','+7 (910)  4565316','',10000,20000,0,0,0,'','поддержание личного сайта и написание комментариев к статьям&sbquo; с возможностью создания\\программирования нового сайта в дальнейшем&sbquo; обеспечение компьютерной безопасности частного лица.','знания интернет-технологий&sbquo; программирования и редактирования сайтов&sbquo; высшее образование\r\nнавыки по поддержанию сайтов и умение писать краткие статьи или комментарии.','стабильная работа\r\nзарплата&sbquo; в зависимости от объема и качества работы.\r\nРабота ежедневная не менее 8 часов в день.\r\nВ испытательный срок - первый месяц: зарплата 10-15 тыс.рублей в месяц&sbquo; а со второго месяца зарплата&sbquo; в зависимости от результатов первого месяца&sbquo; объема и качества интернет-услуг.\r\nРабота на длительный срок.\r\nВозможно подписание договора с возможностью предоставления комфортного жилья на время работы в Ставропольском крае на семью до 3-х человек.',1,1,'','','','2013-10-15 03:58:49','2013-10-15 03:58:49',0,'\0','\0',1,'','http://smolensk.rabota.ru/vacancy33831350.html?vac_page=view'),(71,'Продавец кассир',389,1,'Карина','+7 (925)  0901932 с 10.00 до 18.00 в будни','',26000,27000,0,0,0,'','Работа на кассе\r\nведение книги кассира-операциониста\r\nучет товара (по остаткам)','','10-12-и часовой рабочий день\r\nЗарплата от 25000 до 27000 р/мес (при вахте в 28 дней)(в зависимости от количества рабочих часов и сложности работы)\r\nЕженедельные авансовые выплаты\r\nРабота вахтовым методом (вахты 28&sbquo; 45 и 56 рабочих дней)\r\nСлавянские коллективы работников\r\nПроживание и рабочая одежда за счет компании\r\nОплата в последний день вахты (выдача зарплаты в кассе)\r\nВозможность карьерного роста до бригадира при хороших показателях работы и соблюдении дисциплины\r\nПремии за привлечение сотрудников на объекты нашей компании&sbquo; Увеличение ставки за рабочий час при повторной вахте\r\nПри повторной вахте мы так же компенсируем Вам стоимость проезда до Москвы + выплачиваем премию.\r\nТРУДОУСТРОЙСТВО БЕСПЛАТНОЕ',1,1,'','','','2013-10-15 03:59:18','2013-10-15 03:59:18',0,'\0','\0',1,'','http://smolensk.rabota.ru/vacancy32040064.html?vac_page=view'),(72,'Продавец-консультант',389,1,'Николаева Светлана','+7 (926)  9925993','',25000,55000,0,0,0,'','Выкладка товара\r\nконсультирование покупателей.','','для работы в Москве и М/О\r\nРабота вахтовым методом 28/45/56\r\nпредоставляется бесплатное общежитие&sbquo; льготное питание.\r\nЕженедельные авансы.\r\nДружный коллектив.\r\nБесплатное обучение.\r\nВозможность карьерного роста.',1,1,'','','','2013-10-15 04:00:07','2013-10-15 04:00:07',0,'\0','\0',1,'','http://smolensk.rabota.ru/vacancy32578283.html?vac_page=view'),(73,'Дворник',390,1,'Князева Светлана','+7 (499)  2423130','',20000,0,0,0,0,'','Уборка территории&sbquo; уборка подъездов&sbquo; уборка контейнерных площадок','Опыт работы не обязателен&sbquo; добросовестность&sbquo; ответственность','Предоставление жилья',1,1,'','','','2013-10-15 04:01:10','2013-10-15 04:01:10',0,'\0','\0',1,'','http://smolensk.rabota.ru/vacancy33835548.html?vac_page=view'),(74,'Менеджер по продажам',391,1,'Менеджер по персоналу','+7 (915)  0792180','',20000,30000,0,0,0,'','Активный поиск потенциальных клиентов.\r\nПроведение деловых переговоров&sbquo; заключение договоров.\r\nВыявление потребностей клиентов в услугах.','Высшее&sbquo; неполное высшее образование.\r\nОпыт работы в сфере продаж.\r\nВладение MS Office на уровне уверенного пользователя.\r\nЗнание программы 1С.','Стабильная работа&sbquo; оформление согласно ТК.\r\nГрафик работы: 5/2 с 9:00 до 18:00\r\nДостойный уровень заработной платы&sbquo; своевременные выплаты.\r\nКорпоративная мобильная связь\r\nЛьготная система ДМС\r\nМесто работы: г. Смоленск&sbquo; ул. Кашена',1,1,'','','','2013-10-15 04:01:21','2013-10-15 04:01:21',0,'\0','\0',1,'','http://smolensk.rabota.ru/vacancy33073312.html?vac_page=view'),(75,'Строитель/разнорабочий',389,1,'Васильева Елена','+7 (495)  9843395','',25000,0,0,0,0,'','','минимальный опыт работы','10-12-и часовой рабочий день\r\nзарплата от 25000 до 27000 р/мес (при вахте в 28 дней)(в зависимости от количества рабочих часов и сложности работы)\r\nеженедельные авансовые выплаты\r\nработа вахтовым методом (вахты 28&sbquo; 45 и 56 рабочих дней)\r\nоплата в последний день вахты (выдача зарплаты в кассе)\r\nвозможность карьерного роста до бригадира при хороших показателях работы и соблюдении дисциплины\r\nпремии за привлечение сотрудников на объекты нашей компании&sbquo; увеличение ставки за рабочий час при повторной вахты\r\nпри повторной вахте мы так же компенсируем Вам стоимость проезда до Москвы + выплачиваем премию.\r\nтрудоустройство бесплатное',1,1,'','','','2013-10-15 04:02:03','2013-10-15 04:02:03',0,'\0','\0',1,'','http://smolensk.rabota.ru/vacancy33445704.html?vac_page=view'),(76,'Рабочий (вахта в Москве)',392,1,'Короткова Любовь','+7 (927)  6686506 с 9 до 17, МСК','',26000,30000,0,0,0,'','','Образование: среднее\r\nБыстрая обучаемость','Вахта&sbquo; сменный график&sbquo; работа на территории работодателя\r\nПредоставление форменной/спецодежды\r\nРабочий автобус развозит на работу и с работы\r\nБесплатное обучение\r\nВозможность профессионального и карьерного роста\r\nБесплатно предоставляется комфортабельное общежитие\r\n3- х разовое питание бесплатно\r\nОформление официальное по трудовому договору\r\nВахта в Московскую область (г. Руза)\r\nВахта длится от 2 месяцев (60 смен)\r\n12 часовой рабочий день (смена с 9 утра до 10 вечера)&sbquo; перерывы\r\nГрафик работы 6/1&sbquo; 5/2&sbquo; 7/0 по согласованию\r\nСпецодежда выдается',1,1,'','','','2013-10-15 04:03:34','2013-10-15 04:03:34',0,'\0','\0',1,'','http://smolensk.rabota.ru/vacancy33820772.html?vac_page=view'),(77,'Слесарь механосборочных работ (без опыта, вахта в Москву)',392,1,'Короткова Любовь','+7 (927)  6686506 с 9:00 до 17:00 МСК','',26000,30000,0,0,0,'','Сборка деталей для бытовой техники на конвейере(стиральные машины&sbquo; холодильники&sbquo; телевизоры)','Образование: среднее\r\nБыстрая обучаемость','Вахта&sbquo; сменный график&sbquo; работа на территории работодателя\r\nПредоставление форменной/спецодежды\r\nРабочий автобус развозит на работу и с работы\r\nБесплатное обучение\r\nВозможность профессионального и карьерного роста\r\nБесплатно предоставляется комфортабельное общежитие\r\n3- х разовое питание бесплатно\r\nОформление официальное по трудовому договору\r\nВахта в Московскую область (г. Руза)\r\nВахта длится от 2 месяцев (60 смен)\r\n12 часовой рабочий день (смена с 9 утра до 10 вечера)&sbquo; перерывы\r\nГрафик работы 6/1&sbquo; 5/2&sbquo; 7/0 по согласованию\r\nСпецодежда выдается',1,1,'','','','2013-10-15 04:04:09','2013-10-15 04:04:09',0,'\0','\0',1,'','http://smolensk.rabota.ru/vacancy33817649.html?vac_page=view'),(78,'Продавец-кассир',393,1,'Ольга','+7 (925)  2986891','',14000,0,0,0,0,'','работа за кассой;\r\nвыкладка товара на стеллажи;\r\nпроверка сроков годности','','В магазин европейского типа требуется продавец-кассир.\r\nГрафик работы 2/2&sbquo; 5/2\r\nвозможны переработки\r\nперспектива карьерного роста.',1,1,'','','','2013-10-15 04:04:25','2013-10-15 04:04:25',0,'\0','\0',1,'','http://smolensk.rabota.ru/vacancy33077527.html?vac_page=view'),(79,'Кассир',389,1,'Васильева Елена','+7 (495)  9843367','',25000,0,0,0,0,'','','','10-12-и часовой рабочий день\r\nзарплата от 25000 до 27000 р/мес (при вахте в 28 дней)(в зависимости от количества рабочих часов и сложности работы)\r\nеженедельные авансовые выплаты\r\nработа вахтовым методом (вахты 28&sbquo; 45 и 56 рабочих дней)\r\nславянские коллективы работников\r\nоплата в последний день вахты (выдача зарплаты в кассе)\r\nвозможность карьерного роста до бригадира при хороших показателях работы и соблюдении дисциплины\r\nпремии за привлечение сотрудников на объекты нашей компании&sbquo; увеличение ставки за рабочий час при повторной вахты\r\nпри повторной вахте мы так же компенсируем Вам стоимость проезда до Москвы + выплачиваем премию.\r\nтрудоустройство бесплатное',1,1,'','','','2013-10-15 04:04:48','2013-10-15 04:04:48',0,'\0','\0',1,'','http://smolensk.rabota.ru/vacancy33511982.html?vac_page=view'),(80,'Семейная пара в московскую семью с проживанием',388,1,'Белова Наталья Алексеевна','+7 (495)  5000200','',50000,70000,0,0,0,'','все работы по дому и участку.','аккуратность\r\nответственность\r\nтрудолюбие и исполнительность обязательны\r\nможно без опыта работы в семье.','оченьхорошие\r\nзарплата в первый месяц:50 тыс.рублей&sbquo; вкл.основные продукты питания&sbquo; а зарплатасо второго месяца устанавливается&sbquo; в зависимости от качества&sbquo; навыковиобъема работ. Зарплата возможна от60 до 80тыс\\месяц.',1,1,'','','','2013-10-15 04:05:03','2013-10-15 04:05:03',1,'\0','\0',1,'','http://smolensk.rabota.ru/vacancy33814067.html?vac_page=view'),(81,'Водитель международник',394,1,'Сергей Федорович','+7 (981)  1710807 (МТС звонить с 19-21 по московскому времени','',55000,100000,0,0,0,'','Контроль погрузки- разгрузки авто\r\nответственное отношение к документам &sbquo;\r\nумение заполнять ттн и документы сопровождения груза(обучим)&sbquo;\r\nсвоевременный выход на смену&sbquo;наличие моб телефона и включ роуминга в фин.!!! бережное отношение к авто.','Загранпаспорт&sbquo;\r\nправа категории С+Е&sbquo;\r\nопыт работы на импортных грузовиках не менее 5-и лет&sbquo;честность&sbquo;порядочность&sbquo;аккуратность&sbquo;пунктуальность.','Обеспечим проживанием в Выборге&sbquo;теплая ремзона&sbquo;работа основная&sbquo; круглый год&sbquo; на финляндию и по Лен.обл.&sbquo;виза и паспорт за счет работодателя',1,1,'','','','2013-10-15 04:05:29','2013-10-15 04:05:29',0,'\0','\0',1,'','http://smolensk.rabota.ru/vacancy32590453.html?vac_page=view'),(82,'Агент НПФ/Пенсионный агент',395,1,'Штемпелева Елена','+7 (951)  7001111','',15000,40000,0,0,0,'','Консультирование граждан по вопросам обязательного пенсионного страхования и государственной программе софинансирования пенсий;\r\nпривлечение агентов НПФ&sbquo;\r\nрасширение агентской сети;\r\nвыполнение плана по привлечению клиентов в НПФ','порядочность&sbquo; нацеленность на долгосрочные отношения&sbquo; грамотная речь&sbquo; желание развиваться в данной сфере деятельности.','высокие ставки вознаграждения&sbquo;\r\nобучение ведущими специалистами компании&sbquo;\r\nтехнологическая и рекламная поддержка.',1,1,'','','','2013-10-15 04:06:03','2013-10-15 04:06:03',0,'\0','\0',1,'','http://smolensk.rabota.ru/vacancy33729946.html?vac_page=view'),(83,'Агент по продажам',395,1,'Штемпелева Елена','+7 (951)  7001111','',20000,40000,0,0,0,'','Консультация населения по пенсионной реформе.','Грамотная речь&sbquo;\r\nжелание зарабатывать&sbquo;\r\nответственность&sbquo;\r\nопыт работы в продажах либо страховым агентом приветствуется.','Работа на территории работодателя&sbquo;\r\nгибкий график&sbquo;\r\nобучение&sbquo;\r\nтренинги ведущих специалистов.',1,1,'','','','2013-10-15 04:06:25','2013-10-15 04:06:25',0,'\0','\0',1,'','http://smolensk.rabota.ru/vacancy33724699.html?vac_page=view'),(84,'Консультант',395,1,'Штемпелева Елена','+7 (951)  7001111','',20000,40000,0,0,0,'','Консультация населения по пенсионной реформе.','Грамотная речь&sbquo;\r\nжелание зарабатывать&sbquo;\r\nответственность&sbquo;\r\nопыт работы в продажах либо страховым агентом приветствуется.','Работа на территории работодателя&sbquo;\r\nгибкий график&sbquo;\r\nобучение за счет компании&sbquo;\r\nтренинги ведущих специалистов.',1,1,'','','','2013-10-15 04:06:39','2013-10-15 04:06:39',0,'\0','\0',1,'','http://smolensk.rabota.ru/vacancy33724165.html?vac_page=view'),(85,'Агент по продажам',395,1,'Штемпелева Елена','+7 (951)  7001111 любое время','',20000,40000,0,0,0,'','Консультация населения по пенсионной реформе.','Грамотная речь&sbquo;\r\nжелание зарабатывать&sbquo;\r\nответственность&sbquo;\r\nопыт работы в продажах либо страховым агентом приветствуется.','Работа на территории работодателя&sbquo;\r\nгибкий график&sbquo;\r\nобучение за счет компании&sbquo;\r\nтренинги ведущих специалистов.',1,1,'','','','2013-10-15 04:06:58','2013-10-15 04:06:58',0,'\0','\0',1,'','http://smolensk.rabota.ru/vacancy33724082.html?vac_page=view'),(86,'Менеджер по продажам',395,1,'Штемпелева Елена','+7 (951)  7001111','',20000,40000,0,0,0,'','консультирование клиентов по пенсионному страхованию','Грамотная речь&sbquo;\r\nответственность&sbquo;\r\nналичие опыта в прямых продажах приветствуется&sbquo; но не обязательно','работа на территории работодателя&sbquo;\r\nгибкий график&sbquo; возможно совмещение или студентам&sbquo;\r\nобучение за счет компании\r\nРассматриваются соискатели из других городов Смоленской области для работы на территории проживания.',1,1,'','','','2013-10-15 04:07:08','2013-10-15 04:07:08',0,'\0','\0',1,'','http://smolensk.rabota.ru/vacancy33709286.html?vac_page=view'),(87,'Эксперт по пенсионному страхованию',395,1,'Евгений Коротаев','+7 (919)  0481288 с 7:00 до 18:00','',35000,100000,0,0,0,'','Консультирование граждан по вопросам пенсионной реформы.\r\nЗаключение договоров.','Коммуникабельность.\r\nГрамотность в заполнении документов.\r\nЖелание работать и много зарабатывать','Испытательный срок:в зависимости от опыта и успеваемости.\r\nРазмер и форма оплаты труда: Сдельная (от 1000 до 5000 руб./день после стажировки).\r\nОформление официальное.\r\nГрафик работы: Свободный (от 3 часов в день).\r\nОпыт работы: можно без опыта работы.',1,1,'','','','2013-10-15 04:07:23','2013-10-15 04:07:23',0,'\0','\0',1,'','http://smolensk.rabota.ru/vacancy33836636.html?vac_page=view'),(88,'Менеджер по персоналу',395,1,'Штемпелева Елена','+7 (951)  7001111','',10000,20000,0,0,0,'','','Активная жизненная позиция и желание работать.\r\nПриветствуется легкая обучаемость и инициативность.','Возможность карьерного роста.',1,1,'','','','2013-10-15 04:07:42','2013-10-15 04:07:42',0,'\0','\0',1,'','http://smolensk.rabota.ru/vacancy33836485.html?vac_page=view'),(89,'Агенты по ОПС',395,1,'Штемпелева Елена','+7 (951)  7001111','',20000,70000,0,0,0,'','заключение договоров ОПС\r\nпоквартирная работа','опыт работы в НПФ','з/п намного выше чем у других фондов',1,1,'','','','2013-10-15 04:08:01','2013-10-15 04:08:01',0,'\0','\0',1,'','http://smolensk.rabota.ru/vacancy33767313.html?vac_page=view'),(90,'Сотрудник НПФ',395,1,'Штемпелева Елена','+7 (951)  7001111','',20000,40000,0,0,0,'','Консультирование населения по вопросам обязательного пенсионного страхования и государственной программе софинансирования пенсий;','Грамотная речь&sbquo;\r\nкоммуникабельность&sbquo;\r\nумение работать в команде &sbquo;\r\nнацеленность на долгосрочные отношения&sbquo;\r\nжелание расти и хорошо зарабатывать.','Бесплатное обучение&sbquo;\r\nстажировка с опытным менеджером&sbquo;\r\nгибкий график работы.\r\nВозможность трудиться на территории Вашего города.',1,1,'','','','2013-10-15 04:08:16','2013-10-15 04:08:16',0,'\0','\0',1,'','http://smolensk.rabota.ru/vacancy33730146.html?vac_page=view'),(91,'Аппаратчик ЧПУ (частично пульт управления)',389,1,'Алышева Карина','+7 (495)  9843367','',28000,0,0,0,0,'','замена и наладка инструмента;\r\nконтроль производственного процесса с применением корректирующих мер при отклонениях.','опыт работы обязателен','10-12-и часовой рабочий день\r\nзарплата от 25000 до 27000 р/мес (при вахте в 28 дней)(в зависимости от количества рабочих часов и сложности работы)\r\nеженедельные авансовые выплаты\r\nработа вахтовым методом (вахты 28&sbquo; 45 и 56 рабочих дней)\r\nславянские коллективы работников\r\nпроживание и рабочая одежда за счет компании\r\nоплата в последний день вахты (выдача зарплаты в кассе)\r\nвозможность карьерного роста до бригадира при хороших показателях работы и соблюдении дисциплины\r\nпремии за привлечение сотрудников на объекты нашей компании&sbquo; увеличение ставки за рабочий час при повторной вахте\r\nпри повторной вахте мы так же компенсируем Вам стоимость проезда до Москвы + выплачиваем премию.\r\nтрудоустройство бесплатное',1,1,'','','','2013-10-15 04:08:32','2013-10-15 04:08:32',0,'\0','\0',1,'','http://smolensk.rabota.ru/vacancy33362349.html?vac_page=view'),(92,'Грузчик',389,1,'Тамара, Марина, Антон','+7 (981)  8714538 С 10:00 до 17:00','',23000,32000,0,0,0,'','Разгрузо-погрузочные работы','','Работа на территории Санкт-Петербурга\r\nГр-к 5/2&sbquo; 6/1&sbquo; 7/0\r\nСмены 12-часовые (дневные)\r\nСтавка 85 р/ч\r\nЕженедельные авансы (1000р)\r\nПредоставление бесплатного общежития\r\nОформление по договору',1,1,'','','','2013-10-15 04:08:52','2013-10-15 04:08:52',0,'\0','\0',1,'','http://smolensk.rabota.ru/vacancy33339359.html?vac_page=view'),(93,'Наладчик оборудования',389,1,'Васильева Елена','+7 (495)  9843395','',25000,0,0,0,0,'','техник термо-пластмаст автомата','опыт работы\r\nудостоверение\r\nзнание ПК','12-часовые дневные/ночные рабочие смены',1,1,'','','','2013-10-15 04:09:00','2013-10-15 04:09:00',0,'\0','\0',1,'','http://smolensk.rabota.ru/vacancy33382343.html?vac_page=view'),(94,'Грузчик',389,1,'Алышева Карина','+7 (495)  9892109','',23000,28000,0,0,0,'','погрузка-разгрузка товара;\r\nподдержание чистоты на рабочем месте.','','вахта - 28/45/56 рабочих смен на Ваш выбор;\r\nграфик работы - 5/2&sbquo; 6/1&sbquo; 7/0;\r\nбесплатное общежитие рядом с объектом;\r\nеженедельные авансы;\r\nкомплексный обед;\r\nтрудоустройство в день обращения.',1,1,'','','','2013-10-15 04:09:08','2013-10-15 04:09:08',0,'\0','\0',1,'','http://smolensk.rabota.ru/vacancy31666633.html?vac_page=view'),(95,'Работник на производстве пластиковых изделий',389,1,'Моисеева Анна','+7 (925)  0901931','',0,0,0,0,0,'','Рассыпка сырья\r\nобрезка излишек\r\nупаковка готовых изделий&sbquo; и др.','','Мы предлагаем Вахта 28/45/56 рабочих смен на Ваш выбор&sbquo; график - 7/0\r\nбесплатное общежитие рядом с объектом\r\nеженедельные авансы\r\nВозможность карьерного роста до бригадира при хороших показателях работы и соблюдении дисциплины\r\nРабота в дружном коллективе\r\nПремии за привлечение сотрудников на объекты нашей компании\r\nТРУДОУСТРОЙСТВО БЕСПЛАТНОЕ\r\nДополнительной записи на собеседование не требуется. Ждем Вас каждый будний день с 9 до 18 по адресу: г. Москва&sbquo; Электрический пер.&sbquo; д.3/10&sbquo; стр. 3&sbquo; офис 502',1,1,'','','','2013-10-15 04:09:20','2013-10-15 04:09:20',0,'\0','\0',1,'','http://smolensk.rabota.ru/vacancy32291467.html?vac_page=view'),(96,'водитель бензовоза',396,1,'отдел кадров','+7 (911)  7803802 Сергей Николаевич','',20000,50000,0,0,0,'','перевозка солярки по нашим объектам\r\nцистерна приходит на нашу базу в г.Тосно&sbquo; затем нашими машинами развозим топливо по нашим объектам','наличие спец.разрешение на перевозку опасных грузов\r\nправа соответствующей категории\r\nДОПОГ','оформление по ТК\r\nработа по графику\r\nоплата зависит от количества ходок и удаленности объекта (СПБ&sbquo; Каменогорск&sbquo; Усть-Луга)',1,1,'','','','2013-10-15 04:09:29','2013-10-15 04:09:29',0,'\0','\0',1,'','http://smolensk.rabota.ru/vacancy33744182.html?vac_page=view'),(97,'Столяр, плотник тарного цеха',397,1,'Сергей Борисович','+7 (985)  2624615','',30000,35000,0,0,0,'','Столяр тарного цеха (возможна вахта)','','Стабильная и долгосрочная работа в Стабильной компании рядом с домом',1,1,'','','','2013-10-15 04:09:51','2013-10-15 04:09:51',0,'\0','\0',1,'','http://smolensk.rabota.ru/vacancy33830621.html?vac_page=view'),(98,'Водитель погрузчика',389,1,'Алышева Карина','+7 (495)  9892109','',30000,45000,0,0,0,'','транспортировка товара по склада','Опыт работы на погрузчике грузоподъемностью более 2&sbquo;5 тонн не менее 2 месяцев\r\nУдостоверение водителя погрузчика обязательно','вахта 28/45/56 рабочих смен на Ваш выбор&sbquo; график - 5/2&sbquo;6/1&sbquo;7/0\r\nбесплатное общежитие рядом с объектом\r\nеженедельные авансы\r\nкомплексный обед\r\nВозможность карьерного роста до бригадира при хороших показателях работы и соблюдении дисциплины\r\nПремииза привлечениесотрудников на объекты нашей компании&sbquo; Увеличение ставки за рабочий час при повторной вахте\r\nПри повторной вахте мы так жекомпенсируем Вам стоимостьпроезда до Москвы + выплачиваем премию.\r\nТРУДОУСТРОЙСТВО БЕСПЛАТНОЕ\r\nработа в г.Ногинске',1,1,'','','','2013-10-15 04:10:01','2013-10-15 04:10:01',0,'\0','\0',1,'','http://smolensk.rabota.ru/vacancy31668480.html?vac_page=view'),(99,'Продавцы/кассиры',389,1,'Гуля Козлова','+7 (925)  1020114','',20000,27000,0,0,0,'','Работа с клиентами\r\nработа за кассовым аппаратом\r\nвыкладка товаров.','','10-12-и часовой рабочий день\r\nЗарплата от 20000 до 28000 р/мес (в зависимости от количества рабочих часов и сложности работы)\r\nЕженедельные авансовые выплаты\r\nРабота вахтовым методом (вахты 28&sbquo; 45 и 56 рабочих дней)\r\nСлавянские коллективы складских работников\r\nПроживание и рабочая одежда за счет компании\r\nОплата в последний день вахты (выдача зарплаты в кассе)\r\nВозможность карьерного роста до бригадира при хороших показателях работы и соблюдении дисциплины\r\nльготное питание\r\nПремии за привлечение сотрудников на объекты нашей компании&sbquo; Увеличение ставки за рабочий час при повторной вахте\r\nТРУДОУСТРОЙСТВО БЕСПЛАТНО&sbquo;ВОЗМОЖНО В ДЕНЬ ОБРАЩЕНИЯ.',1,1,'','','','2013-10-15 04:10:10','2013-10-15 04:10:10',0,'\0','\0',1,'','http://smolensk.rabota.ru/vacancy31976265.html?vac_page=view'),(100,'Упаковщик-комплектовщик',389,1,'Беспяткина Татьяна','+7 (925)  0901930','',21000,28000,0,0,0,'','Упаковка&sbquo; укладка&sbquo; комплектовка&sbquo; стикеровка товаров народного потребления.','','11-12-и часовой рабочий день\r\nЗарплата от 21000 до 28000 р/мес (в зависимости от количества рабочих часов и сложности работы)\r\nЕженедельные авансовые выплаты\r\nРабота вахтовым методом (вахты 28&sbquo; 45 и 56 рабочих дней)\r\nСлавянские коллективы складских работников\r\nПроживание и рабочая одежда за счет компании\r\nОплата в последний день вахты (выдача зарплаты в кассе)\r\nВозможность карьерного роста до бригадира при хороших показателях работы и соблюдении дисциплины',1,1,'','','','2013-10-15 04:10:23','2013-10-15 04:10:23',0,'\0','\0',1,'','http://smolensk.rabota.ru/vacancy33046330.html?vac_page=view'),(101,'Слесарь-ремонтник',389,1,'Алышева Карина','+7 (495)  9843367','',28000,0,0,0,0,'','Осуществление ремонтных работ.\r\nРазборка&sbquo; ремонт&sbquo; сборка и испытание узлов и механизмов.\r\nРемонт&sbquo; монтаж&sbquo; демонтаж&sbquo; испытание&sbquo; регулирование&sbquo; наладка оборудования&sbquo; агрегатов и машин и сдача после ремонта.\r\nСлесарная обработка деталей и узлов.\r\nВыявление и устранение дефектов во время эксплуатации оборудования и при проверке в процессе ремонта.','опыт работы обязателен\r\nпрофильное образование','10-12-и часовой рабочий день\r\nзарплата от 25000 до 27000 р/мес (при вахте в 28 дней)(в зависимости от количества рабочих часов и сложности работы)\r\nеженедельные авансовые выплаты\r\nработа вахтовым методом (вахты 28&sbquo; 45 и 56 рабочих дней)\r\nславянские коллективы работников\r\nпроживание и рабочая одежда за счет компании\r\nоплата в последний день вахты (выдача зарплаты в кассе)\r\nвозможность карьерного роста до бригадира при хороших показателях работы и соблюдении дисциплины\r\nпремии за привлечение сотрудников на объекты нашей компании&sbquo; увеличение ставки за рабочий час при повторной вахте\r\nпри повторной вахте мы так же компенсируем Вам стоимость проезда до Москвы + выплачиваем премию.\r\nтрудоустройство бесплатное',1,1,'','','','2013-10-15 04:10:33','2013-10-15 04:10:33',0,'\0','\0',1,'','http://smolensk.rabota.ru/vacancy33365604.html?vac_page=view'),(102,'Грузчик/разнорабочий на тарный склад (возможна вахта)',397,1,'Сергей Борисович','+7 (985)  2624615','',30000,35000,0,0,0,'','Ежедневная погрузочно-разгрузочная и сортировочно-комплектовочная работа с соблюдением техники безопасности\r\nчеткая выбраковка и сортировка продукции','','Стабильная и долгосрочная работа в Стабильной компании рядом с домом.\r\nвозможна вахта\r\nпредоставляем жилье',1,1,'','','','2013-10-15 04:10:53','2013-10-15 04:10:53',0,'\0','\0',1,'','http://smolensk.rabota.ru/vacancy33830234.html?vac_page=view'),(103,'Работник/рабочий тарного склада (возможна вахта)',397,1,'Сергей Борисович','+7 (985)  2624615','',30000,35000,0,0,0,'','Ежедневная погрузочно-разгрузочная и сортировочно-комплектовочная работа с соблюдением техники безопасности\r\nчеткая выбраковка и сортировка продукции','','Стабильная и долгосрочная работа в Стабильной компании рядом с домом.\r\nвозможна вахта\r\nпредоставляем жилье',1,1,'','','','2013-10-15 04:11:02','2013-10-15 04:11:02',0,'\0','\0',1,'','http://smolensk.rabota.ru/vacancy33830485.html?vac_page=view'),(104,'Работник конвейера',389,1,'Карина','+7 (495)  9892109','',21000,0,0,0,0,'','упаковка на конвейере\r\nфасовка товара','','вахта 28/45/56 рабочих смен на Ваш выбор&sbquo; график - 6/1&sbquo;7/0\r\nбесплатное общежитие рядом с объектом\r\nеженедельные авансы\r\nВозможность карьерного роста до бригадира при хороших показателях работы и соблюдении дисциплины\r\nРабота в дружном коллективе\r\nПремииза привлечениесотрудников на объекты нашей компании\r\nТРУДОУСТРОЙСТВО БЕСПЛАТНОЕ',1,1,'','','','2013-10-15 04:11:20','2013-10-15 04:11:20',0,'\0','\0',1,'','http://smolensk.rabota.ru/vacancy31907210.html?vac_page=view'),(105,'Водитель экспедитор',396,1,'Сергей Николаевич','+7 (911)  8400668 Олег Владимирович','',25000,50000,0,0,0,'','работа на грузовых автомобилях Volvo FM8х4\r\nумение осуществлять мелкий ремонт автомобилей','наличие прав соответствующей категории (ВСДЕ)\r\nналичие медицинской справки водителя','оплата почасовая&sbquo; сдельная\r\nБАЗА НАХОДИТСЯ - ЛЕН.ОБЛАСТЬ&sbquo; Г.ТОСНО&sbquo; ШОССЕ БАРЫБИНА 75\r\nработаем в СПб&sbquo; ЛО. Усть Луге&sbquo; Карелии&sbquo; на севере\r\nоформление по ТК\r\nвозможен вахтовый метод работы',1,1,'','','','2013-10-15 04:11:38','2013-10-15 04:11:38',0,'\0','\0',1,'','http://smolensk.rabota.ru/vacancy33744034.html?vac_page=view'),(106,'Грузчик',389,1,'Беспяткина Татьяна','+7 (495)  9892104','',25000,35000,0,0,0,'','Разгрузка&sbquo; погрузка&sbquo; комплектация','Хорошая физическая форма','',1,1,'','','','2013-10-15 04:11:54','2013-10-15 04:11:54',0,'\0','\0',1,'','http://smolensk.rabota.ru/vacancy33046526.html?vac_page=view'),(107,'Продавец кассир',389,1,'Тамара, Антон','+7 (921)  7679693 С 10:00 до 17:00','',17000,29000,0,0,0,'','Работа на кассовом аппарате\r\nПомощь в выкладке товара\r\nПомощь в инвентаризации','','Работа на территории Санкт-Петербурга\r\nГр-к 4/4&sbquo; 5/2&sbquo; 6/1\r\nСмены 12-часовые (ночные/дневные)\r\nСтавка 100 р/ч\r\nЕженедельные авансы (1000р.)\r\nБесплатное обучение\r\nПредоставление бесплатного общежития\r\nОформление по договору',1,1,'','','','2013-10-15 04:12:06','2013-10-15 04:12:06',1,'\0','\0',1,'','http://smolensk.rabota.ru/vacancy33311579.html?vac_page=view'),(108,'Литейщик (оператор литейного оборудования)',389,1,'Алышева Карина','+7 (495)  9843367','',28000,0,0,0,0,'','отливка металлических изделий','опыт работы обязателен','10-12-и часовой рабочий день\r\nзарплата от 25000 до 27000 р/мес (при вахте в 28 дней)(в зависимости от количества рабочих часов и сложности работы)\r\nеженедельные авансовые выплаты\r\nработа вахтовым методом (вахты 28&sbquo; 45 и 56 рабочих дней)\r\nславянские коллективы работников\r\nпроживание и рабочая одежда за счет компании\r\nоплата в последний день вахты (выдача зарплаты в кассе)\r\nвозможность карьерного роста до бригадира при хороших показателях работы и соблюдении дисциплины\r\nпремии за привлечение сотрудников на объекты нашей компании&sbquo; увеличение ставки за рабочий час при повторной вахте\r\nпри повторной вахте мы так же компенсируем Вам стоимость проезда до Москвы + выплачиваем премию.\r\nтрудоустройство бесплатное',1,1,'','','','2013-10-15 04:12:45','2013-10-15 04:12:45',0,'\0','\0',1,'','http://smolensk.rabota.ru/vacancy33362076.html?vac_page=view'),(109,'Механик по обслуживанию авто-техники',396,1,'отдел кадров','+7 (911)  7803802 Сергей Николаевич - грузовики','',25000,40000,0,0,0,'','выпуск автомоблей на линию (самосвалы)\r\nпроверка технического состояния автотранспорта\r\nзаправка транспорта (отслеживание нормы расхода ГСМ)\r\nведение соответсвующей документации\r\nОТСЛЕЖИВАНИЕ ИСПРАВНОЙ РАБОТЫ СПЕЦТЕХНИКИ','наличие ОПЫТА РАБОТЫ\r\nзнание мат.части автомобилей&sbquo; СПЕЦ.ТЕХНИКИ\r\nумение осуществлять ремонт\r\nзнание правил заполнения тех.документации','оформление по ТК\r\nбаза спец.техники находится в г.Тосно (30-40 минут от м.Звездная)\r\nобеспечение корпоративной связью\r\nвозможна работа вахтами в ЛО&sbquo; Северо-Запад',1,1,'','','','2013-10-15 04:12:55','2013-10-15 04:12:55',0,'\0','\0',1,'','http://smolensk.rabota.ru/vacancy33744331.html?vac_page=view'),(110,'Грузчик комплектовщик',389,1,'Кузнецова Елена','+7 (800)  7003367 звонок по РФ бесплатный','',18000,27000,0,0,0,'','Разгрузка&sbquo; погрузка&sbquo; комплектация','','10-12-и часовой рабочий день\r\nЗарплата от 18000 до 27000 р/мес (в зависимости от количества рабочих часов и сложности работы)\r\nЕженедельные авансовые выплаты\r\nРабота вахтовым методом (вахты 28&sbquo; 45 и 56 рабочих дней)\r\nСлавянские коллективы складских работников\r\nПроживание и рабочая одежда за счет компании\r\nОплата в последний день вахты (выдача зарплаты в кассе)\r\nВозможность карьерного роста до бригадира при хороших показателях работы и соблюдении дисциплины\r\nПремииза привлечениесотрудников на объекты нашей компании&sbquo; Увеличение ставки за рабочий час при повторной вахте\r\nПри повторной вахте мы так жекомпенсируем Вам стоимостьпроезда до Москвы + выплачиваем премию.\r\nТРУДОУСТРОЙСТВО БЕСПЛАТНОЕ',1,1,'','','','2013-10-15 04:13:12','2013-10-15 04:13:12',0,'\0','\0',1,'','http://smolensk.rabota.ru/vacancy31651648.html?vac_page=view'),(111,'Комплектовщик',389,1,'Заворуева Валерия','+7 (495)  9843395','',35000,0,0,0,0,'','Подбор/комплектация товара из мест хранения по накладным или с использованием беспроводного терминала-сканера.','опыт работы не обязателен\r\nрассматриваются соискатели из других городов\r\nобразование не ниже среднего\r\nсотрудники на вахту&sbquo; на территории работодателя','Трудоустройство по договору в день обращения&sbquo; предоставляется проживание&sbquo; работа вахтовым методом 45/56 смен в Москве и Московской области.',1,1,'','','','2013-10-15 04:13:31','2013-10-15 04:13:31',0,'\0','\0',1,'','http://smolensk.rabota.ru/vacancy32495326.html?vac_page=view'),(112,'Продавец-консультант',389,1,'Николаева Светлана','+7 (926)  9925993','',25000,55000,0,0,0,'','Выкладка товара\r\nконсультирование покупателей.','','для работы в Москве и М/О\r\nРабота вахтовым методом 28/45/56&sbquo;\r\nпредоставляется бесплатное общежитие&sbquo; льготное питание.\r\nЕженедельные авансы.\r\nДружный коллектив.\r\nБесплатное обучение.\r\nВозможность карьерного роста.',1,1,'','','','2013-10-15 04:13:40','2013-10-15 04:13:40',0,'\0','\0',1,'','http://smolensk.rabota.ru/vacancy32578269.html?vac_page=view'),(113,'Фасовщики',389,1,'Николаева Светлана','+7 (926)  9925993','',25000,55000,0,0,0,'','Фасовка продукции на складе','','для работы на складах в Москве и М/О\r\nРабота вахтой 28/45/56 смен\r\nпредоставляется бесплатное общежитие и льготное питание.',1,1,'','','','2013-10-15 04:13:49','2013-10-15 04:13:49',0,'\0','\0',1,'','http://smolensk.rabota.ru/vacancy32578327.html?vac_page=view'),(114,'Электронщик (Электромонтер, электрик)',389,1,'Алышева Карина','+7 (495)  9843367','',28000,0,0,0,0,'','Опыт проведения работ по сборке и ремонту электронной промышленной аппаратуры.\r\nУмение читать электрические и электронные схемы.\r\nЗнание цифровой и аналоговой схемотехники.','опыт работы обязателен\r\nобязательно допуск','10-12-и часовой рабочий день\r\nзарплата от 25000 до 27000 р/мес (при вахте в 28 дней)(в зависимости от количества рабочих часов и сложности работы)\r\nеженедельные авансовые выплаты\r\nработа вахтовым методом (вахты 28&sbquo; 45 и 56 рабочих дней)\r\nславянские коллективы работников\r\nпроживание и рабочая одежда за счет компании\r\nоплата в последний день вахты (выдача зарплаты в кассе)\r\nвозможность карьерного роста до бригадира при хороших показателях работы и соблюдении дисциплины\r\nпремии за привлечение сотрудников на объекты нашей компании&sbquo; увеличение ставки за рабочий час при повторной вахте\r\nпри повторной вахте мы так же компенсируем Вам стоимость проезда до Москвы + выплачиваем премию.\r\nтрудоустройство бесплатное',1,1,'','','','2013-10-15 04:14:07','2013-10-15 04:14:07',0,'\0','\0',1,'','http://smolensk.rabota.ru/vacancy33362508.html?vac_page=view'),(115,'Фельдшер',389,1,'Алышева Карина','+7 (495)  9843367','',28000,0,0,0,0,'','Осуществление этапов сестринского процесса при уходе за пациентами (первичную оценку состояния пациента&sbquo; интерпретацию полученных данных&sbquo; планирование ухода совместно с пациентом&sbquo; итоговая оценка достигнутого).\r\nОказывание неотложной доврачебной медицинской помощи при острых заболеваниях&sbquo; несчастных случаях и различных видах катастроф с последующим вызовом врача к пациенту или направлением его в ближайшее лечебно-профилактическое учреждение.','опыт работы обязателен\r\nпрофильное образование\r\nдействующий сертификат &quot;Лечебное дело&quot;','10-12-и часовой рабочий день\r\nзарплата от 25000 до 27000 р/мес (при вахте в 28 дней)(в зависимости от количества рабочих часов и сложности работы)\r\nеженедельные авансовые выплаты\r\nработа вахтовым методом (вахты 28&sbquo; 45 и 56 рабочих дней)\r\nславянские коллективы работников\r\nпроживание и рабочая одежда за счет компании\r\nоплата в последний день вахты (выдача зарплаты в кассе)\r\nвозможность карьерного роста до бригадира при хороших показателях работы и соблюдении дисциплины\r\nпремии за привлечение сотрудников на объекты нашей компании&sbquo; увеличение ставки за рабочий час при повторной вахте\r\nпри повторной вахте мы так же компенсируем Вам стоимость проезда до Москвы + выплачиваем премию.\r\nтрудоустройство бесплатное',1,1,'','','','2013-10-15 04:14:21','2013-10-15 04:14:21',0,'\0','\0',1,'','http://smolensk.rabota.ru/vacancy33362678.html?vac_page=view'),(116,'Комплектовщик',389,1,'Алышева Карина','+7 (495)  9892109','',23100,28000,0,0,0,'','комплектовка товара по накладной или со сканером','','вахта 28/45/56 рабочих смен на Ваш выбор&sbquo; график - 5/2&sbquo;6/1&sbquo;7/0\r\nбесплатное общежитие рядом с объектом\r\nеженедельные авансы\r\nкомплексный обед\r\nВозможность карьерного роста до бригадира при хороших показателях работы и соблюдении дисциплины\r\nПремииза привлечениесотрудников на объекты нашей компании&sbquo; Увеличение ставки за рабочий час при повторной вахте\r\nПри повторной вахте мы так жекомпенсируем Вам стоимостьпроезда до Москвы + выплачиваем премию.\r\nТРУДОУСТРОЙСТВО БЕСПЛАТНОЕ',1,1,'','','','2013-10-15 04:14:40','2013-10-15 04:14:40',0,'\0','\0',1,'','http://smolensk.rabota.ru/vacancy31669786.html?vac_page=view'),(117,'Оператор ПК/комплектовщик',389,1,'Моисеева Анна','+7 (495)  9892109','',21000,0,0,0,0,'','комплектовка товара по накладной или со сканером элитной продукции','Знание ПК','вахта 28/45/56 рабочих смен на Ваш выбор&sbquo; график - 6/1&sbquo;7/0\r\nбесплатное общежитие рядом с объектом\r\nеженедельные авансы\r\nВозможность карьерного роста до бригадира при хороших показателях работы и соблюдении дисциплины\r\nПремииза привлечениесотрудников на объекты нашей компании\r\nРабота в г.Подольске\r\nТРУДОУСТРОЙСТВО БЕСПЛАТНОЕ',1,1,'','','','2013-10-15 04:14:54','2013-10-15 04:14:54',0,'\0','\0',1,'','http://smolensk.rabota.ru/vacancy31908838.html?vac_page=view'),(118,'Водитель автопогрузчика',389,1,'Моисеева Анна','+7 (925)  0901931','',30000,35000,0,0,0,'','Перевозка товара по заводу;','Опыт работы от 3-х месяцев;\r\nНаличие удостоверение водителя автопогрузчика;','Бесплатное комфортабельное общежитие;\r\nШаговая доступность от общежития до работы (10-15 минут пешком);\r\nБесплатное трехразовое питание;\r\nВахта на выбор: 28/45/56 смен;\r\nНеограниченное время отдыха после вахты;\r\nТрудоустройство в день обращения',1,1,'','','','2013-10-15 04:15:07','2013-10-15 04:15:07',0,'\0','\0',1,'','http://smolensk.rabota.ru/vacancy32580655.html?vac_page=view'),(119,'Фасовщицы/Комплектовщицы',389,1,'Моисеева Анна','+7 (495)  9892109','',23000,47000,0,0,0,'','погрузка-разгрузка товара\r\nподдержание чистоты на рабочем месте','','вахта 28/45/56 рабочих смен на Ваш выбор&sbquo; график - 5/2&sbquo;6/1&sbquo;7/0\r\nбесплатное общежитие рядом с объектом\r\nеженедельные авансы\r\nкомплексный обед\r\nтрудоустройство в день обращения',1,1,'','','','2013-10-15 04:15:20','2013-10-15 04:15:20',0,'\0','\0',1,'','http://smolensk.rabota.ru/vacancy31668756.html?vac_page=view'),(120,'Оператор ПК/комплектовщик',389,1,'Давыдова Елизавета','+7 (800)  7003367','',0,0,0,0,0,'','работа на складе одежды и обуви\r\nработа с ПК\r\nработа с накладными\r\nсборка заказов по накладной','начальное знание ПК\r\nготовность к обучению на ПК','вахтовый метод работы\r\nработа территориально г. Подольск\r\nпредоставляем бесплатное проживание\r\nзарплата до 25 тысяч рублей\r\nграфик по 12 часов&sbquo; выходные по договоренности\r\nсобеседование по адресуг. Москва&sbquo; м. Тульская&sbquo; ул. Дубининская&sbquo; д. 71&sbquo; стр. 11',1,1,'','','','2013-10-15 04:15:28','2013-10-15 04:15:28',0,'\0','\0',1,'','http://smolensk.rabota.ru/vacancy31904027.html?vac_page=view'),(121,'Продавец кассир',389,1,'Карина','+7 (925)  0901932 с 10.00 до 18.00 в будни','',26000,27000,0,0,0,'','Работа на кассе\r\nведение книги кассира-операциониста\r\nучет товара (по остаткам)','','10-12-и часовой рабочий день\r\nЗарплата от 25000 до 27000 р/мес (при вахте в 28 дней)(в зависимости от количества рабочих часов и сложности работы)\r\nЕженедельные авансовые выплаты\r\nРабота вахтовым методом (вахты 28&sbquo; 45 и 56 рабочих дней)\r\nСлавянские коллективы работников\r\nПроживание и рабочая одежда за счет компании\r\nОплата в последний день вахты (выдача зарплаты в кассе)\r\nВозможность карьерного роста до бригадира при хороших показателях работы и соблюдении дисциплины\r\nПремии за привлечение сотрудников на объекты нашей компании&sbquo; Увеличение ставки за рабочий час при повторной вахте\r\nПри повторной вахте мы так же компенсируем Вам стоимость проезда до Москвы + выплачиваем премию.\r\nТРУДОУСТРОЙСТВО БЕСПЛАТНОЕ',1,1,'','','','2013-10-15 04:15:54','2013-10-15 04:15:54',0,'\0','\0',1,'','http://smolensk.rabota.ru/vacancy32040065.html?vac_page=view'),(122,'Упаковщицы',389,1,'Моисеева Анна','+7 (495)  9892109','',23000,50000,0,0,0,'','фасовка/упаковка товара\r\nподдержание чистоты на рабочем месте','','',1,1,'','','','2013-10-15 04:16:14','2013-10-15 04:16:14',0,'\0','\0',1,'','http://smolensk.rabota.ru/vacancy31665620.html?vac_page=view'),(123,'Кладовщик',389,1,'Карина Алышева','+7 (495)  9892109','',45000,55000,0,0,0,'','работа с накладными\r\nформирование заказов\r\nуправление складским персоналом\r\nработа с ПК','опыт работы кладовщиком от 3 мес на складах адресного хранения.','ВАХТА&sbquo; график 6/1 по 12 часов\r\nЗП 1900р/смена.',1,1,'','','','2013-10-15 04:16:23','2013-10-15 04:16:23',0,'\0','\0',1,'','http://smolensk.rabota.ru/vacancy31855197.html?vac_page=view'),(124,'Грузчик',389,1,'Гуля Козлова','+7 (800)  7003367 звонок по РФ бесплатный','',21000,28000,0,0,0,'','Разгрузка&sbquo; погрузка&sbquo; комплектация','','10-12-и часовой рабочий день\r\nЗарплата от 18000 до 27000 р/мес (в зависимости от количества рабочих часов и сложности работы)\r\nЕженедельные авансовые выплаты\r\nРабота вахтовым методом (вахты 28&sbquo; 45 и 56 рабочих дней)\r\nСлавянские коллективы складских работников\r\nПроживание и рабочая одежда за счет компании\r\nОплата в последний день вахты (выдача зарплаты в кассе)\r\nВозможность карьерного роста до бригадира при хороших показателях работы и соблюдении дисциплины\r\nПремииза привлечениесотрудников на объекты нашей компании&sbquo; Увеличение ставки за рабочий час при повторной вахте',1,1,'','','','2013-10-15 04:16:41','2013-10-15 04:16:41',0,'\0','\0',1,'','http://smolensk.rabota.ru/vacancy31972532.html?vac_page=view'),(125,'Упаковщик на конвейер',389,1,'Ветрово Эльвира','+7 (495)  9843367','',24000,0,0,0,0,'','Работа на конвейере','Можно без опыта работы\r\nВнимательность&sbquo;скорость','работа вахтовым методом',1,1,'','','','2013-10-15 04:17:02','2013-10-15 04:17:02',0,'\0','\0',1,'','http://smolensk.rabota.ru/vacancy33378918.html?vac_page=view'),(126,'Водитель погрузчика',389,1,'Николаева Светлана','+7 (926)  9925993','',30000,75000,0,0,0,'','Разгрузо-погрузочные работы','','для работы на складах Москвы и МО\r\nВахтовый метод работы 28/45/56 смен\r\nбесплатное общежитие&sbquo;\r\nльготное питание',1,1,'','','','2013-10-15 04:17:34','2013-10-15 04:17:34',0,'\0','\0',1,'','http://smolensk.rabota.ru/vacancy32578183.html?vac_page=view'),(127,'Продавец-консультант',389,1,'Юркова Ольга','+7 (925)  0839247','',25000,0,0,0,0,'','Работа в магазинах молодёжной одежды\r\nконсультирование покупателей. Магазины в Москве.','Ответственные&sbquo; пунктуальные&sbquo; общительные\r\nс опытом и без опыта работы','График работы вахта 28/45/56 смен&sbquo; смены по 11-12 часов&sbquo; выходные скользящие.\r\nВсем сотрудникам предоставляется бесплатное общежитие&sbquo; питание&sbquo; спецодежда выдаётся&sbquo; еженедельный аванс 1000 рублей&sbquo; заработная плата своевременная.\r\nТРУДОУСТРОЙСТВО В ДЕНЬ ОБРАЩЕНИЯ!',1,1,'','','','2013-10-15 04:17:49','2013-10-15 04:17:49',0,'\0','\0',1,'','http://smolensk.rabota.ru/vacancy32578433.html?vac_page=view'),(128,'Продавец кассир',389,1,'Николаева Светлана','+7 (926)  9925993','',25000,55000,0,0,0,'','Работа с кассой или терминалом\r\nвыкладка товара.','','для работы в Москве и М/О\r\nРабота вахтовым методом 28/45/56 смен.\r\nПредоставляется бесплатное общежитие&sbquo; льготное питание.\r\nЕженедельные авансы.',1,1,'','','','2013-10-15 04:17:57','2013-10-15 04:17:57',0,'\0','\0',1,'','http://smolensk.rabota.ru/vacancy32628114.html?vac_page=view'),(129,'Кассир',389,1,'Ветрово Эльвира','+7 (495)  9843367','',24000,0,0,0,0,'','Работа за кассой','Внимательность&sbquo;честность\r\nОпыт работы кассиром','10-12-и часовой рабочий день',1,1,'','','','2013-10-15 04:18:22','2013-10-15 04:18:22',0,'\0','\0',1,'','http://smolensk.rabota.ru/vacancy33379185.html?vac_page=view'),(130,'Упаковщик',389,1,'Заворуева Валерия','+7 (495)  9843395','',30000,0,0,0,0,'','Погрузо-разгрузочные работы&sbquo; разделка&sbquo; работа на упаковочных линиях и вручную.','опыт работы не обязателен\r\nрассматриваются соискатели из других городов\r\nобразование не ниже среднего\r\nсотрудники на вахту&sbquo; на территории работодателя','Трудоустройство по договору в день обращения&sbquo; предоставляется бесплатное проживание&sbquo; работа вахтовым методом 45/56 смен.\r\nОбъекты находятся в г.Москва и Московской области.',1,1,'','','','2013-10-15 04:18:44','2013-10-15 04:18:44',0,'\0','\0',1,'','http://smolensk.rabota.ru/vacancy32500392.html?vac_page=view'),(131,'Работник торгового зала',389,1,'Моисеева Анна','+7 (925)  0901931','',0,0,0,0,0,'','Выкладка товаров\r\nконтроль срока годности продукции\r\nрасстановка ценников\r\nпродавцы за прилавком (сырная&sbquo; колбасная&sbquo; мясная продукция)','образование: не ниже среднего\r\nопыт работы: не обязателен;\r\nсвободно владеющие русским языком;','Вахта 28/45/56 рабочих смен на Ваш выбор&sbquo; график - 7/0\r\nбесплатное общежитие\r\nеженедельные авансы\r\n2-х разовое питание\r\nВозможность карьерного роста до бригадира при хороших показателях работы и соблюдении дисциплины\r\nРабота в дружном коллективе\r\nПремии за привлечение сотрудников на объекты нашей компании\r\nТРУДОУСТРОЙСТВО БЕСПЛАТНОЕ\r\nДополнительной записи на собеседование не требуется. Ждем Вас каждый будний день с 9 до 18 по адресу: г. Москва&sbquo; Электрический пер.&sbquo; д.3/10&sbquo; стр. 3&sbquo; офис 502',1,1,'','','','2013-10-15 04:19:20','2013-10-15 04:19:20',0,'\0','\0',1,'','http://smolensk.rabota.ru/vacancy32291574.html?vac_page=view'),(132,'Сканировщики- упаковщики',389,1,'Юркова Ольга','+7 (925)  0839247','',25000,47000,0,0,0,'','работа на складах (Москва и Московская область)\r\nсканировка\r\nупаковка товара\r\nсборка товара по накладным.','','График работы ВАХТА 28&sbquo; 45 и 56 дней (на выбор)&sbquo; смены по 12 часов&sbquo; выходные скользящие.\r\nПредоставляется бесплатное общежитие&sbquo; питание не на всех объектах&sbquo; спецодежда выдаётся.\r\nОформление по договору подряда.\r\nЗаработная плата своевременная&sbquo; авансы каждую неделю 1000 рублей.\r\nТРУДОУСТРОЙСТВО В ДЕНЬ ОБРАЩЕНИЯ!\r\nТовар разный: одежда&sbquo; продукты питания&sbquo; печатная продукция&sbquo; спорттовары и другие.',1,1,'','','','2013-10-15 04:19:32','2013-10-15 04:19:32',0,'\0','\0',1,'','http://smolensk.rabota.ru/vacancy33104741.html?vac_page=view'),(133,'Сборщик',389,1,'Ветрово Эльвира','+7 (495)  9843367','',24000,0,0,0,0,'','','','работа вахтовым методом\r\n10-12-и часовой рабочий день\r\nзарплата от 25000 до 27000 р/мес (при вахте в 28 дней) (в зависимости от количества рабочих часов и сложности работы)\r\nеженедельные авансовые выплаты\r\nпроживание и рабочая одежда за счет компании\r\nоплата в последний день вахты (выдача зарплаты в кассе)\r\nвозможность карьерного роста до бригадира при хороших показателях работы и соблюдении дисциплины\r\nпремии за привлечение сотрудников на объекты нашей компании&sbquo; увеличение ставки за рабочий час при повторной вахте\r\nпри повторной вахте мы так же компенсируем Вам стоимость проезда до Москвы + выплачиваем премию.\r\nтрудоустройство бесплатное',1,1,'','','','2013-10-15 04:19:46','2013-10-15 04:19:46',0,'\0','\0',1,'','http://smolensk.rabota.ru/vacancy33379098.html?vac_page=view'),(134,'Программист для создания и поддержания  личного сайта',388,1,'Белова Наталья Алексеевна','+7 (910)  4565316','',15000,25000,0,0,0,'','поддержание личного сайта и написание комментариев к статьям&sbquo; с возможностью создания\\программирования нового сайта в дальнейшем.','знания интернет-технологий&sbquo; программирования и редактирования сайтов&sbquo; высшее образование\r\nнавыки по поддержанию сайтов и умение писать краткие статьи или комментарии.','стабильная работа\r\nзарплата&sbquo; в зависимости от объема и качества работы.\r\nРабота ежедневная не менее 6-8 часов в день.\r\nВ испытательный срок - первый месяц: зарплата 10-15 тыс.рублей в месяц&sbquo; а со второго месяца зарплата&sbquo; в зависимости от результатов первого месяца&sbquo; объема и качества интернет-услуг.\r\nРабота на длительный срок.\r\nВозможно подписание договора с возможностью предоставления комфортного жилья на время работы в Ставропольском крае на семью до 3-х человек.',1,1,'','','','2013-10-15 04:20:05','2013-10-15 04:20:05',0,'\0','\0',1,'','http://smolensk.rabota.ru/vacancy33814531.html?vac_page=view'),(135,'Продавец-консультант',398,1,'Силкина Марина','+7 (903)  8936565','',18000,30000,0,0,0,'','обслуживание клиентов физических лиц\r\nконсультации клиентов по услугам Компании\r\nпродажа оборудования&sbquo; сим-карт&sbquo; услуг мобильной и фиксированной связи','высшее или средне-специальное образование\r\nкоммуникативные навыки\r\nзнание ПК на уровне уверенного пользователя','работа в штате Компании\r\nоформление по ТК\r\nпредоставление служебной сотовой связи&sbquo; ДМС\r\nгарантированный фиксированный оклад+премияот продаж',1,1,'','','','2013-10-15 04:20:13','2013-10-15 04:20:13',0,'\0','\0',1,'','http://smolensk.rabota.ru/vacancy33073031.html?vac_page=view'),(136,'Тренер по продажам на массовом рынке',398,1,'Силкина Марина','+7 (903)  8936565','',23000,27000,0,0,0,'','Основная задача Тренера &ndash; организация и проведение обучающих мероприятий (тренингов&sbquo; семинаров&sbquo; мастер классов)&sbquo; информационная адаптация нового персонала\r\nконтроль качества обучения сотрудников собственной брендированной сети&sbquo; внешней торговой и франчайзинговой сети по продажам и продуктам Компании;\r\nосуществление полевых визитов в салоны;\r\nконсультирование и обучениеспециалистовсалонов собственной брендированной сетипо вопросам обучения и развития;\r\nдостижение показателей по продажам на массовом рынке','коммуникабельный\r\nответственный\r\nнацеленный на результат','оформление по ТК РФ\r\nслужебная сотовая связь&sbquo; ДМС',1,1,'','','','2013-10-15 04:20:25','2013-10-15 04:20:25',0,'\0','\0',1,'','http://smolensk.rabota.ru/vacancy33813919.html?vac_page=view'),(137,'Гувернантка с пед. образованием и англ. языком',388,1,'Белова Наталья Алексеевна','+7 (910)  4565316','',50000,60000,0,0,0,'','развитие&sbquo; занятия с детьми посредством ролевых игр\r\nуход и контроль режима дня&sbquo; правила хорошего тонаи т.д.','пед.образование\r\nзнание англ.языка - обязательны&sbquo; а также: опыт работы в ДОУ или семьях\r\nзнание методик развития\r\nчистые мед.анализы на: Вич&sbquo; Гепатит В и С&sbquo; РВ&sbquo; общий анализ крови и флюроографии\r\nспортивность&sbquo; порядочность&sbquo; аккуратность&sbquo; высокий уровень общей культуры и наличие внутренней.','вакансия с питанием и проживанием в отд.комнате&sbquo;',1,1,'','','','2013-10-15 04:20:36','2013-10-15 04:20:36',0,'\0','\0',1,'','http://smolensk.rabota.ru/vacancy33835166.html?vac_page=view'),(138,'Водитель штабелёра',392,1,'Шарова Юлия','+7 (911)  3965046 10.00.-19.00.','',40000,42000,0,0,0,'','Проведение погрузочных и разгрузочных работ на погрузчике-штабелёре.','стаж работы на складе от 1 года.\r\nНужны люди аккуратные','Минимальный срок вахты 45 рабочих смен. Длительность смены 11 часов (1 час перерыва)&sbquo; дневные и ночные смены&sbquo; возможность подработок.\r\nПредоставляем благоустроенное общежитие (140 руб\\сутки в счет заработной платы)&sbquo; 3-х разовое питание&sbquo; доставку до места работы корпоративным транспортом бесплатно.',1,1,'','','','2013-10-15 04:20:45','2013-10-15 04:20:45',0,'\0','\0',1,'','http://smolensk.rabota.ru/vacancy33836169.html?vac_page=view'),(139,'Упаковщик, комплектовщик',389,1,'Адоньева Марина','+7 (917)  5407333 С11-21','',24480,28560,0,0,0,'','Упаковка&sbquo; комплектовка различной продукции ( одежда&sbquo; обувь&sbquo; автозапчасти)','Личные качества: ответственность&sbquo; целеустремленность&sbquo; высокая работоспособность&sbquo; коммуникабельность&sbquo; пунктуальность\r\nжелателен опыт работы комплектовщиком','Работа в МО&sbquo; г. Ногинск\r\n11-12 часовая работа\r\nиногородним предоставляется общежития в шаговой доступности от места работы\r\nвахтовая работа\r\nИмеются дневные и ночные смены\r\nЗ/п от 24480&sbquo; в зависимости от наработанных часов',1,1,'','','','2013-10-15 04:20:57','2013-10-15 04:20:57',0,'\0','\0',1,'','http://smolensk.rabota.ru/vacancy33814685.html?vac_page=view'),(140,'Комплектовщица',389,1,'Мироник Юлия','+7 (495)  9843367','',25000,0,0,0,0,'','Упаковка\r\nКомплектовка','Можно без опыта работы.','ВАХТА 28/45/56 месяца.\r\nЗ/П от 25000\r\nОбщежитие БЕСПЛАТНО!!!\r\nГрафик работы 6-1. Смены по 12 часов.\r\nАвансы выплачиваются еженедельно\r\nТрудоустройство в день приезда.',1,1,'','','','2013-10-15 04:21:14','2013-10-15 04:21:14',0,'\0','\0',1,'','http://smolensk.rabota.ru/vacancy33817483.html?vac_page=view'),(141,'Формовщик',389,1,'Адоньева Марина','+7 (917)  5407333 С 11-21','',19200,30000,0,0,0,'','Формовка керамических материалов\r\nработа на керамическом заводе','Личные качества: ответственность&sbquo; целеустремленность&sbquo; высокая работоспособность&sbquo; коммуникабельность','Вахта минимум 45 дней\r\nсо второй вахты оплата повышается\r\nИмеются дневные и ночные смены\r\nработа по 8&sbquo;16&sbquo; оплачиваются все часы работы\r\nпредоставляется общежитие в шаговой доступности до работы\r\nРабота в г. Коломне',1,1,'','','','2013-10-15 04:21:32','2013-10-15 04:21:32',0,'\0','\0',1,'','http://smolensk.rabota.ru/vacancy33814856.html?vac_page=view'),(142,'Грузчик комплектовщик',389,1,'Мироник Юлия','+7 (495)  9843367','',25000,0,0,0,0,'','Разгрузочно-погрузочные работы','Можно без опыта работы.','ВАХТА28/45/56 месяца.\r\nЗ/П от 25000\r\nОбщежитие БЕСПЛАТНО!!!\r\nГрафик работы 6-1. Смены по 12 часов.\r\nАвансы выплачиваются еженедельно\r\nТрудоустройство в день приезда.',1,1,'','','','2013-10-15 04:21:41','2013-10-15 04:21:41',0,'\0','\0',1,'','http://smolensk.rabota.ru/vacancy33817063.html?vac_page=view'),(143,'Помощница по дому-няня в московскую семью',388,1,'Белова Наталья Алексеевна','+7 (495)  5000200','',30000,40000,0,0,0,'','помощь по хозяйству (уборка&sbquo; глажка&sbquo; иногда возможно приготовление пищи) или уход за ребенком.','образование не ниже средне-специального или в\\о&sbquo;\r\nаккуратность\r\nответственность\r\nспортивность\r\nпедагогическое образование\r\nумение вкусно готовить приветствуется&sbquo; но не обязательно.','хорошие&sbquo; возможны накопительные выходные&sbquo; исходя из графика 6\\1.\r\nЗарплата от 30-40 тыс.рублей в месяц&sbquo; в зависимости от образования&sbquo; качества&sbquo; навыков и объема работы.\r\nВакансия срочная!',1,1,'','','','2013-10-15 04:21:57','2013-10-15 04:21:57',0,'\0','\0',1,'','http://smolensk.rabota.ru/vacancy33814757.html?vac_page=view'),(144,'Кассир',392,1,'Шарова Юлия','+7 (911)  3965046 с 10.00.-19.00.','',42800,44500,0,0,0,'','обслуживание и расчет покупателей','Работа на линии касс в гипермаркетах Москвы','6\\1&sbquo; смена 11 часов&sbquo; перерывы на обед и отдых\r\nгибкий график\r\nВахта от 45 рабочих смен\r\nпредоставляем бесплатное общежитие и 3-х разовое питание\r\nдоставляем от общежития до места работы и обратно бесплатно.',1,1,'','','','2013-10-15 04:22:07','2013-10-15 04:22:07',0,'\0','\0',1,'','http://smolensk.rabota.ru/vacancy33778825.html?vac_page=view'),(145,'Кассир',392,1,'Шарова Юлия','+7 (911)  3965046 с 10.00.-19.00.','',40000,44500,0,0,0,'','работа на линии касс в крупных гипермаркетах Москвы','аккуратность\r\nвнимательность\r\nчестность.','Вахта от 45 рабочих смен&sbquo; смены по 11 часов с перерывами на отдых&sbquo; 6\\1&sbquo; гибкий график.\r\nПредоставляем благоустроенное бесплатное общежитие и 3-х разовое питание\r\nдоставка от общежития до работы и обратно нашим транспортом (бесплатно).',1,1,'','','','2013-10-15 04:22:20','2013-10-15 04:22:20',0,'\0','\0',1,'','http://smolensk.rabota.ru/vacancy33778871.html?vac_page=view'),(146,'Фасовщица',389,1,'Захарова Анна','+7 (917)  5403222','',25000,0,0,0,0,'','Комплектовка косметики\r\nРабота на конвейере','Можно без опыта работы.','ВАХТА 28/45/56 месяца.\r\nЗ/П от 25000\r\nОбщежитие предоставляется БЕСПЛАТНО!!!\r\nГрафик работы 6-1. Смены по 12 часов.\r\nАвансы выплачиваются еженедельно\r\nТрудоустройство в день приезда',1,1,'','','','2013-10-15 04:22:37','2013-10-15 04:22:37',0,'\0','\0',1,'','http://smolensk.rabota.ru/vacancy33780460.html?vac_page=view'),(147,'Грузчик упаковщик',389,1,'Воронина Наталия','+7 (495)  9843395','',26000,0,0,0,0,'','','','Работа Вахтой 15/28/45/56 раб. смен\r\nБесплатное жилье в день обращения\r\nРабота недалеко от места проживания\r\nРабочая форма выдается на объекте\r\nБесплатное питание\r\nЕженедельные авансы\r\nВозможность карьерного роста при хороших показателях работы\r\nДействует акция &quot;приведи друга&quot;',1,1,'','','','2013-10-15 04:22:45','2013-10-15 04:22:45',0,'\0','\0',1,'','http://smolensk.rabota.ru/vacancy33817090.html?vac_page=view'),(148,'Уборщица',399,1,'Харланович Анастасия','+7 (800)  7753682','',25000,0,0,0,0,'','Уборка помещений бизнес-центра','Порядочность&sbquo; ответственность','Оформление по трудовому договору\r\nРабота в г.Москва\r\nОплата жилья за счет нанимателя',1,1,'','','','2013-10-15 04:23:16','2013-10-15 04:23:16',0,'\0','\0',1,'','http://smolensk.rabota.ru/vacancy33761909.html?vac_page=view'),(149,'Стикеровщик',392,1,'Шарова Юлия','+7 (911)  3965046 10.00.-19.00.','',0,0,0,0,0,'','стикеровка товара(косметика).','внимательность&sbquo;\r\nответственность.','Сменный график(дневные и ночные смены)&sbquo;длительность смены 11ч&sbquo;перерыв 1 час.',1,1,'','','','2013-10-15 04:23:32','2013-10-15 04:23:32',0,'\0','\0',1,'','http://smolensk.rabota.ru/vacancy33725885.html?vac_page=view'),(150,'кровельщик',399,1,'Харланович Анастасия','+7 (926)  2351997','',40000,0,0,0,0,'','Укладка мягкой кровли','Умение класть мягкую кровлю','Работа на объекте в г. Москва\r\nПроезд на рабочее место за счет работодателя БЕСПЛАТНО!\r\nЕжедневный бесплатный проезд на рабочее место за счет работодателя\r\nОфициальное оформление по трудовому договору',1,1,'','','','2013-10-15 04:23:49','2013-10-15 04:23:49',0,'\0','\0',1,'','http://smolensk.rabota.ru/vacancy33741647.html?vac_page=view'),(151,'Стикеровщик',392,1,'Шарова Юлия','+7 (911)  3965046 с 10.00.-19.00.','',0,0,0,0,0,'','стикеровка товаров(бытовая химия и косметика)','образование не ниже среднего&sbquo;\r\nжелателен опыт работы на складе от 6 мес.','оформление СТРОГО с соблюдением ТК РФ (срочный трудовой договор)&sbquo;\r\nдневные и ночные смены&sbquo; длительность смены 11 ч.&sbquo;перерыв 1 ч.&sbquo;\r\nпредоставляем бесплатное общежитие&sbquo;\r\n3-х разовое питание(вычет из зарплаты 100р. в день)&sbquo;\r\nобъект находится от общежития в шаговой доступности.',1,1,'','','','2013-10-15 04:24:04','2013-10-15 04:24:04',0,'\0','\0',1,'','http://smolensk.rabota.ru/vacancy33711594.html?vac_page=view'),(152,'Швея',389,1,'Сиротенко Елена','+7 (495)  9843367','',27500,0,0,0,0,'','Пошив столового текстиля&sbquo; штор&sbquo; тюля&sbquo; ламбрекенов&sbquo; покрывал&sbquo; подушек&sbquo; чехлов на мебель.\r\nРаскрой единичных изделий;\r\nПошив и ремонт','Мужчины/женщины\r\nМожно без опыта работы.','Работа дружелюбном коллективе\r\nЗ/п 27500 руб&sbquo;\r\nВахта 28/45/56&sbquo; полный день&sbquo; работа на территории работодателя\r\nПредоставление спецодежды\r\nВозможность профессионального и карьерного роста\r\nБесплатное питание\r\nПредоставляется жилье',1,1,'','','','2013-10-15 04:24:11','2013-10-15 04:24:11',0,'\0','\0',1,'','http://smolensk.rabota.ru/vacancy33513108.html?vac_page=view'),(153,'Упаковщик новогодних подарков',400,1,'Ефимов Алексей','+7 (906)  7602478','',23000,0,0,0,0,'','Упаковка подарочных наборов с конфетами на конвейерной линии.\r\nСбор подарочных коробов.\r\nТранспортировка продукции по территории комбината.','Наличие ЛМК (помощь в оформлении)','Работы на территории крупнейшего московского пищевого комбината\r\nОбучение в течение 1 смены\r\nОплачиваемые перерывы + возможно употреблять производимую продукцию\r\nПредоставляется общежитие и униформа\r\nОт 88р./час+доплаты при перевыполнении нормы. В среднем от 1200р. за смену',1,1,'','','','2013-10-15 04:24:24','2013-10-15 04:24:24',0,'\0','\0',1,'','http://smolensk.rabota.ru/vacancy33485483.html?vac_page=view'),(154,'Разнорабочий (В Калужскую область)',392,1,'Ямпольская Лариса','+7 (904)  6921744','',22000,35000,0,0,0,'','Сборка бытовой техники','','Работа на конвейере',1,1,'','','','2013-10-15 04:24:47','2013-10-15 04:24:47',0,'\0','\0',1,'','http://smolensk.rabota.ru/vacancy33676053.html?vac_page=view'),(155,'Фасовщица',392,1,'Шарова Юлия','+7 (911)  3965046 10.00.-19.00.','',0,0,0,0,0,'','упаковка готовой продукции&sbquo;работа на конвейре.','желателен опыт работы на производстве.','дневные и ночные смены&sbquo;длительность смены 11 час.&sbquo;перерыв 1 ч.',1,1,'','','','2013-10-15 04:25:55','2013-10-15 04:25:55',0,'\0','\0',1,'','http://smolensk.rabota.ru/vacancy33713081.html?vac_page=view'),(156,'Грузчик',401,1,'Сборик Алена','+7 (9)  0397509','',11950,0,0,0,0,'','Работа на складе бытовой техники','','Официальное трудоустройство\r\nграфик работы 5/2\r\nЗ/П на руки',1,1,'','','','2013-10-15 04:26:14','2013-10-15 04:26:14',0,'\0','\0',1,'','http://smolensk.rabota.ru/vacancy33145432.html?vac_page=view'),(157,'Водитель погрузчика на склад в Московской области',392,1,'Астахова Юлия','+7 (963)  6098257','',26000,45000,0,0,0,'','Управлять складской техникой фирмы &laquo;Jungheinrich&raquo;.\r\nПроизводство погрузо-разгрузочных работ&sbquo; работы по штабелированию и установки груза на стеллажи при помощи средств механизации.\r\nПодбор и комплектации товара&sbquo; как вручную&sbquo; так и при помощи средств механизации&sbquo; в строгом соответствии с заказами: Накладная&sbquo; лист подбора&sbquo; информация по заказу&sbquo; или подобные документы.\r\nРаботы со сканером-терминалом: &laquo;Symbol 3090&raquo;&sbquo; &laquo;Symbol 3091&raquo;','обязательно удостоверение нового образца (пластик).','Вахта минимальная от 45 дней&sbquo; график 6/1&sbquo; смены по 12 часов.\r\nЗар./пл 120 руб./час (выплачивается 2 раза в месяц).\r\nЖилье предоставляется бесплатно.\r\nТрудоустройство бесплатное в день обращения.',1,1,'','','','2013-10-15 04:26:24','2013-10-15 04:26:24',0,'\0','\0',1,'','http://smolensk.rabota.ru/vacancy33628001.html?vac_page=view'),(158,'Упаковщик-комплектовщик',389,1,'Захарова Анна','+7 (495)  9843367','',25000,0,0,0,0,'','Комплектовка&sbquo; упаковка&sbquo; маркировка мебели.','Опыт работы не требуется','',1,1,'','','','2013-10-15 04:26:35','2013-10-15 04:26:35',0,'\0','\0',1,'','http://smolensk.rabota.ru/vacancy33701351.html?vac_page=view'),(159,'Кассир',401,1,'Сборик Алена','+7 (905)  0397509','',12800,0,0,0,0,'','Осуществление денежного расчета\r\nоперации с денежными средствами и ценными бумагами\r\nсоставление кассовой отчетности.','','Официальное трудоустройство\r\nграфик работы 5/2\r\nЗ/П на руки + премии',1,1,'','','','2013-10-15 04:27:10','2013-10-15 04:27:10',0,'\0','\0',1,'','http://smolensk.rabota.ru/vacancy33145334.html?vac_page=view'),(160,'Разнорабочий на завод в Московской области',392,1,'Астахова Юлия','+7 (963)  6098257','',22000,35000,0,0,0,'','сборка бытовой техники\r\nработа за конвейерной линией.','Опыт работы не требуется.','Жилье предоставляется бесплатно&sbquo; 3-х разовое питание -100 руб./сут. (вычет из з/п.)\r\nЗ/п 85 руб./час первые 2 месяца&sbquo; на третий месяц 95 руб./час. Выплачивается 2 раза в месяц.\r\nТрудоустройство бесплатное&sbquo; в день обращения.\r\nВахта 30&sbquo; 45&sbquo; 60&sbquo; 90 дней&sbquo; смены от 12 до 16 часов&sbquo; 6/1.',1,1,'','','','2013-10-15 04:27:26','2013-10-15 04:27:26',0,'\0','\0',1,'','http://smolensk.rabota.ru/vacancy33625878.html?vac_page=view'),(161,'Грузчик на склад в Московской области',392,1,'Астахова Юлия','+7 (963)  6098257','',20000,35000,0,0,0,'','','Знание правил выгрузки&sbquo; приёмки&sbquo; комплектации и отгрузки товара.\r\nИметь опыт производства погрузо-разгрузочных работ как вручную&sbquo; так и с использованием средств малой механизации (механические тележки).','Вахта минимальная от 45 дней&sbquo; график 6/1&sbquo; смены по 12 часов.\r\nЗ/п 85 руб./час&sbquo; (выплачивается 2 раза в месяц).\r\nЖилье предоставляется бесплатно.\r\nТрудоустройство бесплатное в день обращения.',1,1,'','','','2013-10-15 04:27:40','2013-10-15 04:27:40',0,'\0','\0',1,'','http://smolensk.rabota.ru/vacancy33628140.html?vac_page=view'),(162,'Разнорабочий (в Липецкую область)',392,1,'Ямпольская Лариса','+7 (904)  6921744','',22000,35000,0,0,0,'','Сборка бытовой техники','','Работа на конвейере',1,1,'','','','2013-10-15 04:27:51','2013-10-15 04:27:51',0,'\0','\0',1,'','http://smolensk.rabota.ru/vacancy33675948.html?vac_page=view'),(163,'Стикеровщик',392,1,'Шарова Юлия','+7 (911)  3965046 10.00.-19.00.','',0,0,0,0,0,'','стикеровка товара','желателен опыт работы на складе от 6 мес.','дневные и ночные смены&sbquo;смена 11 часов&sbquo;перерыв 1 час.',1,1,'','','','2013-10-15 04:28:06','2013-10-15 04:28:06',0,'\0','\0',1,'','http://smolensk.rabota.ru/vacancy33712332.html?vac_page=view'),(164,'Специалист отдела доставки',402,1,'отдел по подбору персонала','+7 (800)  7001222','',0,0,0,0,0,'','Своевременная доставка товара\r\nДоставка не крупно-габаритного товара до 10 кг','','График работы 5/2\r\nБыстрый и стремительный карьерный рост\r\nКвалифицированное\r\nОплачиваемое обучение\r\nРабота в дружной команде профессионалов\r\nОфициальная&sbquo; стабильная заработная плата\r\nОформление по ТК РФ\r\nПолный социальный пакет\r\nКомфортные условия работы',1,1,'','','','2013-10-15 04:28:24','2013-10-15 04:28:24',0,'\0','\0',1,'','http://smolensk.rabota.ru/vacancy31311326.html?vac_page=view'),(165,'Водитель погрузчика  на завод в Московской области',392,1,'Астахова Юлия','+7 (963)  6098257','',26000,40000,0,0,0,'','','Обязательно наличие удостоверения на право вождения погрузчика.','Вахта 45 &sbquo;60&sbquo; 90 дней&sbquo; график 6/1&sbquo; смены от 12 до 16 часов.\r\nЗ/ п. 100 руб./час.&sbquo; выплачивается 2 раза в месяц.\r\nЖилье предоставляется бесплатно&sbquo; 3-х разовое питание-100 руб./сут (вычет из з/ п. по окончании вахты).\r\nТрудоустройство бесплатно&sbquo; в день обращения.',1,1,'','','','2013-10-15 04:28:43','2013-10-15 04:28:43',0,'\0','\0',1,'','http://smolensk.rabota.ru/vacancy33626107.html?vac_page=view'),(166,'Дражировщица',389,1,'Захарова Анна','+7 (495)  9843367','',37000,0,0,0,0,'','Ведение технологического процесса изготовления цветного&sbquo; шоколадного драже.\r\nПриготовление машинным способом различных корпусов драже: ликерных&sbquo; помадных&sbquo; желейных&sbquo; фруктово-ягодных&sbquo; карамельных&sbquo; ореховых.\r\nИзготовление полуфабрикатов требуемой формы и размера с хорошо выравненной поверхностью путем накатки (отделки) сахарной пудры на корпусы драже в дражировочных котлах.','внимательность&sbquo; ответственность.','ВАХТА 45/56 месяца.\r\nЗ/П от 37 000 за 45 дней вахты\r\nОбщежитие БЕСПЛАТНО!!!\r\nГрафик работы 6-1&sbquo;7-0.\r\nСмены по 12 часов.\r\nАвансы выплачиваются еженедельно\r\nТрудоустройство в день приезда.',1,1,'','','','2013-10-15 04:29:01','2013-10-15 04:29:01',0,'\0','\0',1,'','http://smolensk.rabota.ru/vacancy33652969.html?vac_page=view'),(167,'Грузчик',389,1,'Анна','+7 (495)  9843367','',25000,0,0,0,0,'','Разгрузочно-погрузочные работы','Можно без опыта работы.','ВАХТА 28/45/56 месяца.\r\nЗ/П от 25000\r\nОбщежитие БЕСПЛАТНО!!!\r\nГрафик работы 6-1.\r\nСмены по 12 часов.\r\nАвансы выплачиваются еженедельно\r\nТрудоустройство в день приезда.',1,1,'','','','2013-10-15 04:29:20','2013-10-15 04:29:20',0,'\0','\0',1,'','http://smolensk.rabota.ru/vacancy33653026.html?vac_page=view'),(168,'Разнорабочий (в Московскую область)',392,1,'Ямпольская Лариса','+7 (904)  6921744','',22000,35000,0,0,0,'','Сборка бытовой техники','','Работа на конвейере',1,1,'','','','2013-10-15 04:29:41','2013-10-15 04:29:41',0,'\0','\0',1,'','http://smolensk.rabota.ru/vacancy33672422.html?vac_page=view'),(169,'Грузчик',392,1,'Шарова Юлия','+7 (911)  3965046 с 10.00.-19.00.','',25000,56000,0,0,0,'','Укладка готовой продукции.','Внимательность&sbquo;\r\nподвижность.','Вахта от 30 до 60 рабочих смен. Длительность смены 11ч. Перерыв 1ч.\r\nДневные и ночные смены.',1,1,'','','','2013-10-15 04:29:59','2013-10-15 04:29:59',0,'\0','\0',1,'','http://smolensk.rabota.ru/vacancy33698317.html?vac_page=view'),(170,'Кассир',401,1,'Амина','+7 (906)  1123234','',0,0,0,0,0,'','осуществление денежного расчета\r\nоперации с денежными средствами и ценными бумагами\r\nсоставление кассовой отчетности','опыт работы от 1 года','официальное трудоустройство\r\nграфик 5/2\r\nзп+премия директора',1,1,'','','','2013-10-15 04:30:18','2013-10-15 04:30:18',0,'\0','\0',1,'','http://smolensk.rabota.ru/vacancy33031318.html?vac_page=view'),(171,'Кассир',389,1,'Васильева Елена','+7 (495)  9843367','',25000,0,0,0,0,'','','','10-12-и часовой рабочий день\r\nзарплата от 25000 до 27000 р/мес (при вахте в 28 дней)(в зависимости от количества рабочих часов и сложности работы)\r\nеженедельные авансовые выплаты\r\nработа вахтовым методом (вахты 28&sbquo; 45 и 56 рабочих дней)\r\nславянские коллективы работников\r\nоплата в последний день вахты (выдача зарплаты в кассе)\r\nвозможность карьерного роста до бригадира при хороших показателях работы и соблюдении дисциплины\r\nпремии за привлечение сотрудников на объекты нашей компании&sbquo; увеличение ставки за рабочий час при повторной вахты\r\nпри повторной вахте мы так же компенсируем Вам стоимость проезда до Москвы + выплачиваем премию.\r\nтрудоустройство бесплатное',1,1,'','','','2013-10-15 04:30:27','2013-10-15 04:30:27',0,'\0','\0',1,'','http://smolensk.rabota.ru/vacancy33506224.html?vac_page=view'),(172,'Разнорабочий',392,1,'Ямпольская Лариса','+7 (904)  6921744','',22000,35000,0,0,0,'','Сборка бытовой техники','','Работа вахтой',1,1,'','','','2013-10-15 04:30:35','2013-10-15 04:30:35',0,'\0','\0',1,'','http://smolensk.rabota.ru/vacancy33644984.html?vac_page=view'),(173,'Кассир',401,1,'Амина','+7 (906)  1123234','',0,0,0,0,0,'','Осуществление денежного расчета\r\nОперации с денежными средствами и ценными бумагами\r\nСоставление кассовой отчетности','опыт работы от 1 года','официальное трудоустройство\r\nграфик 5/2\r\nзп+премии директора',1,1,'','','','2013-10-15 04:30:54','2013-10-15 04:30:54',0,'\0','\0',1,'','http://smolensk.rabota.ru/vacancy33031331.html?vac_page=view'),(174,'Слесарь сборщик',392,1,'Ямпольская Лариса','+7 (904)  6921744','',22000,35000,0,0,0,'','Сборка бытовой техники','Без опыта работы','Работа вахтой',1,1,'','','','2013-10-15 04:31:02','2013-10-15 04:31:02',0,'\0','\0',1,'','http://smolensk.rabota.ru/vacancy33627082.html?vac_page=view'),(175,'Кассир',392,1,'Астахова Юлия','+7 (963)  6098257','',20000,28000,0,0,0,'','работа за кассовым терминалом.','','Вахта 45 дней&sbquo; график 6/1&sbquo; смены от 10&sbquo;5 до 12 часов.\r\nЗ/п. 85 руб./час.&sbquo; выплачивается еженедельно.\r\nЖилье предоставляется бесплатно.\r\nЖелательно наличие мед.кн (Москва)&sbquo; при отсутствии мед. кн. делаем за счет з./п',1,1,'','','','2013-10-15 04:31:19','2013-10-15 04:31:19',0,'\0','\0',1,'','http://smolensk.rabota.ru/vacancy33624186.html?vac_page=view'),(176,'Кассир',392,1,'Ямпольская Лариса','+7 (904)  6921744','',22000,30000,0,0,0,'','Обслуживание покупателей за кассовым аппаратом','','Работа вахтой',1,1,'','','','2013-10-15 04:31:40','2013-10-15 04:31:40',0,'\0','\0',1,'','http://smolensk.rabota.ru/vacancy33627216.html?vac_page=view'),(177,'Грузчик',401,1,'Амина','+7 (906)  1123234','',0,0,0,0,0,'','Работа на складе бытовой техники','','официальное трудоустройство\r\nграфик 5/2\r\nзп+премии директора',1,1,'','','','2013-10-15 04:31:59','2013-10-15 04:31:59',0,'\0','\0',1,'','http://smolensk.rabota.ru/vacancy33031346.html?vac_page=view'),(178,'Сварщик-аргонщик',399,1,'Харланович Анастасия Владимировна','+7 (800)  5554285 звонок бесплатный','',45000,0,0,0,0,'','Сварка трубопроводов','Опыт работы с аргоном','Вахта 2 месяца',1,1,'','','','2013-10-15 04:32:39','2013-10-15 04:32:39',0,'\0','\0',1,'','http://smolensk.rabota.ru/vacancy33527514.html?vac_page=view'),(179,'Специалист по работе с клиентами (менеджер по продажам)',402,1,'отдел по подбору персонала','+7 (800)  7001222','',0,0,0,0,0,'','Консультирование клиентов при выборе товара\r\nПомощь клиентам в работе с терминалами и каталогами\r\nРабота на складе','Желателен опыт работы в продажах','График работы 5/2\r\nБыстрый и стремительный карьерный рост\r\nКвалифицированное Оплачиваемое обучение\r\nРабота в дружной команде профессионалов\r\nОфициальная&sbquo; стабильная заработная плата\r\nОформление по ТК РФ\r\nПолный социальный пакет\r\nКомфортные условия работы',1,1,'','','','2013-10-15 04:32:55','2013-10-15 04:32:55',0,'\0','\0',1,'','http://smolensk.rabota.ru/vacancy31311281.html?vac_page=view'),(180,'Начальник отдела',403,1,'Перова Надежда','+7 (930)  4012090','',33400,45000,0,0,0,'','Управление персоналом отдела;\r\nОрганизация работы по качественному обслуживанию покупателей;\r\nОбучение сотрудников;\r\nПоддержание презентации товара в отделе;\r\nАнализ продаж товара в отделе;\r\nРабота с контролирующими органами;\r\nОбеспечение сохранности вверенных товарно-материальных ценностей;\r\nРабота с рекламациями.','Образование высшее (незаконченное высшее);\r\nОпыт работы на руководящей должности в сфере торговли от года;\r\nОпыт руководства коллективом от 5 человек;\r\nУверенный пользователь ПК (MS Office);\r\nОрганизаторские способности&sbquo; гибкость&sbquo; энергичность&sbquo; ответственность&sbquo; нацеленность на результат;\r\nМы всегда готовы видеть в своих рядах активных&sbquo; динамичных&sbquo; целеустремленных людей&sbquo; желающих работать в спортивной индустрии.','Оформление по ТК: полностью официальная заработная плата от 31500 рублей;\r\nПремии по результатам работы за сезон;\r\nОплачиваемое обучение в Учебном центре Компании в Москве: возможность освоить передовые практики работы;\r\nКорпоративные скидки на товар;\r\nПерспектива профессионального и карьерного роста.',1,1,'','','','2013-10-15 04:33:15','2013-10-15 04:33:15',0,'\0','\0',1,'','http://smolensk.rabota.ru/vacancy33677235.html?vac_page=view'),(181,'Разнорабочий',389,1,'Храмцова Алисия','+7 (495)  9843367','',23000,0,0,0,0,'','Работа на складе&sbquo; на производстве.  - Комплектовка  - Упаковка  - Разгрузка/погрузка товара  - Работа на конвейере','','Работа вахтовым методом: 28&sbquo; 45&sbquo; 56 дней по 12 часов.  Общежитие бесплатно  Еженедельные авансы  Работа по Москве и Московской области',1,1,'','','','2013-10-15 04:33:36','2013-10-15 04:33:36',0,'\0','\0',1,'','http://smolensk.rabota.ru/vacancy33454415.html?vac_page=view'),(182,'Работник конвейера',389,1,'Храмцова Алисия','+7 (495)  9843367','',25000,0,0,0,0,'','Работа на конвейере фасовка товара','','Крупная стабильная московская компания приглашает на работу вахтовым методом на склады&sbquo; расположенные в Москве и городах Московской области Работников конвейера вахта 28/45/56 рабочих смен на Ваш выбор&sbquo; график - 6/1&sbquo; 7/0 бесплатное общежитие рядом с объектом еженедельные авансы Премии за привлечение сотрудников на объекты нашей компании ТРУДОУСТРОЙСТВО БЕСПЛАТНОЕ',1,1,'','','','2013-10-15 04:33:50','2013-10-15 04:33:50',0,'\0','\0',1,'','http://smolensk.rabota.ru/vacancy33454696.html?vac_page=view'),(183,'Уборщица',399,1,'Харланович Анастасия','+7 (800)  7753682','',25000,0,0,0,0,'','Уборка помещений бизнес-центра','Порядочность\r\nответственность','Оформление по трудовому договору\r\nРабота в г.Москва\r\nОплата жилья за счет нанимателя',1,1,'','','','2013-10-15 04:34:03','2013-10-15 04:34:03',0,'\0','\0',1,'','http://smolensk.rabota.ru/vacancy33761965.html?vac_page=view'),(184,'Грузчик комплектовщик',389,1,'Воронина Наталия','+7 (495)  9843367','',26000,0,0,0,0,'','','','На время работы предоставляется бесплатное жилье.\r\nРабота вахтовым методом 28/45/56 смен.\r\nТрудоустройство по трудовому договору\r\nоформление и заселение бесплатное в день обращения.',1,1,'','','','2013-10-15 04:34:21','2013-10-15 04:34:21',0,'\0','\0',1,'','http://smolensk.rabota.ru/vacancy33793274.html?vac_page=view'),(185,'Продавец кассир',389,1,'Адоньева Марина','+7 (917)  5407333','',24000,29000,0,0,0,'','Работа на кассе\r\nРабота в торговом зале в гипермаркете товаров для дома\r\nСледить за товаром\r\nротация\r\nзамена ценников\r\nконсультирование клиентов','Работоспособность\r\nОтветственность\r\nКоммуникабельность\r\nДля кассиров обязательно знание кассы','Вахтовая работа в Москве м. Юго-Западная\r\nЕженедельные выплаты аванса\r\n80р\\час для продавцов-консультантов&sbquo; 85 р\\час для кассиров\r\nдневные смены\r\nПредоставляется общежитие в 15 мин езды на автобусе&sbquo; проезд оплачивается\r\nКассиры - с опытом работы&sbquo; продавцы - без!!\r\nРассматриваем кандидатов с других городов и регионов',1,1,'','','','2013-10-15 04:34:31','2013-10-15 04:34:31',0,'\0','\0',1,'','http://smolensk.rabota.ru/vacancy33807239.html?vac_page=view'),(186,'Слесарь сборщик',392,1,'Литвинова  Ксения','+7 (926)  9001719','',22000,35000,0,0,0,'','Сборка бытовой техники (стиральные машины&sbquo; телевизоры&sbquo; холодильники)','Можно без опыта','Вахта 3 месяц\r\nГрафик 6/1\r\nСмены от 8 до 16 часов\r\nЗ/п 85 руб/час&sbquo;выплаты 2 раза в месяц\r\nПредоставляется бесплатно общежитие\r\nТакже бесплатное 3-х разовое питание\r\nСпец.одежда выдается бесплатно',1,1,'','','','2013-10-15 04:34:40','2013-10-15 04:34:40',0,'\0','\0',1,'','http://smolensk.rabota.ru/vacancy33628114.html?vac_page=view'),(187,'Упаковщик',392,1,'Литвинова Оксана','+7 (926)  9001719','',27000,35000,0,0,0,'','Упаковка&sbquo; фасовка шоколадной продукции','Можно без опыта','ВАХТА от 1&sbquo;5 месяца\r\nСмены от 12 часов\r\nГрафик 6/1\r\nЗ/п 85 ч/ч&sbquo; выплаты 2 раза в месяц\r\nПредоставляется бесплатно общежитие&sbquo;в комнате от 3 - 4 человек.\r\nПитание 2-х разовое',1,1,'','','','2013-10-15 04:34:55','2013-10-15 04:34:55',0,'\0','\0',1,'','http://smolensk.rabota.ru/vacancy33689571.html?vac_page=view'),(188,'Бригадир бригады монтажников жбк',404,1,'Ткачёв Дмитрий Викторович','+7 (495)  2210536','',70000,0,0,0,0,'','Оформление заявок в ЦО\r\nРабота с бумагами\r\nРуководство бригадой из 15 человек','Знание СМКД\r\nОпыт работы\r\nДействующее удостоверение монтажника и стропальщика','Оформление по ТК\r\nПолная занятость\r\nПредоставляется питание',1,1,'','','','2013-10-15 04:35:09','2013-10-15 04:35:09',0,'\0','\0',1,'','http://smolensk.rabota.ru/vacancy33850102.html?vac_page=view'),(189,'Каменщик',404,1,'Ткачёв Дмитрий Викторович','+7 (495)  2210536 Светлана','',45000,0,0,0,0,'','Облицовочные и черновые работы в полкирпича','Желательно опыт работы в монолитном строительстве\r\nОпыт работы на аналогичной должности','Оформление по ТК\r\nРабота вахтой\r\nПитание\r\nСпецодежда выдается после нескольких отработанных смен\r\nЗ.п. сдельная: черновая работа-350 руб./полкирпича&sbquo; облицовочные работы-750 руб./полкирпича.',1,1,'','','','2013-10-15 04:35:31','2013-10-15 04:35:31',0,'\0','\0',1,'','http://smolensk.rabota.ru/vacancy33852880.html?vac_page=view'),(190,'Водитель автобуса',405,1,'Владимир Александрович, Вячеслав Георгиевич','+7 (495)  5433280','',50000,0,0,0,0,'','','наличие прав категории D','Оформление по ТК\r\nграфик работы: 1/1&sbquo; по согласованию с администрацией предоставляются краткосрочные отпуска по семейнымобстоятельствам&sbquo; для поездки домой.\r\nЕсть договоренность о платном проживании в общежитие.',1,1,'','','','2013-10-15 04:35:40','2013-10-15 04:35:40',0,'\0','\0',1,'','http://smolensk.rabota.ru/vacancy33848579.html?vac_page=view'),(191,'Рабочий (работа вахтой)',389,1,'Храмцова Алисия','+7 (495)  9843367','',24000,0,0,0,0,'','Упаковка&sbquo; комплектовка товаров\r\nпогрузочно-разгрузочные работы на складах (для мужчин)','','вахта 28/45/56 рабочих смен на Ваш выбор&sbquo; график - 6/1&sbquo;7/0\r\nбесплатное общежитие рядом с объектом\r\nеженедельные авансы\r\nВозможность карьерного роста до бригадира при хороших показателях работы и соблюдении дисциплины\r\nРабота в дружном коллективе\r\nПремии за привлечение сотрудников на объекты нашей компании.\r\nПредварительной записи на собеседование не требуется.\r\nПодъезжать можно по адресу: м. Белорусская (кольцевая)&sbquo; Электрический пер.&sbquo; д 3/10&sbquo; стр. 10&sbquo; 5 этаж&sbquo; 502 офис.',1,1,'','','','2013-10-15 04:35:58','2013-10-15 04:35:58',0,'\0','\0',1,'','http://smolensk.rabota.ru/vacancy33454756.html?vac_page=view'),(192,'Директор АТП',387,1,'Климченко Юлия','+7 (861)  2109810','',90000,120000,0,0,0,'','Организация&sbquo; управление и контроль эффективной деятельности АТП: контроль финансово-хозяйственной деятельности предприятия; управление персоналом&sbquo; взаимодействие с внешними контрагентами.\r\nОбеспечение безубыточной деятельности АТП.\r\nРеализация транспортной политики Компании в регионе расположения АТП.\r\nВнедрение технологии работы и стандартов&sbquo; принятых в Компании&sbquo; контроль их исполнения.\r\nОсуществление рационального распределения обязанностей между сотрудниками&sbquo; поддержание необходимого уровня трудовой и исполнительской дисциплины.\r\nОрганизация оптимального взаимодействия внутренних служб.\r\nКонтроль работы по поддержанию и развитию клиентской сети.\r\nОсуществление контроля за выполнением плана доставки филиала.\r\nРазработка комплекса мер по контролю потерь АТП.','Высшее образование.\r\nОпыт работы в автотранспортных предприятиях или подразделениях на руководящей должности.\r\nПриветствуется знание правил дорожного движения&sbquo; транспортного законодательства&sbquo; Трудового кодекса РФ&sbquo; знание правил эксплуатации технических средств.\r\nУверенный пользователь ПК.\r\nОтветственность&sbquo; инициативность&sbquo; стрессоустойчивость.','График работы с 09.00 -18.00&sbquo; 5/2;\r\nКомпенсация аренды жилья для иногородних кандидатов;\r\nКорпоративная программа обучения и ввода в должность;\r\nНовейшие технологии работы;\r\nНадбавка за выслугу и другие выплаты;\r\nБесплатные и льготные путевки для сотрудников и членов их семей;\r\nВозможность участия в корпоративных пенсионных программах;\r\nИнтересная работа в команде профессионалов.',1,1,'','','','2013-10-15 04:36:14','2013-10-15 04:36:14',0,'\0','\0',1,'','http://smolensk.rabota.ru/vacancy33654330.html?vac_page=view'),(193,'Фасовщица',392,1,'Шарова Юлия','+7 (911)  3965046 10.00.-19.00.','',37000,56000,0,0,0,'','Фасовка готовой продукции (кондитерские изделия или корма для животных).','Умение работать в быстром темпе.','Минимальный срок вахты 45 рабочих смен. Длительность смены 11 часов(1 час перерыва).\r\nПредоставляем бесплатно благоустроенное общежитие&sbquo; 3-х разовое питание&sbquo; проезд от общежития до работы и обратно.',1,1,'','','','2013-10-15 04:36:21','2013-10-15 04:36:21',0,'\0','\0',1,'','http://smolensk.rabota.ru/vacancy33854418.html?vac_page=view'),(194,'Плотник-бетонщик',404,1,'Ткачёв Дмитрий Викторович','+7 (495)  2210536 Светлана','',40000,0,0,0,0,'','монтаж горизонтальной и вертикальной опалубки;\r\nукладка бетонной смеси .','опыт работы в монолитном строительстве;\r\nопыт работы на аналогичной должности .','оформление по ТК;\r\nработа вахтой;\r\nпитание;\r\nспецодежда выдается после нескольких отработанных смен.',1,1,'','','','2013-10-15 04:36:39','2013-10-15 04:36:39',0,'\0','\0',1,'','http://smolensk.rabota.ru/vacancy33852792.html?vac_page=view'),(195,'Слесарь МСР',406,1,'Демьянов Сергей Викторович','+7 (499)  6386141','',45000,48000,0,0,0,'','На крупное машиностроительное производство требуются специалисты с опытом работы слесарем МСР металлоконструкций.','Опыт работы по профилю от 1 года;\r\nОбразование: среднее специальное;\r\nЧтение чертежей.','Вахтовый график работы. Оплата почасовая.\r\nОбщежитие&sbquo; талоны на питание;\r\nКомпенсация проезда;\r\nПредоставление спецодежды;\r\nВозможность профессионального и карьерного роста.',1,1,'','','','2013-10-15 04:36:47','2013-10-15 04:36:47',0,'\0','\0',1,'','http://smolensk.rabota.ru/vacancy33851959.html?vac_page=view'),(196,'Финансовый аналитик',407,1,'Светлана','+7 (4812)  250248','',20000,0,0,0,0,'','Мониторинг макроэкономической ситуации в мировой экономике\r\nАнализ финансовых показателей деятельности компаний и оценка эффективности их менеджмента\r\nОтслеживание основных тенденций и настроений&sbquo;складывающихсяна рынках\r\nИнвестиционное консультирование\r\nИнформационно-аналитическое сопровождение\r\nПодготовка текущих аналитических обзоров (ежедневных&sbquo; еженедельных и т.д.)\r\nСоставление прогнозов и рекомендаций по ведению торгов и управлению инвестиционным портфелем\r\nЗнание бухгалтерского учета и финансовой отчетности','образование высшее (предпочтение финансовое или экономическое);\r\nопыт работы приветствуется;\r\nзнание ПК - уверенный пользователь;\r\nприветствуется склонность к лидерству и предпринимательству&sbquo; а также аналитический склад ума&sbquo; коммуникабельность&sbquo; ответственность;\r\nжелание работать и развиваться профессионально в финансовой сфере.','официальное трудоустройство по ТКРФ;\r\nдоход: оклад + %;\r\nпятидневная рабочая неделя;\r\nкарьерный рост.',1,1,'','','','2013-10-15 04:37:08','2013-10-15 04:37:08',0,'\0','\0',1,'','http://smolensk.rabota.ru/vacancy32785884.html?vac_page=view'),(197,'Менеджер по работе с клиентами',407,1,'Светлана','+7 (4812)  250248','',15000,55000,0,0,0,'','консультирование клиентов (лично и по телефону);\r\nработа с клиентской базой (уже существующей);\r\nзаключение договоров;\r\nсопровождение&sbquo; ведение клиентов;\r\nназначение&sbquo; проведение деловых встреч.','опыт работы в экономической/финансовой сферах приветствуется;\r\nамбициозность&sbquo; активная жизненная позиция;\r\nразвитые коммуникативные навыки;\r\nкоммуникабельность&sbquo; стрессоустойчивость;\r\nграмотная&sbquo; слаженная речь;\r\nнавыки работы с базами данных&sbquo; знание программ MS Offiсe;\r\nнавыки ведения деловых переговоров.','официальное трудоустройство по ТК РФ;\r\nварианты графиков рассматриваются\r\nработа постоянная&sbquo; в офисе;\r\nактивный карьерный рост при результативной работе;\r\nзарплата: стабильный оклад + проценты;\r\nвозможность стажировки за границей.',1,1,'','','','2013-10-15 04:37:21','2013-10-15 04:37:21',0,'\0','\0',1,'','http://smolensk.rabota.ru/vacancy32785895.html?vac_page=view'),(198,'Трейдер',407,1,'Светлана','+7 (4812)  250248','',15000,100000,0,0,0,'','Осуществление сделок на международных финансовых рынках (валютный&sbquo; фондовый рынок США&sbquo; рынок драгоценных металлов&sbquo; нефть) с целью получения прибыли.\r\nУправление средствами инвесторов за комиссионное вознаграждение от прибыли&sbquo; полученной в результате проведенных операций на рынках.\r\nРабота как в офисе&sbquo; так и удаленная.\r\nАналитическая поддержка.\r\nБесплатное обучение как в офисе компании&sbquo; так и дистанционное.','знание ПК- уверенный пользователь;\r\nаналитический склад ума&sbquo; ответственность;\r\nжелание работать и развиваться профессионально в финансовой сфере;\r\nопыт работы приветствуется.','бесплатное обучение;\r\nпредоставление рабочего места.',1,1,'','','','2013-10-15 04:37:43','2013-10-15 04:37:43',0,'\0','\0',1,'','http://smolensk.rabota.ru/vacancy32785897.html?vac_page=view'),(199,'Финансовый консультант',407,1,'Светлана','+7 (4812)  250248','',15000,0,0,0,0,'','консультирование по услугам компании\r\nведение деловых переговоров\r\nзаключение договоров с инвесторами\r\nведение дела клиента','преимуществом является наличие финансового образования\r\nумение применять комплексный подход к анализу исследуемого объекта (как рынка в целом&sbquo; так и конкретного объекта инвестирования)','Постоянная работа&sbquo; полный день&sbquo; работа на территории работодателя\r\nОформление&sbquo; отпуск&sbquo; больничный и пр. по ТК\r\nВозможность профессионального и карьерного роста\r\nПредоставляется стажировка\r\nПри необходимости обучение в компании',1,1,'','','','2013-10-15 04:37:59','2013-10-15 04:37:59',0,'\0','\0',1,'','http://smolensk.rabota.ru/vacancy32785898.html?vac_page=view'),(200,'Секретарь',407,1,'Наталья','+7 (4812)  250245','',15000,0,0,0,0,'','Работа с офисной техникой;\r\nОтвет на телефонные звонки;\r\nВыполнение поручений руководства','коммуникабельность\r\nдоброжелательность\r\nответственность;\r\nзнание программ MS Office;','График работы 5/2\r\nЗаработная плата 15000 + премии;\r\nОформление по ТК РФ',1,1,'','','','2013-10-15 04:38:20','2013-10-15 04:38:20',0,'\0','\0',1,'','http://smolensk.rabota.ru/vacancy33132510.html?vac_page=view'),(201,'Финансовый директор',407,1,'Светлана','+7 (4812)  250245','',45000,100000,0,0,0,'','анализ финансово-экономического состояния компании;\r\nанализ движения финансовых ресурсов компании;\r\nрегулирование финансовых отношений;\r\nформирование инвестиционного портфеля клиента (оптимизация инвестиционных проектов);','','график работы: 5/2 полный рабочий день (с 10.00-18.00);\r\nработа постоянная&sbquo; в офисе ;\r\nкарьерный рост.',1,1,'','','','2013-10-15 04:38:37','2013-10-15 04:38:37',1,'\0','\0',1,'','http://smolensk.rabota.ru/vacancy32796026.html?vac_page=view'),(202,'Менеджер по продажам. Телемаркетолог',408,1,'Касьянов Владимир','+7 (911)  6002338','',0,0,0,0,0,'','- холодные звонки\r\n- сбор и отработка базы данных\r\n- рассылка коммерческих предложений\r\n- общение с клиентом&sbquo; убеждение&sbquo; разъяснение&sbquo;\r\n- подготовка договора&sbquo;\r\n- Отчетность','- уверенный пользователь ПК&sbquo; интернет\r\n- грамотная речь\r\n- Наличие скоростного интернета\r\n- опыт активных продаж (холодные звонки&sbquo; ведение базы данных)','- Заработок около 50 000 рублей (Оклад + % от сделки).\r\n- График: 5/2&sbquo; с 09.00 - до 18.00 часов\r\n- Полная занятость&sbquo; без совмещений.\r\n- Место жительства значение не имеет.\r\n- Социальные гарантии по ТК РФ\r\n- Обучение. Поддержку руководителя на всем периоде адаптации.',1,1,'','','','2013-10-15 04:38:58','2013-10-15 04:38:58',0,'\0','\0',1,'','http://smolensk.rabota.ru/vacancy33703540.html?vac_page=view'),(203,'Оператор-наладчик плазменной установки',409,1,'Степанькина Елена','+7 (4812)  271551','',20000,0,0,0,0,'','Металлообработка токарные&sbquo; фрезерные обрабатывающие центра&sbquo; станки LT-400&sbquo; CV-800).','Опыт работы приветствуется','з/п от 20000 руб.(по временно -премиальная)\r\n8 часовой рабочий день&sbquo; с 7:00 до 15:30\r\nоформление по ТК РФ&sbquo; соц. пакет',1,1,'','','','2013-10-15 04:39:16','2013-10-15 04:39:16',0,'\0','\0',1,'','http://smolensk.rabota.ru/vacancy33846112.html?vac_page=view'),(204,'Токарь',409,1,'Степанькина Елена','+7 (4812)  271551','',20000,0,0,0,0,'','','','з/п от 20000 руб.(сдельно-премиальная)\r\n8 часовой рабочий день&sbquo; с 7:00 до 15:30\r\nоформление по ТК РФ&sbquo; соц. пакет',1,1,'','','','2013-10-15 04:39:35','2013-10-15 04:39:35',0,'\0','\0',1,'','http://smolensk.rabota.ru/vacancy33846147.html?vac_page=view'),(205,'Токарь-расточник',409,1,'Степанькина Елена','+7 (4812)  271551','',20000,0,0,0,0,'','','','з/п от 20000 руб.(сдельно-премиальная)\r\n8 часовой рабочий день&sbquo; с 7:00 до 15:30\r\nоформление по ТК РФ&sbquo; соц. пакет',1,1,'','','','2013-10-15 04:39:47','2013-10-15 04:39:47',0,'\0','\0',1,'','http://smolensk.rabota.ru/vacancy33846154.html?vac_page=view'),(206,'Слесарь механосборочных работ',409,1,'Степанькина Елена','+7 (4812)  271551','',25000,0,0,0,0,'','','','з/п от 25000 руб.(сдельно-премиальная)\r\n8 часовой рабочий день&sbquo; с 7:00 до 15:30\r\nоформление по ТК РФ&sbquo; соц. пакет',1,1,'','','','2013-10-15 04:39:55','2013-10-15 04:39:55',0,'\0','\0',1,'','http://smolensk.rabota.ru/vacancy33846159.html?vac_page=view'),(207,'Газорезчик',409,1,'Степанькина Елена','+7 (4812)  271551','',25000,0,0,0,0,'','','','з/п от 25000 руб.(сдельно-премиальная)\r\n8 часовой рабочий день&sbquo; с 7:00 до 15:30\r\nоформление по ТК РФ&sbquo; соц. пакет',1,1,'','','','2013-10-15 04:40:03','2013-10-15 04:40:03',0,'\0','\0',1,'','http://smolensk.rabota.ru/vacancy33846175.html?vac_page=view'),(208,'Наладчик КИПиА',409,1,'Степанькина Елена','+7 (4812)  271551','',25000,0,0,0,0,'','','','з/п от 25000 рублей (по временно-премиальная)\r\n8 часовой рабочий день&sbquo; с 7:00 до 15:30\r\nоформление по ТК РФ&sbquo; соц. пакет',1,1,'','','','2013-10-15 04:40:16','2013-10-15 04:40:16',0,'\0','\0',1,'','http://smolensk.rabota.ru/vacancy33846183.html?vac_page=view'),(209,'Электросварщик на автоматических и полуавтоматических машинах',409,1,'Степанькина Елена','+7 (4812)  271551','',30000,0,0,0,0,'','','','з/п от 30000 рублей (по временно-премиальная)\r\n8 часовой рабочий день&sbquo; с 7:00 до 15:30\r\nоформление по ТК РФ&sbquo; соц. пакет',1,1,'','','','2013-10-15 04:40:34','2013-10-15 04:40:34',0,'\0','\0',1,'','http://smolensk.rabota.ru/vacancy33846469.html?vac_page=view'),(210,'Маляр по металлу',409,1,'Степанькина Елена','+7 (4812)  271551','',30000,0,0,0,0,'','','','з/п от 30000 рублей (сдельно-премиальная)\r\n8 часовой рабочий день&sbquo; с 7:00 до 15:30\r\nоформление по ТК РФ&sbquo; соц. пакет',1,1,'','','','2013-10-15 04:40:41','2013-10-15 04:40:41',0,'\0','\0',1,'','http://smolensk.rabota.ru/vacancy33846477.html?vac_page=view'),(211,'Менеджер по продажам',410,1,'Рочев Владислав','+7 (920)  3292090','',14000,0,0,0,0,'','продажа хлебобулочных и кондитерских изделий','Порядочность\r\nуверенность\r\nжелание','з/п от 12 000 руб.',1,1,'','','','2013-10-15 04:40:59','2013-10-15 04:40:59',0,'\0','\0',1,'','http://smolensk.rabota.ru/vacancy33841799.html?vac_page=view'),(212,'Машинист экскаватора',411,1,'Косарева Евгения Александровна','+7 (910)  7206465','',50000,0,0,0,0,'','Выполнение работ&sbquo; связанных со строительством и капитальным ремонтом магистральных газопроводов\r\nРабота связана с командировкамипо Ленинградской&sbquo; Тверской&sbquo; Псковской&sbquo; Новгородской и Смоленской областям.','Опыт работы машинистом экскаватора от 2-х лет\r\nЖелателен опыт работы на строительстве магистральных трубопроводов\r\nНаличие удостоверения','Оформление согласно ТК РФ\r\nСоц.пакет\r\nОплата командировочных расходов и проезда до места работы\r\nЖилье предоставляется\r\nЗарплата перечисляется на банковскую карту',1,1,'','','','2013-10-15 04:41:10','2013-10-15 04:41:10',0,'\0','\0',1,'','http://smolensk.rabota.ru/vacancy33670519.html?vac_page=view'),(213,'Геодезист',411,1,'Татьяна Александровна','+7 (981)  7263729','',43000,50000,0,0,0,'','Сопровождение строительства объекта. Производство геодезических и контрольных работ (закрепление полосы отвода&sbquo; разбивка осей&sbquo; разбивка углов поворота&sbquo; пикетажная разбивка&sbquo; съемка вертикальных отметок).\r\nОформление соответствующей исполнительной документации.\r\nДубль-контроль над проведением геодезических работ подрядными организациями (в т.ч. оформление и ведение ими исполнительной документации).','Образование высшее (геодезическое)\r\nУверенный пользователь ПК&sbquo; знание программ Microsoft Office&sbquo; AutoCad&sbquo; Credo Dat&sbquo; Credo Mix&sbquo; Transform&sbquo; Internet Explorer&sbquo; Компас и др.\r\nЗнание технологии и способов ведения геодезических работ в сфере строительства и капитального ремонта. Знание строительных норм и Правил. Умение работать с геодезическими приборами.\r\nГотовность к командировкам','Оформление согласно ТК РФ.\r\nРазъездной характер работы\r\nОплата проезда&sbquo; командировочных расходов&sbquo; мобильной связи&sbquo; проживания в командировке за счет средств предприятия.\r\nСоц.пакет\r\nЗарплата перечисляется на банковскую карту',1,1,'','','','2013-10-15 04:41:26','2013-10-15 04:41:26',0,'\0','\0',1,'','http://smolensk.rabota.ru/vacancy33780259.html?vac_page=view'),(214,'Электромонтажник, электрик по электрохимзащите (ЭХЗ)',411,1,'Казеко Татьяна Александровна','+7 (981)  7263729','',35000,0,0,0,0,'','Выполнение комплекса работ на строительстве магистральных газопроводов по электрохимической защите трубопроводов.','Опыт работы на строительстве магистральных трубопроводов по ЭХЗ\r\nЗнание средств электрохимической защиты\r\nЧтение проектов и чертежей','Оформление согласно ТК РФ\r\nСоц.пакет\r\nРазъездной характер работы&sbquo; командировки по Северо-Западу\r\nЗарплата перечисляется на банковскую карточку',1,1,'','','','2013-10-15 04:41:43','2013-10-15 04:41:43',0,'\0','\0',1,'','http://smolensk.rabota.ru/vacancy33838075.html?vac_page=view'),(215,'Сварщик по электрохимзащите (ЭХЗ)',411,1,'Казеко Татьяна Александровна','+7 (981)  7263729','',35000,0,0,0,0,'','Выполнение комплекса работ на строительстве магистральных газопроводов по электрохимической защите трубопроводов.','Опыт работы на строительстве магистральных трубопроводов по ЭХЗ\r\nЗнание средств электрохимической защиты\r\nЧтение проектов и чертежей','Оформление согласно ТК РФ\r\nСоц.пакет\r\nРазъездной характер работы&sbquo; командировки по Северо-Западу\r\nЗарплата перечисляется на банковскую карточку',1,1,'','','','2013-10-15 04:41:59','2013-10-15 04:41:59',0,'\0','\0',1,'','http://smolensk.rabota.ru/vacancy33838046.html?vac_page=view'),(216,'Электросварщик',412,1,'Маковоз Евгений Владимирович','+7 (499)  9788570','',26000,30000,0,0,0,'','ручная&sbquo; дуговая &sbquo;плазменная&sbquo;газовая сварка&sbquo;автоматическая и полуавтоматическая сварка простых деталей&sbquo;узлов и конструкций&sbquo;трубопроводов.','наличие 3-5 разрядов\r\nзнание материалов для монтажа ЛВС&sbquo;ТВС&sbquo;канализации','',1,1,'','','','2013-10-15 04:47:11','2013-10-15 04:47:11',0,'\0','\0',1,'','http://smolensk.rabota.ru/vacancy33702977.html?vac_page=view'),(217,'Слесарь сантехник',412,1,'Маковоз Евгений Владимирович','+7 (499)  9788570','',26000,30000,0,0,0,'','обслуживание систем центрального отопления &sbquo;холодного горячего водоснабжения\r\nосуществление монтажа трубопроводов сантехнических систем','наличие 3-5 разряда по специальности\r\nобразование среднее-специальное\r\nопыт работы 1 год\r\nзнание материалов для монтажа ЛВС&sbquo;ТВС&sbquo;КАНАЛИЗАЦИИ','вахтовый метод работы 45-15',1,1,'','','','2013-10-15 04:47:38','2013-10-15 04:47:38',0,'\0','\0',1,'','http://smolensk.rabota.ru/vacancy33703032.html?vac_page=view'),(218,'Менеджер по работе с клиентами',102,1,'','','',20000,0,0,0,0,'','ведение переговоров с клиентами\r\nзаключение договоров\r\nотчётность','коммуникабельность\r\nстрессоустойчивость\r\nсамо организованность\r\nнацеленность на результат\r\nобучаемость\r\nопыт работы приветствуется','график работы скользящий&sbquo; 5/2\r\nсоц.пакет\r\nстабильная з/п ( оклад 20 000 руб. + бонус)\r\nкорпоративное обучение',1,1,'','','','2013-10-15 04:47:56','2013-10-15 04:47:56',0,'\0','\0',1,'','http://smolensk.rabota.ru/vacancy33726443.html?vac_page=view'),(219,'Оформитель багета',413,1,'живодров сергей','+7 (4812)  250267','',15000,40000,0,0,0,'','четкий подбор багета к картине клиента','художественный вкус','внимательность',1,1,'','','','2013-10-15 04:48:11','2013-10-15 04:48:11',0,'\0','\0',1,'','http://smolensk.rabota.ru/vacancy33830740.html?vac_page=view'),(220,'Ассистент врача стоматолога',414,1,'Бирюкова Наталья Семеновна','+7 (920)  3322066','',12000,0,0,0,0,'','- работа в &laquo;4 руки&raquo;: помощь врачу-стоматологу во время амбулаторного приема;\r\n- подготовка рабочего места врача;\r\n- подготовка необходимого инструмента и препаратов;\r\n- общение с пациентами;\r\n- соблюдение санитарно-эпидемиологического режима;\r\n- заполнение медицинской документации;\r\n- НЕ ВХОДИТ в обязанности: стерилизация инструмента&sbquo; работа в рентген кабинете.','- среднее специальное медицинское образование;\r\n- опыт работы в стоматологии не обязателен (обучение проводится во время стажировки);\r\n- знание ПК на уровне пользователя.','- сменный график работы : 8.00-14.30&sbquo; 14.30-21.00;\r\n- заработная плата на испытательный срок 12 тыс. руб. /мес.;\r\n- оформление по ТК;\r\n- обучение;\r\n- профессиональное развитие и повышение квалификации;\r\n- оплачиваемое обучение и стажировка;\r\n- комфортные условия труда;\r\n- корпоративная медицинская форма;\r\n- для ассистентов с опытом работы &ndash; ОСОБЫЕ УСЛОВИЯ на входе в компанию.',1,1,'','','','2013-10-15 04:48:28','2013-10-15 04:48:28',0,'\0','\0',1,'','http://smolensk.rabota.ru/vacancy33115562.html?vac_page=view'),(221,'Монтажник балконных рам и отделки, окон ПВХ',415,1,'','+7 (951)  7185557','',60000,0,0,0,0,'','','Желателен опыт в работе по установке балконных рам и отделки.','График работы 6 дн.\r\nз/п 2 раза в месяц',1,1,'','','','2013-10-15 04:48:52','2013-10-15 04:48:52',0,'\0','\0',1,'','http://smolensk.rabota.ru/vacancy33813319.html?vac_page=view'),(222,'Торговый представитель (замерщик)',416,1,'Константинова Светлана','+7 (4812)  619449','',20000,0,0,0,0,'','Уточнить детали заказа у клиента\r\nснять размеры объекта монтажа\r\nконсультирование клиента\r\nзаключить договор.','Высшее образование или среднее специальное техническое.\r\nНаличие а/м обязательно.','Оформление по ТК РФ\r\nкорпоративное обучение\r\nкорпоративная связь\r\nфирменная одежда\r\nоплата ГСМ',1,1,'','','','2013-10-15 04:49:21','2013-10-15 04:49:21',0,'\0','\0',1,'','http://smolensk.rabota.ru/vacancy33780650.html?vac_page=view'),(223,'Менеджер по работе с клиентами',416,1,'Светлана Викторовна','+7 (4812)  619449','',20000,0,0,0,0,'','консультирование клиентов\r\nрасчет заказа для клиента\r\nоформление документов.\r\nотличное знание продукции.','опыт работы от года\r\nопыт работы с клиентами','оформление по ТК РФ\r\nкорпоративное обучение.',1,1,'','','','2013-10-15 04:49:30','2013-10-15 04:49:30',0,'\0','\0',1,'','http://smolensk.rabota.ru/vacancy33780819.html?vac_page=view'),(224,'Продавец-кассир',417,1,'Кузнецова Инна','+7 (4812)  325213 c 09-30 до 18-00','',16000,24000,0,0,0,'','Работа с кассой&sbquo; торговом зале (по необходимости)','','с 9 до 22 ч&sbquo; график сменный&sbquo;\r\nпостоянная работа&sbquo; ПОДРАБОТКА&sbquo; дополнительный заработок\r\nзарплата 2 раза в месяц\r\nсмена 1020 руб.',1,1,'','','','2013-10-15 04:49:50','2013-10-15 04:49:50',0,'\0','\0',1,'','http://smolensk.rabota.ru/vacancy33743317.html?vac_page=view'),(225,'Водитель грузового автомобиля',418,1,'Земцов Федор Борисович','+7 (499)  7581253 Руководитель - Земцов Федор Борисович','',40000,0,0,0,0,'','Работа на грузовом автомобиле по Москве и Московской области\r\nперевозка ЖБИ или деталей башенных кранов.','Наличие водительского удостоверения\r\nопыт работы от 1 года (обязательна отметка в трудовой книжке)\r\nналичие водительской медицинской справки и справки по форме 086/у.','График работы 5/2&sbquo; 2/2&sbquo; возможна вахта 15/15 или 30/15.\r\nЗаработная плата от 40000 рублей за вахту 15 дней.\r\nОформление по трудовой книжке&sbquo; оплачиваемый отпуск&sbquo; больничный лист\r\nНа территории автобазы возможно льготное питание.',1,1,'','','','2013-10-15 04:50:11','2013-10-15 04:50:11',0,'\0','\0',1,'','http://smolensk.rabota.ru/vacancy33670893.html?vac_page=view'),(226,'Водитель (категории В С) Самосвал',418,1,'Земцов Федор Борисович','+7 (499)  7581253 Руководитель - Земцов Федор Борисович','',30000,60000,0,0,0,'','Работа на самосвале по Москве и Московской области\r\nперевозка грунт&sbquo; щебень&sbquo; песок&sbquo; асфальт.','Наличие водительского удостоверения\r\nопыт работы от 1 года (обязательна отметка в трудовой книжке)\r\nналичие водительской медицинской справки и справки по форме 086/у.','График работы 5/2&sbquo; 2/2&sbquo; возможна вахта 15/15 или 30/15.\r\nЗаработная плата от 40000 рублей за вахту 15 дней.\r\nОформление по трудовой книжке&sbquo; оплачиваемый отпуск&sbquo; больничный лист\r\nНа территории автобазы возможно льготное питание.',1,1,'','','','2013-10-15 04:50:26','2013-10-15 04:50:26',0,'\0','\0',1,'','http://smolensk.rabota.ru/vacancy33671202.html?vac_page=view'),(227,'Помощник руководителя',419,1,'Зуева Алина','+7 (4812)  633053','',23000,30000,0,0,0,'','Прием и обработка входящих звонков.\r\nВыполнение задач и поручений руководителя\r\nКонсультирование партнеров&sbquo; клиентов&sbquo; сотрудников.\r\nОформление первичной документации.\r\nВедение переговоров;\r\nприем на вакантные места новых сотрудников;\r\nанализ и контроль работы сотрудников.','Опыт работы: без опыта.\r\nСистемность в работе&sbquo; энергичность&sbquo; нацеленность на результат.\r\nБыстрая обучаемость и умение работать с большим количеством информации.\r\nНавыки делового общения&sbquo; грамотность и внимательность.','Полный день&sbquo; постоянная&sbquo; работа на территории работодателя.\r\nРаботодатель предлагает: возможность профессионального и карьерного роста.\r\nПятидневная рабочая неделя 9:00-18:00 (есть возможность гибкого графика)\r\nДополнительно существует мотивационная система оплаты\r\nВозможность профессионального и карьерного роста.\r\nДружный коллектив.',1,1,'','','','2013-10-15 04:50:40','2013-10-15 04:50:40',0,'\0','\0',1,'','http://smolensk.rabota.ru/vacancy33644662.html?vac_page=view'),(228,'Администратор',419,1,'Зуева Алина','+7 (4812)  633053','',18000,23000,0,0,0,'','Работа с клиентами компании\r\nВедение переговоров\r\nКонсультирование клиентов\r\nЗаключение договоров (без поиска клиентов)\r\nОрганизация и общий контроль работы офиса.\r\nРабота с гостями и персоналом.\r\nВедение отчетной документации.','Грамотная речь\r\nвысокий уровень культуры и общей грамотности\r\nумение вести переговоры.','Полный день&sbquo; постоянная&sbquo; работа на территории работодателя.\r\nРаботодатель предлагает: возможность профессионального и карьерного роста.\r\nПовышение квалификации&sbquo; проф. и карьерный рост&sbquo; график работы как полный&sbquo; так и частичный.\r\nОбучение за счет компании.',1,1,'','','','2013-10-15 04:50:55','2013-10-15 04:50:55',0,'\0','\0',1,'','http://smolensk.rabota.ru/vacancy33648905.html?vac_page=view'),(229,'Секретарь',419,1,'Зуева Алина','+7 (4812)  633053','',20000,28000,0,0,0,'','Работа с первичной документацией\r\nРабота с платежными документами\r\nСоставление отчётов\r\nРабота с коммерческой информацией\r\nОтветы на входящие телефонные звонки.','Грамотная речь\r\nЭтика делового общения\r\nОтветственность.','Полный день&sbquo; постоянная&sbquo; работа на территории работодателя.\r\nРаботодатель предлагает: возможность профессионального и карьерного роста.\r\nРабота в комфортном офисе\r\nХороший коллектив\r\nВыездные мероприятия за рубежом (пожеланию)\r\nВозможность реализоваться в карьерном плане.',1,1,'','','','2013-10-15 04:51:05','2013-10-15 04:51:05',0,'\0','\0',1,'','http://smolensk.rabota.ru/vacancy33607442.html?vac_page=view'),(230,'Диспетчер транспортный',420,1,'Поляков Сергей','+7 (915)  5383700','',27000,30000,0,0,0,'','Прием заказов от клиентов\r\nРаздача заказов водителям\r\nИнформирование клиентов об услугах','Без опыта работы\r\nИсполнительность&sbquo; честность&sbquo; коммуникабельность','Бесплатное жилье в г.Москве\r\nЗаработная плата от 1350 за рабочую смену\r\nВозможны премии и бонусы\r\nОформление по ТК РФ',1,1,'','','','2013-10-15 04:51:27','2013-10-15 04:51:27',0,'\0','\0',1,'','http://smolensk.rabota.ru/vacancy33763898.html?vac_page=view'),(231,'Водитель грузчик',420,1,'Поляков Сергей','+7 (915)  5383700','',30000,45000,0,0,0,'','Грузоперевозки по г. Москве и Московской области\r\nПомощьпри погрузке-разгрузке','Права категории В\r\nВодительский стаж от 3 лет','Вахтовый метод работы 20 рабочих дней -10 выходных дней\r\nБесплатноежилье в г.Москва\r\nОформление по ТК РФ\r\nПремии и бонусы до 25% от оклада',1,1,'','','','2013-10-15 04:51:49','2013-10-15 04:51:49',0,'\0','\0',1,'','http://smolensk.rabota.ru/vacancy33762444.html?vac_page=view'),(232,'Кухонный работник',417,1,'Кузнецова Инна','+7 (4812)  325213 c 09-30 до 18-00','',15000,17000,0,0,0,'','','Аккуратность&sbquo; приветливость','Гибкий график&sbquo; свободный\r\nзарплата 2 раза в месяц\r\nПредоставляются бесплатные обеды и спецодежда\r\nВозможность карьерного роста и повышения зарплаты',1,1,'','','','2013-10-15 04:52:26','2013-10-15 04:52:26',0,'\0','\0',1,'','http://smolensk.rabota.ru/vacancy33741452.html?vac_page=view'),(233,'Кассир',417,1,'Кузнецова Инна','+7 (4812)  325213 c 09-30 до 18-00','',16000,20000,0,0,0,'','Работа с кассой&sbquo; формирование заказа','Приветливость&sbquo; доброжелательность.','график гибкий 5/2&sbquo; свободный\r\nПОДРАБОТКА\r\nбесплатные обеды&sbquo; спецодежда\r\nобучение в процессе работы',1,1,'','','','2013-10-15 04:52:37','2013-10-15 04:52:37',0,'\0','\0',1,'','http://smolensk.rabota.ru/vacancy33740957.html?vac_page=view'),(234,'Кассир',421,1,'Иванова Елена','+7 (921)  9525094','',35000,0,0,0,0,'','Работа с кассовым аппаратом;\r\nРабота с кассовой документацией&sbquo; отчетность;\r\nОбслуживание клиентов;\r\nСоблюдение санитарно - гигиеническихнорм;','Среднее специальное&sbquo; неоконченное высшее образование;\r\nУмение работать в команде;\r\nЖелание учиться и развиваться;\r\nОпыт работы от 1 года;\r\nНаличие санитарной книжки;','Уникальный шанс своими глазами увидеть самое значимое спортивное событие страны;\r\nСменный график работы&sbquo; 12 часовой рабочий день; 6/1; 5/2; 3/1; 2/1;\r\nВозможны дополнительные смены по желанию зарабатывать больше;\r\nМолодой дружный коллектив;\r\nБесплатное питание на время проекта&sbquo; форма;\r\nПредоставление жилья;\r\nКомпенсация затрат на переезд;\r\nБесплатное обучение и повышение квалификации&sbquo; возможность получения уникального опыта;\r\nРабота временная&sbquo; срочный проект на период с ноября по март\r\nПредоставляем рекомендательное письмо по окончанию проекта;',1,1,'','','','2013-10-15 04:53:10','2013-10-15 04:53:10',0,'\0','\0',1,'','http://smolensk.rabota.ru/vacancy33635336.html?vac_page=view'),(235,'Менеджер по активным продажам',422,1,'Слепенкова Юлия','+7 (951)  6943683','',25000,0,0,0,0,'','поиск и привлечение потенциальных клиентов;\r\nведение активной клиентской базы;\r\nвыполнение планов продаж;\r\nподдержание и развитие долгосрочных партнерских отношений с клиентами&sbquo; заключение договоров&sbquo; контроль за их выполнением&sbquo; ведение переговоров;Грамотное и профессиональное проведение презентации и коммерческих предложений;','Знание IT технологий (знание компьютерной техники&sbquo; программного обеспечения&sbquo; спутникового оборудования&sbquo; расходных материалов)\r\nКоммуникативные навыки:умение убеждать&sbquo; настойчивость&sbquo; предложение нестандартных решений;\r\nВысокая работоспособность&sbquo; активная жизненная позиция&sbquo; желание расти профессионально;\r\nНавыки планирования&sbquo; обязательность при работе с клиентами&sbquo; исполнительность;\r\nНацеленность на результат&sbquo; амбициозность&sbquo; умение убеждать;\r\nСпособность выполнять план;\r\nСтрессоустойчивость;\r\nЖелательно наличие личного автотранспорта','график работы 5/2&sbquo; 09:00 - 18:00\r\nоформление по ТК\r\nдостойная ЗП\r\nкомпенсация мобильной связи / оплата спортзала\r\nстабильная работа в успешной активно развивающейся компьютерной компании',1,1,'','','','2013-10-15 04:53:22','2013-10-15 04:53:22',2,'\0','\0',1,'','http://smolensk.rabota.ru/vacancy33623931.html?vac_page=view'),(236,'Маркетолог',422,1,'Слепенкова Юлия','+7 (951)  6943683','',25000,0,0,0,0,'','','опыт работы по профилю от 1 года;\r\nвысшее образование\r\nактивность&sbquo; целеустремленность&sbquo; ответственность&sbquo; креативность&sbquo; творческий подход к работе','график работы 5/2&sbquo; 09:00 - 18:0\r\nоформление по ТК\r\nстабильный достойный заработок\r\nработа в успешной активно развивающейся компании;\r\nкомпенсация мобильной связи / оплата спортзала',1,1,'','','','2013-10-15 04:53:39','2013-10-15 04:53:39',0,'\0','\0',1,'','http://smolensk.rabota.ru/vacancy33624135.html?vac_page=view'),(237,'Менеджер по продажам',422,1,'Слепенкова Юлия','+7 (951)  6943683','',19000,0,0,0,0,'','выявление потребностей клиента&sbquo; ознакомление клиента с услугами&sbquo;\r\nпродажа компьютеров&sbquo; комплектующих&sbquo; оргтехники&sbquo; спутникового оборудования&sbquo;\r\nведение клиентской базы данных&sbquo; оформление документов (1С)','активность&sbquo; целеустремленность&sbquo; желание работать на результат и достойно зарабатывать\r\nумение находить подход к клиенту&sbquo; выявлять его потребности\r\nправильная дикция&sbquo; грамотная речь\r\nопыт работы в сфере продаж и высшее образование приветствуются','график 5/2&sbquo; 10:00 - 20:00\r\nоформление по ТК\r\nдостойная стабильная зп',1,1,'','','','2013-10-15 04:53:54','2013-10-15 04:53:54',1,'\0','\0',1,'','http://smolensk.rabota.ru/vacancy33625992.html?vac_page=view'),(238,'Инженер сервисного центра',422,1,'Слепенкова Юлия','+7 (951)  6943683','',18000,0,0,0,0,'','диагностика и ремонт компьютеров&sbquo; оргтехники и другого оборудования;\r\nработа с клиентами&sbquo; заполнение сопутствующих документов','уверенный пользователь ПК\r\nзнания технических характеристик компьютерной и оргтехники\r\nнавыки диагностики и ремонта оборудования\r\nопыт работы в в данной должности и высшее образование приветствуется','график 5/2&sbquo; с 10:00 - 20:00\r\nоформление по ТК\r\nдостойная ЗП\r\nстабильная работа в успешной активно развивающейся компании',1,1,'','','','2013-10-15 04:54:10','2013-10-15 04:54:10',1,'\0','\0',1,'','http://smolensk.rabota.ru/vacancy33651768.html?vac_page=view'),(239,'Менеджер-кассир',422,1,'Слепенкова Юлия','+7 (951)  6943683','',18000,0,0,0,0,'','ведение кассы\r\nприем/выдача наличных денежных средств\r\nобслуживание клиентов по банковским картам\r\nведение кассовой документации','добросовестность\r\nпорядочность\r\nответственность\r\nвнимательность','график работы 5/2&sbquo; 10:00 - 20:00\r\nоформление по ТК\r\nстабильный достойный заработок\r\nпредоставляется обучение',1,1,'','','','2013-10-15 04:54:26','2013-10-15 04:54:26',3,'\0','\0',1,'','http://smolensk.rabota.ru/vacancy33618436.html?vac_page=view'),(240,'Электросварщик на атоматических и полуавтоматических машинах',423,1,'Елена Петровна','+7 (48431)  25851','',30000,0,0,0,0,'','работа на автоматических и полуавтоматических машинах;\r\nАвтоматическая и механизированная сварка с использованием плазмотрона сложных аппаратов&sbquo; узлов&sbquo; конструкций и трубопроводов из углеродистых и конструкционных сталей&sbquo; чугуна&sbquo; цветных металлов и сплавов:\r\nавтоматическая сварка в среде защитных газов неплавящимся электродом горячекатанных полос из цветных металлов и сплавов под руководством электросварщика более высокой квалификации;\r\nавтоматическая сварка сложных строительных и технологических конструкций&sbquo; работающих в сложных условиях;\r\nнаплавление дефектов деталей машин&sbquo; механизмов и конструкций;\r\nнаплавление сложных узлов&sbquo; деталей и инструментов;\r\nчтение чертежей сложных сварных металлоконструкций;','','полный соц пакет;\r\nпредоставляется место для проживания;\r\nработа в Калужской области&sbquo; Малоярославецком р-не&sbquo; д. Афанасово',1,1,'','','','2013-10-15 04:54:33','2013-10-15 04:54:33',1,'\0','\0',1,'','http://smolensk.rabota.ru/vacancy33399954.html?vac_page=view'),(241,'офис-менеджер',424,1,'Николаева Ольга','+7 (4812)  387223','',12000,0,0,0,0,'','Консультирование и обслуживание клиентов&sbquo; обращающихся в офис продаж;\r\nРасчет страховых премий&sbquo; оформление договоров страхования;\r\nПроведение кросс-продаж и пролонгаций;\r\nФормирование отчетов о проделанной работе','Знание офисных программ&sbquo; Интернета;\r\nОпыт работы в сфере продаж является преимуществом;\r\nАктивность&sbquo; целеустремленность;\r\nЖелание расти и развиваться в сфере страхования.','Работа в офисе Компании в г. Смоленск\r\nГибкий график работы;\r\nЗаработная плата: оклад + премия + % от продаж;\r\nПрофессиональное обучение за счет Компании;\r\nПерспективы карьерного роста.',1,1,'','','','2013-10-15 04:54:45','2013-10-15 04:54:45',1,'\0','\0',1,'','http://smolensk.rabota.ru/vacancy33724793.html?vac_page=view'),(242,'Начальник участка',425,1,'Федорова Оксана','+7 (8202)  596206','',45000,0,0,0,0,'','','Высшее образование ПГС\r\nЗнание строительных норм&sbquo; правил&sbquo; организации и технологии СМР&sbquo; проектно-сметной документации','Офромление по срочному трудовому договору согласно статье 59 ТК РФ',1,1,'','','','2013-10-15 04:55:08','2013-10-15 04:55:08',0,'\0','\0',1,'','http://smolensk.rabota.ru/vacancy33618362.html?vac_page=view'),(243,'Экономист - бухгалтер',411,1,'Казеко Татьяна Александровна','+7 (981)  7263729','',30000,0,0,0,0,'','Разработка перспективныхгодовых и квартальных планов хозяйственно-финансовой и производственной деятельности организации\r\nРасчеты по материальным&sbquo; трудовым и финансовым затратам&sbquo; анализ соответствия фактических затрат плановым\r\nСопоставление (анализ) фактических результатов работы организации к плановым в разрезе объектов&sbquo; статей затрат&sbquo; машин и механизмов\r\nОсуществление экономического анализа хозяйственной деятельности организации&sbquo; разработка мер по обеспечению режима экономии&sbquo; повышению рентабельности&sbquo; увеличению производительности труда\r\nСоставление отчетных форм в соответствии с требованиями и в сроки&sbquo; установленные руководством','Знание порядкаразработки бизнес-планов\r\nЗнание планово-учетной документации\r\nЗнание бухгалтерского учета\r\nУмение читать бухгалтерские проводки&sbquo; оборотно-сальдовые ведомости&sbquo; баланс&sbquo; отчет о прибылях и убытках\r\nАнализ счетов бухгалтерского учета\r\nПонимание бухгалтерских документов: требование-накладная&sbquo; поступление товаров и услуг&sbquo; авансовый отчет\r\nЗнание 1С&sbquo; Excel на уровне продвинутого пользователя\r\nЖелателен опыт работы бухгалтером','Оформление согласно ТК РФ\r\nСоц.пакет\r\nОплата мобильной связи\r\nМесто работы: Смоленская обл. дер.Почаево',1,1,'','','','2013-10-15 04:55:24','2013-10-15 04:55:24',0,'\0','\0',1,'','http://smolensk.rabota.ru/vacancy33622306.html?vac_page=view');
/*!40000 ALTER TABLE `vacancies` ENABLE KEYS */;
UNLOCK TABLES;

--
-- Table structure for table `vacancies_entries`
--

DROP TABLE IF EXISTS `vacancies_entries`;
/*!40101 SET @saved_cs_client     = @@character_set_client */;
/*!40101 SET character_set_client = utf8 */;
CREATE TABLE `vacancies_entries` (
  `id` bigint(20) NOT NULL AUTO_INCREMENT,
  `vacancy_id` bigint(20) DEFAULT NULL,
  `vacancy_entry_id` bigint(20) DEFAULT NULL,
  PRIMARY KEY (`id`)
) ENGINE=InnoDB AUTO_INCREMENT=580 DEFAULT CHARSET=utf8;
/*!40101 SET character_set_client = @saved_cs_client */;

--
-- Dumping data for table `vacancies_entries`
--

LOCK TABLES `vacancies_entries` WRITE;
/*!40000 ALTER TABLE `vacancies_entries` DISABLE KEYS */;
INSERT INTO `vacancies_entries` VALUES (1,1,21),(2,1,3),(3,1,7),(4,1,15),(5,1,10),(6,2,22),(7,2,3),(8,2,4),(9,2,7),(10,2,15),(11,2,16),(12,2,10),(13,2,11),(14,56,21),(15,56,3),(16,56,7),(17,56,15),(18,56,10),(19,57,3),(20,57,23),(21,57,15),(22,58,2),(23,58,20),(24,58,15),(25,59,2),(26,59,20),(27,59,15),(28,60,2),(29,60,20),(30,60,15),(31,61,2),(32,61,20),(33,61,15),(34,62,4),(35,62,21),(36,62,15),(37,63,2),(38,63,20),(39,63,15),(40,64,3),(41,64,23),(42,64,15),(43,65,3),(44,65,23),(45,65,15),(46,66,3),(47,66,23),(48,66,15),(49,67,2),(50,67,20),(51,67,15),(52,68,3),(53,68,21),(54,68,15),(55,69,3),(56,69,20),(57,69,18),(58,70,2),(59,70,21),(60,70,17),(61,71,2),(62,71,20),(63,71,15),(64,72,2),(65,72,20),(66,72,15),(67,73,2),(68,73,20),(69,73,15),(70,74,3),(71,74,20),(72,74,15),(73,75,2),(74,75,20),(75,75,15),(76,76,2),(77,76,20),(78,76,15),(79,77,2),(80,77,20),(81,77,15),(82,78,2),(83,78,20),(84,78,15),(85,79,2),(86,79,20),(87,79,18),(88,80,2),(89,80,20),(90,80,15),(91,81,2),(92,81,20),(93,81,15),(94,82,2),(95,82,20),(96,82,15),(97,83,2),(98,83,20),(99,83,15),(100,84,2),(101,84,20),(102,84,15),(103,85,2),(104,85,20),(105,85,17),(106,86,2),(107,86,20),(108,86,17),(109,87,2),(110,87,20),(111,87,17),(112,88,2),(113,88,20),(114,88,15),(115,89,3),(116,89,20),(117,89,17),(118,90,2),(119,90,20),(120,90,17),(121,91,2),(122,91,20),(123,91,18),(124,92,2),(125,92,20),(126,92,15),(127,93,2),(128,93,20),(129,93,15),(130,94,2),(131,94,20),(132,94,15),(133,95,2),(134,95,20),(135,95,15),(136,96,3),(137,96,23),(138,96,15),(139,97,2),(140,97,20),(141,97,15),(142,98,2),(143,98,20),(144,98,15),(145,99,2),(146,99,20),(147,99,15),(148,100,2),(149,100,20),(150,100,15),(151,101,2),(152,101,20),(153,101,18),(154,102,2),(155,102,20),(156,102,15),(157,103,2),(158,103,20),(159,103,15),(160,104,2),(161,104,20),(162,104,15),(163,105,4),(164,105,23),(165,105,15),(166,106,2),(167,106,20),(168,106,15),(169,107,2),(170,107,20),(171,107,15),(172,108,2),(173,108,20),(174,108,18),(175,109,3),(176,109,23),(177,109,15),(178,110,2),(179,110,20),(180,110,15),(181,111,2),(182,111,20),(183,111,15),(184,112,2),(185,112,20),(186,112,15),(187,113,2),(188,113,20),(189,113,15),(190,114,2),(191,114,20),(192,114,18),(193,115,2),(194,115,20),(195,115,18),(196,116,2),(197,116,20),(198,116,15),(199,117,2),(200,117,20),(201,117,15),(202,118,2),(203,118,20),(204,118,15),(205,119,2),(206,119,20),(207,119,15),(208,120,2),(209,120,20),(210,120,15),(211,121,2),(212,121,20),(213,121,15),(214,122,2),(215,122,20),(216,122,15),(217,123,3),(218,123,20),(219,123,15),(220,124,2),(221,124,20),(222,124,15),(223,125,2),(224,125,20),(225,125,15),(226,126,2),(227,126,20),(228,126,15),(229,127,2),(230,127,20),(231,127,15),(232,128,2),(233,128,20),(234,128,15),(235,129,2),(236,129,20),(237,129,15),(238,130,2),(239,130,20),(240,130,15),(241,131,2),(242,131,20),(243,131,15),(244,132,2),(245,132,20),(246,132,15),(247,133,2),(248,133,20),(249,133,15),(250,134,2),(251,134,21),(252,134,17),(253,135,2),(254,135,23),(255,135,15),(256,136,3),(257,136,21),(258,136,15),(259,137,4),(260,137,21),(261,137,15),(262,138,2),(263,138,20),(264,138,15),(265,139,2),(266,139,20),(267,139,15),(268,140,2),(269,140,20),(270,140,15),(271,141,2),(272,141,20),(273,141,15),(274,142,2),(275,142,20),(276,142,15),(277,143,2),(278,143,20),(279,143,15),(280,144,2),(281,144,20),(282,144,15),(283,145,2),(284,145,20),(285,145,15),(286,146,2),(287,146,20),(288,146,15),(289,147,2),(290,147,20),(291,147,18),(292,148,2),(293,148,20),(294,148,15),(295,149,2),(296,149,20),(297,149,15),(298,150,3),(299,150,20),(300,150,15),(301,151,2),(302,151,20),(303,151,15),(304,152,2),(305,152,20),(306,152,15),(307,153,2),(308,153,20),(309,153,15),(310,154,2),(311,154,20),(312,154,15),(313,155,2),(314,155,20),(315,155,15),(316,156,2),(317,156,20),(318,156,15),(319,157,2),(320,157,20),(321,157,15),(322,158,2),(323,158,20),(324,158,15),(325,159,3),(326,159,20),(327,159,15),(328,160,2),(329,160,20),(330,160,15),(331,161,2),(332,161,20),(333,161,15),(334,162,2),(335,162,20),(336,162,15),(337,163,2),(338,163,20),(339,163,15),(340,164,2),(341,164,20),(342,164,15),(343,165,2),(344,165,20),(345,165,15),(346,166,2),(347,166,20),(348,166,15),(349,167,2),(350,167,20),(351,167,15),(352,168,2),(353,168,20),(354,168,15),(355,169,2),(356,169,20),(357,169,15),(358,170,2),(359,170,20),(360,170,15),(361,171,2),(362,171,20),(363,171,18),(364,172,2),(365,172,20),(366,172,15),(367,173,2),(368,173,20),(369,173,15),(370,174,2),(371,174,20),(372,174,15),(373,175,2),(374,175,20),(375,175,15),(376,176,2),(377,176,20),(378,176,15),(379,177,2),(380,177,20),(381,177,15),(382,178,3),(383,178,20),(384,178,15),(385,179,3),(386,179,20),(387,179,15),(388,180,3),(389,180,21),(390,180,15),(391,181,2),(392,181,20),(393,181,15),(394,182,2),(395,182,20),(396,182,15),(397,183,2),(398,183,20),(399,183,15),(400,184,2),(401,184,20),(402,184,18),(403,185,2),(404,185,20),(405,185,15),(406,186,2),(407,186,20),(408,186,15),(409,187,2),(410,187,20),(411,187,15),(412,188,4),(413,188,23),(414,188,15),(415,189,3),(416,189,23),(417,189,15),(418,190,3),(419,190,20),(420,190,15),(421,191,2),(422,191,20),(423,191,15),(424,192,4),(425,192,21),(426,192,15),(427,193,2),(428,193,20),(429,193,15),(430,194,3),(431,194,23),(432,194,15),(433,195,3),(434,195,23),(435,195,15),(436,196,2),(437,196,20),(438,196,15),(439,197,2),(440,197,20),(441,197,15),(442,198,2),(443,198,20),(444,198,15),(445,199,2),(446,199,21),(447,199,15),(448,200,2),(449,200,20),(450,200,15),(451,201,3),(452,201,21),(453,201,15),(454,202,3),(455,202,20),(456,202,18),(457,203,2),(458,203,20),(459,203,15),(460,204,2),(461,204,23),(462,204,15),(463,205,2),(464,205,23),(465,205,15),(466,206,2),(467,206,20),(468,206,15),(469,207,2),(470,207,20),(471,207,15),(472,208,2),(473,208,20),(474,208,15),(475,209,2),(476,209,20),(477,209,15),(478,210,2),(479,210,20),(480,210,15),(481,211,3),(482,211,23),(483,211,15),(484,212,3),(485,212,20),(486,212,15),(487,213,4),(488,213,20),(489,213,15),(490,214,3),(491,214,20),(492,214,15),(493,215,3),(494,215,20),(495,215,15),(496,216,3),(497,216,23),(498,216,15),(499,217,3),(500,217,23),(501,217,15),(502,218,2),(503,218,20),(504,218,15),(505,219,2),(506,219,20),(507,219,15),(508,220,2),(509,220,23),(510,220,15),(511,221,2),(512,221,20),(513,221,15),(514,222,2),(515,222,21),(516,222,15),(517,223,3),(518,223,21),(519,223,15),(520,224,2),(521,224,20),(522,224,15),(523,225,2),(524,225,20),(525,225,15),(526,226,2),(527,226,20),(528,226,15),(529,227,2),(530,227,20),(531,227,15),(532,228,2),(533,228,20),(534,228,15),(535,229,2),(536,229,20),(537,229,15),(538,230,2),(539,230,20),(540,230,15),(541,231,3),(542,231,20),(543,231,15),(544,232,2),(545,232,20),(546,232,17),(547,233,2),(548,233,20),(549,233,17),(550,234,3),(551,234,20),(552,234,15),(553,235,2),(554,235,21),(555,235,15),(556,236,2),(557,236,21),(558,236,15),(559,237,2),(560,237,20),(561,237,15),(562,238,2),(563,238,20),(564,238,15),(565,239,2),(566,239,20),(567,239,15),(568,240,2),(569,240,23),(570,240,15),(571,241,2),(572,241,20),(573,241,15),(574,242,2),(575,242,21),(576,242,15),(577,243,3),(578,243,21),(579,243,15);
/*!40000 ALTER TABLE `vacancies_entries` ENABLE KEYS */;
UNLOCK TABLES;

--
-- Table structure for table `vacancies_facilities`
--

DROP TABLE IF EXISTS `vacancies_facilities`;
/*!40101 SET @saved_cs_client     = @@character_set_client */;
/*!40101 SET character_set_client = utf8 */;
CREATE TABLE `vacancies_facilities` (
  `id` bigint(20) NOT NULL AUTO_INCREMENT,
  `facility_id` bigint(20) DEFAULT NULL,
  `variant_id` bigint(20) DEFAULT NULL,
  `vacancy_id` bigint(20) DEFAULT NULL,
  PRIMARY KEY (`id`)
) ENGINE=InnoDB AUTO_INCREMENT=9 DEFAULT CHARSET=utf8;
/*!40101 SET character_set_client = @saved_cs_client */;

--
-- Dumping data for table `vacancies_facilities`
--

LOCK TABLES `vacancies_facilities` WRITE;
/*!40000 ALTER TABLE `vacancies_facilities` DISABLE KEYS */;
INSERT INTO `vacancies_facilities` VALUES (1,4,11,1),(2,1,22,1),(3,2,3,2),(4,3,7,2),(5,4,11,2),(6,5,17,2),(7,1,19,2),(8,1,19,56);
/*!40000 ALTER TABLE `vacancies_facilities` ENABLE KEYS */;
UNLOCK TABLES;

--
-- Table structure for table `vacancies_professionals`
--

DROP TABLE IF EXISTS `vacancies_professionals`;
/*!40101 SET @saved_cs_client     = @@character_set_client */;
/*!40101 SET character_set_client = utf8 */;
CREATE TABLE `vacancies_professionals` (
  `id` bigint(20) NOT NULL AUTO_INCREMENT,
  `vacancy_id` bigint(20) NOT NULL,
  `professional_id` bigint(20) NOT NULL,
  PRIMARY KEY (`id`)
) ENGINE=InnoDB AUTO_INCREMENT=641 DEFAULT CHARSET=utf8;
/*!40101 SET character_set_client = @saved_cs_client */;

--
-- Dumping data for table `vacancies_professionals`
--

LOCK TABLES `vacancies_professionals` WRITE;
/*!40000 ALTER TABLE `vacancies_professionals` DISABLE KEYS */;
INSERT INTO `vacancies_professionals` VALUES (1,1,6),(2,2,1),(3,2,5),(4,56,6),(5,56,7),(6,57,9),(7,57,10),(8,57,11),(9,57,12),(10,57,13),(11,57,14),(12,58,9),(13,58,15),(14,58,10),(15,58,11),(16,58,12),(17,59,11),(18,59,16),(19,60,11),(20,60,12),(21,60,9),(22,60,10),(23,60,15),(24,61,11),(25,61,16),(26,62,11),(27,62,17),(28,62,18),(29,62,19),(30,63,11),(31,63,20),(32,63,16),(33,63,21),(34,64,11),(35,64,22),(36,64,23),(37,64,24),(38,65,11),(39,65,22),(40,65,25),(41,65,24),(42,66,11),(43,66,19),(44,66,18),(45,66,22),(46,67,11),(47,67,16),(48,68,26),(49,68,27),(50,68,28),(51,68,29),(52,69,11),(53,69,18),(54,70,30),(55,70,31),(56,70,32),(57,70,33),(58,71,11),(59,71,21),(60,71,16),(61,72,11),(62,72,20),(63,73,34),(64,73,35),(65,74,11),(66,74,36),(67,75,9),(68,75,37),(69,75,34),(70,75,38),(71,76,39),(72,76,40),(73,76,41),(74,76,42),(75,77,39),(76,77,40),(77,77,41),(78,77,42),(79,78,11),(80,78,16),(81,79,11),(82,79,16),(83,79,20),(84,80,43),(85,80,44),(86,80,45),(87,80,46),(88,81,47),(89,81,48),(90,82,49),(91,82,50),(92,83,49),(93,83,51),(94,83,52),(95,84,49),(96,84,52),(97,85,49),(98,85,52),(99,86,49),(100,86,50),(101,87,53),(102,87,54),(103,87,55),(104,88,56),(105,88,57),(106,88,58),(107,88,59),(108,89,53),(109,89,54),(110,89,49),(111,89,60),(112,90,53),(113,90,54),(114,90,49),(115,90,50),(116,91,39),(117,91,40),(118,91,61),(119,91,62),(120,92,9),(121,92,15),(122,92,63),(123,92,64),(124,92,65),(125,93,9),(126,93,37),(127,93,43),(128,93,66),(129,94,63),(130,94,65),(131,94,9),(132,94,15),(133,95,63),(134,95,64),(135,95,67),(136,95,39),(137,95,40),(138,96,47),(139,96,68),(140,96,48),(141,97,34),(142,97,69),(143,97,39),(144,97,42),(145,97,70),(146,98,63),(147,98,71),(148,98,72),(149,99,11),(150,99,16),(151,99,20),(152,100,63),(153,100,73),(154,100,65),(155,100,9),(156,100,15),(157,101,34),(158,101,74),(159,101,61),(160,101,62),(161,102,63),(162,102,65),(163,102,9),(164,102,37),(165,102,15),(166,103,9),(167,103,75),(168,103,37),(169,103,15),(170,104,63),(171,104,73),(172,104,64),(173,104,39),(174,104,40),(175,105,47),(176,105,48),(177,106,63),(178,106,73),(179,106,65),(180,106,76),(181,107,9),(182,107,77),(183,107,11),(184,107,21),(185,107,16),(186,108,39),(187,108,40),(188,109,47),(189,109,78),(190,109,79),(191,109,80),(192,110,9),(193,110,15),(194,110,75),(195,110,63),(196,110,65),(197,111,63),(198,111,73),(199,111,76),(200,111,65),(201,112,11),(202,112,20),(203,113,9),(204,113,75),(205,113,63),(206,113,73),(207,114,39),(208,114,81),(209,114,34),(210,114,82),(211,115,83),(212,115,84),(213,116,63),(214,116,65),(215,116,9),(216,116,75),(217,117,63),(218,117,65),(219,117,85),(220,118,63),(221,118,71),(222,118,72),(223,118,64),(224,119,9),(225,119,75),(226,119,63),(227,119,65),(228,119,73),(229,120,63),(230,120,65),(231,120,85),(232,121,11),(233,121,21),(234,121,16),(235,122,9),(236,122,75),(237,122,63),(238,122,73),(239,123,63),(240,123,72),(241,123,76),(242,123,64),(243,124,63),(244,124,65),(245,124,9),(246,124,15),(247,125,39),(248,125,40),(249,125,41),(250,125,42),(251,126,63),(252,126,71),(253,127,11),(254,127,20),(255,128,11),(256,128,16),(257,129,11),(258,129,16),(259,129,22),(260,129,20),(261,130,63),(262,130,65),(263,130,76),(264,130,73),(265,131,11),(266,131,20),(267,132,63),(268,132,65),(269,132,73),(270,133,9),(271,133,15),(272,133,39),(273,133,40),(274,133,42),(275,134,30),(276,134,33),(277,134,31),(278,134,32),(279,135,11),(280,135,36),(281,135,20),(282,136,56),(283,136,86),(284,136,59),(285,137,87),(286,137,88),(287,137,89),(288,137,43),(289,137,90),(290,138,63),(291,138,64),(292,139,63),(293,139,73),(294,139,65),(295,139,9),(296,139,75),(297,140,63),(298,140,65),(299,140,64),(300,140,73),(301,141,9),(302,141,91),(303,141,63),(304,141,73),(305,142,63),(306,142,64),(307,142,73),(308,142,65),(309,143,43),(310,143,92),(311,143,90),(312,143,44),(313,144,11),(314,144,21),(315,144,36),(316,144,16),(317,145,11),(318,145,21),(319,145,36),(320,145,16),(321,146,63),(322,146,73),(323,146,9),(324,146,75),(325,146,37),(326,147,63),(327,147,65),(328,147,73),(329,147,9),(330,147,15),(331,148,9),(332,148,93),(333,148,61),(334,148,94),(335,148,95),(336,149,63),(337,149,64),(338,150,34),(339,150,96),(340,151,63),(341,151,64),(342,152,39),(343,152,40),(344,152,41),(345,152,97),(346,153,39),(347,153,41),(348,153,40),(349,153,9),(350,153,37),(351,154,9),(352,154,37),(353,154,63),(354,154,73),(355,154,65),(356,155,63),(357,155,64),(358,155,73),(359,156,9),(360,156,15),(361,156,63),(362,156,65),(363,157,63),(364,157,71),(365,157,67),(366,157,39),(367,157,40),(368,158,39),(369,158,40),(370,158,41),(371,158,42),(372,159,26),(373,159,98),(374,160,9),(375,160,75),(376,160,37),(377,161,9),(378,161,15),(379,161,37),(380,161,75),(381,162,9),(382,162,37),(383,162,63),(384,162,73),(385,162,65),(386,163,63),(387,163,64),(388,163,85),(389,164,63),(390,164,99),(391,165,39),(392,165,40),(393,165,63),(394,165,67),(395,165,71),(396,166,39),(397,166,40),(398,166,9),(399,166,91),(400,166,37),(401,167,9),(402,167,75),(403,167,37),(404,167,15),(405,168,9),(406,168,37),(407,168,63),(408,168,73),(409,168,65),(410,169,63),(411,169,65),(412,169,9),(413,169,15),(414,170,11),(415,170,36),(416,171,11),(417,171,20),(418,171,16),(419,172,9),(420,172,75),(421,172,37),(422,172,15),(423,173,11),(424,173,36),(425,173,16),(426,174,9),(427,174,91),(428,174,37),(429,174,39),(430,174,42),(431,175,11),(432,175,22),(433,175,21),(434,175,16),(435,176,9),(436,176,77),(437,176,11),(438,176,16),(439,177,63),(440,177,65),(441,177,9),(442,177,75),(443,177,15),(444,178,34),(445,178,100),(446,179,11),(447,179,36),(448,179,101),(449,180,11),(450,180,18),(451,180,24),(452,181,39),(453,181,102),(454,181,42),(455,181,103),(456,182,39),(457,182,42),(458,182,103),(459,183,9),(460,183,93),(461,183,61),(462,183,94),(463,183,95),(464,184,9),(465,184,15),(466,184,63),(467,184,65),(468,184,73),(469,185,11),(470,185,21),(471,185,20),(472,185,16),(473,186,39),(474,186,42),(475,187,63),(476,187,73),(477,188,34),(478,188,104),(479,188,105),(480,188,38),(481,189,34),(482,189,38),(483,189,106),(484,190,47),(485,190,107),(486,191,39),(487,191,40),(488,191,42),(489,191,41),(490,192,47),(491,192,108),(492,193,63),(493,193,64),(494,193,73),(495,194,34),(496,194,38),(497,194,69),(498,194,109),(499,195,39),(500,195,42),(501,196,49),(502,196,110),(503,196,50),(504,196,111),(505,197,49),(506,197,111),(507,197,50),(508,197,26),(509,197,112),(510,198,49),(511,198,50),(512,198,111),(513,198,110),(514,199,49),(515,199,50),(516,199,111),(517,199,110),(518,200,113),(519,200,114),(520,200,115),(521,201,116),(522,201,117),(523,201,118),(524,202,11),(525,202,36),(526,202,119),(527,202,101),(528,203,39),(529,203,103),(530,204,39),(531,204,120),(532,205,39),(533,205,120),(534,206,34),(535,206,74),(536,207,39),(537,207,40),(538,208,39),(539,208,121),(540,209,39),(541,209,122),(542,210,34),(543,210,123),(544,211,11),(545,211,101),(546,211,36),(547,212,34),(548,212,38),(549,213,34),(550,213,124),(551,213,125),(552,213,126),(553,214,34),(554,214,125),(555,214,124),(556,214,127),(557,215,34),(558,215,100),(559,215,127),(560,215,124),(561,216,34),(562,216,100),(563,217,34),(564,217,128),(565,218,11),(566,218,36),(567,218,101),(568,219,129),(569,219,130),(570,220,83),(571,220,131),(572,220,132),(573,220,133),(574,221,34),(575,221,104),(576,222,11),(577,222,134),(578,222,36),(579,223,11),(580,223,36),(581,223,20),(582,223,101),(583,224,11),(584,224,16),(585,225,63),(586,225,71),(587,225,47),(588,225,48),(589,226,63),(590,226,71),(591,226,47),(592,226,48),(593,227,113),(594,227,135),(595,228,136),(596,228,137),(597,228,113),(598,228,138),(599,229,113),(600,229,114),(601,230,47),(602,230,139),(603,231,47),(604,231,68),(605,232,140),(606,232,141),(607,233,140),(608,233,142),(609,234,140),(610,234,141),(611,234,142),(612,235,30),(613,235,143),(614,235,11),(615,235,101),(616,236,13),(617,236,144),(618,236,30),(619,236,145),(620,237,11),(621,237,101),(622,237,30),(623,237,143),(624,238,39),(625,238,146),(626,238,61),(627,238,147),(628,239,11),(629,239,16),(630,240,39),(631,240,122),(632,240,103),(633,241,113),(634,241,115),(635,242,34),(636,242,105),(637,243,26),(638,243,148),(639,243,149),(640,243,29);
/*!40000 ALTER TABLE `vacancies_professionals` ENABLE KEYS */;
UNLOCK TABLES;

--
-- Table structure for table `vacancy_entries`
--

DROP TABLE IF EXISTS `vacancy_entries`;
/*!40101 SET @saved_cs_client     = @@character_set_client */;
/*!40101 SET character_set_client = utf8 */;
CREATE TABLE `vacancy_entries` (
  `id` bigint(20) NOT NULL AUTO_INCREMENT,
  `title` varchar(100) DEFAULT NULL,
  `vacancy_entry_category_id` bigint(20) DEFAULT NULL,
  `only` varchar(1) DEFAULT NULL,
  PRIMARY KEY (`id`)
) ENGINE=InnoDB AUTO_INCREMENT=37 DEFAULT CHARSET=utf8;
/*!40101 SET character_set_client = @saved_cs_client */;

--
-- Dumping data for table `vacancy_entries`
--

LOCK TABLES `vacancy_entries` WRITE;
/*!40000 ALTER TABLE `vacancy_entries` DISABLE KEYS */;
INSERT INTO `vacancy_entries` VALUES (1,'Нет',1,'r'),(2,'Не имеет значения',1,'v'),(3,'От 1 года до 3 лет',1,NULL),(4,'От 3 до 6 лет',1,NULL),(5,'Более 6 лет',1,NULL),(6,'Не имеет значения',2,'v'),(7,'Гражданин РФ',2,NULL),(8,'Страны с безвизовым режимом',2,'v'),(9,'Страны с визовым режимом',2,'v'),(10,'Полная занятость',3,NULL),(11,'Частичная занятость',3,NULL),(12,'Проектная/Временная работа',3,NULL),(13,'Волонтерство',3,NULL),(14,'Стажировка',3,NULL),(15,'Полный день',4,NULL),(16,'Сменный график',4,NULL),(17,'Гибкий график',4,NULL),(18,'Удаленная работа',4,NULL),(19,'Нет',5,'r'),(20,'Не имеет значения',5,'v'),(21,'Высшее',5,NULL),(22,'Неоконченное высшее',5,NULL),(23,'Среднее',5,NULL),(24,'Замужем/Женат',6,NULL),(25,'В разводе',6,NULL),(26,'Не замужем/Не женат',6,NULL),(27,'Нет',7,NULL),(28,'Среднее',7,NULL),(29,'Неоконченное высшее',7,NULL),(30,'Высшее',7,NULL),(31,'Бакалавриат',7,NULL),(32,'Магистратура',7,NULL),(33,'Аспирантура',7,NULL),(34,'Очная/Дневная',8,NULL),(35,'Заочная/Вечерняя',8,NULL),(36,'Заочная/Дистанционная',8,NULL);
/*!40000 ALTER TABLE `vacancy_entries` ENABLE KEYS */;
UNLOCK TABLES;

--
-- Table structure for table `vacancy_entry_categories`
--

DROP TABLE IF EXISTS `vacancy_entry_categories`;
/*!40101 SET @saved_cs_client     = @@character_set_client */;
/*!40101 SET character_set_client = utf8 */;
CREATE TABLE `vacancy_entry_categories` (
  `id` bigint(20) NOT NULL,
  `title` varchar(45) DEFAULT NULL,
  PRIMARY KEY (`id`)
) ENGINE=InnoDB DEFAULT CHARSET=utf8;
/*!40101 SET character_set_client = @saved_cs_client */;

--
-- Dumping data for table `vacancy_entry_categories`
--

LOCK TABLES `vacancy_entry_categories` WRITE;
/*!40000 ALTER TABLE `vacancy_entry_categories` DISABLE KEYS */;
INSERT INTO `vacancy_entry_categories` VALUES (1,'Опыт работы'),(2,'Гражданство'),(3,'Тип занятости'),(4,'График работы'),(5,'Образование'),(6,'Семейное положение'),(7,'Уровень образования'),(8,'Форма обучения');
/*!40000 ALTER TABLE `vacancy_entry_categories` ENABLE KEYS */;
UNLOCK TABLES;

--
-- Table structure for table `vacancy_facilities`
--

DROP TABLE IF EXISTS `vacancy_facilities`;
/*!40101 SET @saved_cs_client     = @@character_set_client */;
/*!40101 SET character_set_client = utf8 */;
CREATE TABLE `vacancy_facilities` (
  `id` bigint(20) NOT NULL AUTO_INCREMENT,
  `title` varchar(45) DEFAULT NULL,
  PRIMARY KEY (`id`)
) ENGINE=InnoDB AUTO_INCREMENT=6 DEFAULT CHARSET=utf8;
/*!40101 SET character_set_client = @saved_cs_client */;

--
-- Dumping data for table `vacancy_facilities`
--

LOCK TABLES `vacancy_facilities` WRITE;
/*!40000 ALTER TABLE `vacancy_facilities` DISABLE KEYS */;
INSERT INTO `vacancy_facilities` VALUES (1,'Другие льготы'),(2,'Предоставление жилья'),(3,'Транспорт'),(4,'Питание'),(5,'Здравоохранение');
/*!40000 ALTER TABLE `vacancy_facilities` ENABLE KEYS */;
UNLOCK TABLES;

--
-- Table structure for table `vacancy_facility_variants`
--

DROP TABLE IF EXISTS `vacancy_facility_variants`;
/*!40101 SET @saved_cs_client     = @@character_set_client */;
/*!40101 SET character_set_client = utf8 */;
CREATE TABLE `vacancy_facility_variants` (
  `id` bigint(20) NOT NULL AUTO_INCREMENT,
  `title` varchar(45) DEFAULT NULL,
  `facility_id` bigint(20) DEFAULT NULL,
  PRIMARY KEY (`id`)
) ENGINE=InnoDB AUTO_INCREMENT=24 DEFAULT CHARSET=utf8;
/*!40101 SET character_set_client = @saved_cs_client */;

--
-- Dumping data for table `vacancy_facility_variants`
--

LOCK TABLES `vacancy_facility_variants` WRITE;
/*!40000 ALTER TABLE `vacancy_facility_variants` DISABLE KEYS */;
INSERT INTO `vacancy_facility_variants` VALUES (1,'Любые льготы',2),(2,'Отдельное жилье',2),(3,'Общежитие',2),(4,'Любые льготы',3),(5,'Доставка на работу',3),(6,'Оплата проезда к месту работы',3),(7,'Бесплатный проезд в транспорте',3),(8,'Железнодорожные льготы',3),(9,'Бесплатный проезд на отдых',3),(10,'Любые льготы',4),(11,'Питание за счет предприятия',4),(12,'Наличие столовой',4),(13,'Любые льготы',5),(14,'Медицинские учреждения',5),(15,'Санаторно-курортные учреждения',5),(16,'Спортивные сооружения',5),(17,'Дополнительное медецинское страхование (ДМС)',5),(18,'Любые льготы',1),(19,'Социальный пакет',1),(20,'Забота о детях',1),(21,'Предоставление спец.одежды',1),(22,'Льготный кредит на жилье',1),(23,'Льгтная пенсия',1);
/*!40000 ALTER TABLE `vacancy_facility_variants` ENABLE KEYS */;
UNLOCK TABLES;

--
-- Table structure for table `vacancy_professionals`
--

DROP TABLE IF EXISTS `vacancy_professionals`;
/*!40101 SET @saved_cs_client     = @@character_set_client */;
/*!40101 SET character_set_client = utf8 */;
CREATE TABLE `vacancy_professionals` (
  `id` bigint(20) NOT NULL AUTO_INCREMENT,
  `title` varchar(60) DEFAULT NULL,
  `parent_id` bigint(20) DEFAULT NULL,
  PRIMARY KEY (`id`)
) ENGINE=InnoDB AUTO_INCREMENT=150 DEFAULT CHARSET=utf8;
/*!40101 SET character_set_client = @saved_cs_client */;

--
-- Dumping data for table `vacancy_professionals`
--

LOCK TABLES `vacancy_professionals` WRITE;
/*!40000 ALTER TABLE `vacancy_professionals` DISABLE KEYS */;
INSERT INTO `vacancy_professionals` VALUES (1,'Строительство и ремонт',NULL),(2,'Ремонт',1),(3,'Нелегальная иммиграция',1),(4,'Малярия-штукария',1),(5,'Сервисные услуги',1),(6,'Туризм, гостиничный сервис',NULL),(7,'Продажа путевок',6),(8,'Отправка на отдых',6),(9,'Работа без специальной подготовки / Без опыта',0),(10,'Мерчандайзинг / Выкладка товара',9),(11,'Торговля',0),(12,'Мерчандайзер',11),(13,'Маркетинг / Реклама / PR',0),(14,'Мерчандайзинг',13),(15,'Грузчик',9),(16,'Продавец / Кассир',11),(17,'Коммерческий директор / Директор по продажам',11),(18,'Руководитель отдела / Заместитель руководителя',11),(19,'Работа с регионами',11),(20,'Продавец-консультант',11),(21,'Небольшой опыт / Нет опыта',11),(22,'Другое',11),(23,'Товаровед / Учет товаров',11),(24,'Администратор магазина, торгового зала',11),(25,'Директор / Управляющий',11),(26,'Бухгалтерия / Аудит / Экономика предприятия',0),(27,'Аудит, внутренний контроль',26),(28,'Финансовый консалтинг',26),(29,'Бухгалтер',26),(30,'IT / Интернет / Телеком',0),(31,'Веб-дизайн',30),(32,'Компьютерная, информационная безопасность',30),(33,'Программист',30),(34,'Строительство / ЖКХ / Эксплуатация',0),(35,'Эксплуатация зданий / Коммунальные службы',34),(36,'Продажи / Работа с клиентами',11),(37,'Разнорабочий',9),(38,'Другое',34),(39,'Производство / Агропром',0),(40,'Другое',39),(41,'Небольшой опыт / Нет опыта',39),(42,'Сборщик',39),(43,'Домашний персонал',0),(44,'Домработница',43),(45,'Помощник по хозяйству',43),(46,'Семейная пара',43),(47,'Транспорт / Автобизнес / Автосервис',0),(48,'На служебном грузовом а/м',47),(49,'Банки / Инвестиции / Ценные бумаги',0),(50,'Консультирование, работа с клиентами',49),(51,'Продажи финансовых услуг',49),(52,'Небольшой опыт, нет опыта',49),(53,'Страхование',0),(54,'Другое',53),(55,'Небольшой опыт, нет опыта',53),(56,'HR / Кадры / Подбор персонала',0),(57,'Небольшой опыт, нет опыта',56),(58,'Подбор сотрудников, рекрутмент',56),(59,'Обучение и развитие персонала',56),(60,'Другое',49),(61,'Бытовые услуги / Обслуживание оборудования',0),(62,'Промышленное оборудование',61),(63,'Логистика / Склад / ВЭД',0),(64,'Небольшой опыт / Нет опыта',63),(65,'Грузчик / Комплектовщик',63),(66,'Разнорабочий',43),(67,'Другое',63),(68,'Газель (малый коммерческий а/т)',47),(69,'Плотник / Столяр',34),(70,'Столяр',39),(71,'Водитель',63),(72,'Логистика',63),(73,'Упаковщик / Фасовщик',63),(74,'Слесарь / Сборщик',34),(75,'Складские работы',9),(76,'Кладовщик / Товаровед',63),(77,'Продажи / Работа с клиентами',9),(78,'Другое',47),(79,'Инженер',47),(80,'Автоэлектрик',47),(81,'Электрик',39),(82,'Электрик / Электромонтер',34),(83,'Медицина / Фармация / Ветеринария',0),(84,'Фельдшер',83),(85,'Оператор',63),(86,'Тренинги',56),(87,'Образование / Наука',0),(88,'Репетитор',87),(89,'Воспитатель',87),(90,'Воспитатель / Гувернантка',43),(91,'Другое',9),(92,'Няня',43),(93,'Уборщица',9),(94,'Небольшой опыт / Нет опыта',61),(95,'Уборка помещений / Клининговые услуги',61),(96,'Кровельщик / Жестянщик',34),(97,'Швея',39),(98,'Касса',26),(99,'Экспедирование',63),(100,'Сварщик',34),(101,'Менеджер по продажам',11),(102,'Техник',39),(103,'Оператор станков / Автоматических линий',39),(104,'Монтажник / Сборщик',34),(105,'Руководитель отдела / участка / Бригадир',34),(106,'Каменщик',34),(107,'Автобус / маршрутное такси',47),(108,'Директор / Управляющий',47),(109,'Бетонщик / Арматурщик',34),(110,'Валютные операции',49),(111,'Финансовая аналитика',49),(112,'Другое',26),(113,'Административный персонал',0),(114,'Секретарь',113),(115,'Офис-менеджер',113),(116,'Топ-менеджмент',0),(117,'Финансовый директор',116),(118,'Директор, управляющий',116),(119,'Продажи по телефону / Телемаркетинг',11),(120,'Токарь',39),(121,'КИПиА / Метрология',39),(122,'Сварщик',39),(123,'Маляр',34),(124,'Наружные трубопроводы и коммуникации',34),(125,'Газоснабжение',34),(126,'Геодезия / Землеустройство',34),(127,'Электроснабжение / Слаботочные системы',34),(128,'Сантехник / Слесарь-сантехник',34),(129,'Дизайн / Полиграфия',0),(130,'Дизайнер',129),(131,'Ассистент',83),(132,'Медсестра',83),(133,'Небольшой опыт / Нет опыта',83),(134,'Торговый представитель',11),(135,'Помощник руководителя',113),(136,'Красота / Фитнес / Спорт',0),(137,'Администратор',136),(138,'Администратор',113),(139,'Диспетчер',47),(140,'Рестораны / Питание',0),(141,'Другое',140),(142,'Кассир',140),(143,'Продажи, работа с клиентами',30),(144,'Интернет-маркетинг, SMO, SMM',13),(145,'Интернет-маркетинг, SMO, SMM',30),(146,'Инженер / Технолог / Конструктор',39),(147,'Ремонт электроники, ПК, телефонов',61),(148,'Планово-экономическое управление',26),(149,'Составление отчетности',26);
/*!40000 ALTER TABLE `vacancy_professionals` ENABLE KEYS */;
UNLOCK TABLES;
/*!40103 SET TIME_ZONE=@OLD_TIME_ZONE */;

/*!40101 SET SQL_MODE=@OLD_SQL_MODE */;
/*!40014 SET FOREIGN_KEY_CHECKS=@OLD_FOREIGN_KEY_CHECKS */;
/*!40014 SET UNIQUE_CHECKS=@OLD_UNIQUE_CHECKS */;
/*!40101 SET CHARACTER_SET_CLIENT=@OLD_CHARACTER_SET_CLIENT */;
/*!40101 SET CHARACTER_SET_RESULTS=@OLD_CHARACTER_SET_RESULTS */;
/*!40101 SET COLLATION_CONNECTION=@OLD_COLLATION_CONNECTION */;
/*!40111 SET SQL_NOTES=@OLD_SQL_NOTES */;

-- Dump completed on 2013-10-31  5:26:29
